order_id,product_category,price_inr,discount_pct,payment_method,customer_tenure_days,num_previous_orders,num_previous_returns,delivery_distance_km,delivery_days,is_weekend_order,rating_given,returned
1,Footwear,2572.0,23.8,Prepaid_Card,17,3,0,604.6,1,0,2.0,0
2,Electronics,16689.0,6.7,COD,104,3,0,166.4,9,0,2.0,0
3,Footwear,800.0,51.3,Prepaid_Card,103,3,0,418.8,8,0,3.0,0
4,Home,7930.0,49.7,COD,1479,33,4,143.1,5,0,3.0,1
5,Apparel,715.0,0.0,COD,95,0,0,335.5,3,1,2.0,0
6,Beauty,750.0,24.7,Prepaid_Card,102,2,0,126.1,3,0,4.0,0
7,Footwear,1444.0,32.6,Prepaid_Card,14,1,0,355.1,5,1,3.0,0
8,Footwear,4132.0,28.6,Prepaid_UPI,459,11,1,191.3,8,0,4.0,0
9,Apparel,1775.0,44.7,Prepaid_UPI,656,16,0,169.9,10,1,1.0,1
10,Electronics,21231.0,41.6,Prepaid_UPI,231,8,1,194.1,4,0,3.0,1
11,Electronics,43048.0,26.0,Prepaid_UPI,146,3,0,228.8,4,1,5.0,0
12,Beauty,274.0,56.2,Prepaid_UPI,59,2,0,253.6,4,1,4.0,0
13,Home,7181.0,36.1,COD,46,0,0,104.3,5,1,,0
14,Footwear,742.0,16.7,Prepaid_Card,139,8,2,269.9,3,1,1.0,1
15,Electronics,18332.0,13.7,COD,908,19,2,88.0,2,0,5.0,0
16,Apparel,497.0,40.7,COD,17,2,0,384.8,4,0,1.0,1
17,Home,7992.0,10.1,COD,1207,26,2,281.2,5,1,3.0,0
18,Apparel,2046.0,15.9,Prepaid_UPI,25,0,0,280.9,8,1,4.0,0
19,Footwear,2839.0,18.4,Prepaid_UPI,1780,39,5,352.9,2,1,3.0,0
20,Home,1977.0,27.3,Wallet,22,0,0,286.7,7,0,2.0,0
21,Footwear,1607.0,19.1,Wallet,111,0,0,526.1,4,1,5.0,1
22,Electronics,20890.0,2.2,Prepaid_UPI,434,12,2,127.3,4,0,1.0,0
23,Beauty,909.0,39.4,COD,237,6,1,101.4,1,1,5.0,0
24,Footwear,585.0,15.9,Prepaid_UPI,170,2,0,536.1,5,0,1.0,0
25,Footwear,3125.0,52.3,Prepaid_UPI,2486,56,5,287.3,5,1,1.0,1
26,Apparel,1504.0,26.6,Prepaid_UPI,1238,29,5,305.5,9,0,3.0,0
27,Electronics,40809.0,41.0,COD,321,6,1,119.8,4,1,3.0,1
28,Apparel,1258.0,31.5,COD,113,3,0,296.3,8,1,3.0,1
29,Apparel,1020.0,41.7,Wallet,372,10,0,213.9,4,0,3.0,0
30,Home,4239.0,30.6,COD,86,0,0,332.6,4,0,,0
31,Footwear,1279.0,25.5,COD,158,5,1,236.0,1,1,2.0,0
32,Beauty,1620.0,38.4,Prepaid_Card,304,7,1,213.4,7,0,2.0,0
33,Electronics,34927.0,59.3,COD,309,11,3,237.6,5,1,5.0,0
34,Electronics,7922.0,18.0,COD,231,6,0,156.9,4,1,5.0,0
35,Electronics,15145.0,33.9,Wallet,1001,21,2,178.7,4,1,3.0,0
36,Apparel,1962.0,21.9,Prepaid_UPI,96,2,0,430.1,5,1,2.0,0
37,Apparel,1310.0,29.6,Wallet,341,12,4,300.4,3,0,3.0,0
38,Electronics,24494.0,22.6,COD,231,4,2,205.6,5,1,,1
39,Apparel,1700.0,0.0,COD,180,5,0,299.0,2,1,1.0,0
40,Home,4750.0,19.0,Prepaid_Card,9,0,0,273.8,4,1,2.0,0
41,Electronics,4248.0,37.0,Prepaid_Card,250,8,0,181.6,6,0,2.0,1
42,Footwear,3716.0,10.5,COD,258,8,1,157.0,8,1,3.0,0
43,Home,7406.0,35.8,Prepaid_UPI,1304,29,2,178.1,5,1,,0
44,Apparel,496.0,24.8,Wallet,387,8,3,394.2,7,1,5.0,0
45,Footwear,985.0,19.1,Prepaid_Card,158,3,1,204.9,4,0,5.0,0
46,Footwear,3308.0,35.6,COD,386,5,1,424.0,2,1,5.0,1
47,Electronics,27676.0,32.2,COD,23,1,0,168.9,9,0,1.0,0
48,Apparel,1089.0,28.3,COD,148,3,0,145.7,4,0,3.0,0
49,Home,4452.0,37.2,COD,135,1,0,211.5,7,0,,0
50,Apparel,1666.0,25.0,Prepaid_Card,299,3,0,263.8,3,0,3.0,0
51,Apparel,1308.0,0.0,Prepaid_Card,614,14,3,237.9,6,0,4.0,0
52,Apparel,652.0,16.3,Prepaid_Card,501,12,4,282.9,5,0,3.0,1
53,Footwear,858.0,0.0,Prepaid_UPI,228,6,0,287.9,4,1,4.0,0
54,Home,3679.0,31.9,COD,365,6,0,324.5,9,1,,0
55,Home,7406.0,35.4,COD,66,2,0,122.2,5,0,,1
56,Footwear,2731.0,36.1,COD,88,2,0,160.3,4,0,1.0,1
57,Electronics,16890.0,29.3,COD,366,10,1,246.1,8,1,,0
58,Home,7297.0,36.5,Prepaid_Card,51,0,0,182.0,1,0,5.0,0
59,Apparel,1100.0,0.0,Prepaid_UPI,106,5,0,212.8,1,0,3.0,0
60,Apparel,1316.0,20.4,Prepaid_UPI,281,9,3,228.2,6,0,4.0,0
61,Home,1197.0,0.8,Prepaid_Card,148,4,1,198.8,5,0,3.0,0
62,Electronics,33498.0,16.6,COD,100,3,0,180.2,3,0,3.0,0
63,Home,5692.0,46.2,COD,183,6,1,138.3,5,0,2.0,0
64,Footwear,3677.0,38.4,COD,169,2,0,202.7,7,1,4.0,0
65,Home,2804.0,31.9,COD,69,1,0,175.5,2,1,1.0,1
66,Home,3658.0,19.3,Prepaid_UPI,36,1,0,342.9,4,0,5.0,0
67,Home,1596.0,7.1,Prepaid_Card,584,17,0,305.8,5,1,4.0,0
68,Apparel,2136.0,24.8,COD,1009,20,3,120.8,5,0,2.0,0
69,Apparel,555.0,38.7,COD,871,23,1,490.9,6,0,4.0,0
70,Electronics,29627.0,28.1,COD,57,1,0,179.1,1,0,5.0,0
71,Apparel,1669.0,0.0,Wallet,732,16,2,99.6,6,0,1.0,0
72,Electronics,8109.0,23.6,COD,29,3,0,166.6,1,0,1.0,0
73,Footwear,1961.0,0.0,COD,99,6,1,90.0,4,1,3.0,0
74,Apparel,478.0,34.1,COD,231,6,1,98.1,2,1,,1
75,Apparel,1402.0,11.6,Prepaid_UPI,431,12,1,788.7,5,1,1.0,0
76,Apparel,2191.0,3.7,Prepaid_Card,48,0,0,334.5,6,0,1.0,0
77,Apparel,1174.0,34.3,Prepaid_Card,374,7,1,114.0,5,1,3.0,0
78,Home,7923.0,30.4,COD,536,9,2,76.4,3,1,,0
79,Home,1272.0,25.5,COD,6,0,0,212.0,2,1,,1
80,Footwear,2070.0,54.9,Prepaid_UPI,219,6,3,69.1,4,0,1.0,0
81,Home,7245.0,31.5,COD,437,10,1,206.6,4,1,3.0,0
82,Electronics,39599.0,12.3,COD,76,5,2,274.5,5,1,3.0,0
83,Footwear,1794.0,29.8,Prepaid_Card,1587,39,1,286.0,4,0,3.0,0
84,Apparel,1621.0,17.7,COD,40,1,0,113.3,8,0,1.0,1
85,Apparel,1995.0,41.0,COD,18,0,0,253.2,5,1,3.0,1
86,Apparel,1780.0,26.2,Prepaid_UPI,1214,29,7,386.0,7,1,1.0,0
87,Footwear,3014.0,27.7,Prepaid_Card,64,4,1,182.7,3,1,3.0,0
88,Electronics,7883.0,0.4,COD,837,19,4,109.8,6,0,4.0,0
89,Apparel,531.0,22.9,COD,295,8,1,177.6,6,1,,0
90,Electronics,28120.0,21.2,Prepaid_UPI,193,5,0,122.0,3,1,5.0,0
91,Apparel,1300.0,6.6,COD,1308,27,10,915.6,1,0,3.0,1
92,Home,2133.0,18.7,COD,768,15,0,350.7,7,1,4.0,0
93,Electronics,14023.0,28.5,Prepaid_Card,448,10,1,310.6,4,1,,1
94,Electronics,18373.0,21.9,Prepaid_Card,162,3,1,77.0,3,1,5.0,0
95,Apparel,1292.0,0.8,Wallet,954,22,3,92.8,4,0,2.0,0
96,Home,3305.0,17.9,COD,4,0,0,189.5,2,0,1.0,1
97,Electronics,18163.0,15.0,COD,223,2,0,171.8,6,0,3.0,0
98,Apparel,608.0,24.9,Prepaid_Card,171,0,0,151.3,4,0,3.0,1
99,Apparel,1958.0,23.3,Prepaid_Card,2,2,0,413.8,5,1,5.0,0
100,Beauty,1582.0,15.8,COD,702,14,5,693.1,7,0,3.0,1
101,Beauty,493.0,15.2,Prepaid_Card,37,0,0,151.5,5,0,,0
102,Home,3564.0,23.0,COD,176,3,0,53.8,8,0,5.0,0
103,Apparel,1150.0,36.4,Prepaid_UPI,155,2,0,156.1,4,1,5.0,0
104,Beauty,1561.0,26.2,Prepaid_UPI,471,9,1,402.8,1,1,3.0,0
105,Footwear,2935.0,43.3,Prepaid_Card,185,6,0,350.7,3,1,1.0,0
106,Home,5268.0,39.0,Wallet,124,2,0,227.1,3,1,5.0,0
107,Electronics,31768.0,44.5,Wallet,104,4,1,308.9,5,0,,0
108,Apparel,586.0,42.5,COD,389,10,4,181.3,8,1,5.0,1
109,Apparel,949.0,45.4,COD,81,2,0,147.6,5,0,1.0,1
110,Beauty,191.0,4.7,Prepaid_Card,611,15,2,129.9,4,0,2.0,0
111,Electronics,21113.0,31.7,COD,16,0,0,220.3,4,0,,0
112,Apparel,1173.0,40.3,COD,195,7,1,158.7,6,0,4.0,1
113,Apparel,1722.0,43.0,COD,406,11,0,115.7,5,1,2.0,1
114,Home,1587.0,10.4,Wallet,368,10,0,244.9,6,0,5.0,0
115,Apparel,1537.0,31.9,COD,315,5,0,170.2,3,0,3.0,0
116,Footwear,1727.0,23.1,Prepaid_UPI,123,3,1,410.9,9,0,2.0,0
117,Footwear,2028.0,49.7,COD,356,4,1,272.2,4,0,4.0,0
118,Home,5839.0,1.2,COD,689,18,0,580.1,3,0,4.0,1
119,Electronics,4334.0,10.5,Prepaid_UPI,512,10,2,288.8,7,1,2.0,0
120,Home,2939.0,0.0,COD,217,4,0,209.8,6,1,,0
121,Home,3313.0,24.2,COD,309,4,2,374.4,3,1,,1
122,Home,5811.0,56.0,COD,25,0,0,541.8,6,0,3.0,1
123,Apparel,759.0,21.3,Prepaid_UPI,280,6,2,68.0,4,1,1.0,1
124,Electronics,42697.0,23.5,COD,16,4,0,376.8,5,0,,0
125,Apparel,2196.0,30.3,COD,139,5,1,220.0,5,1,4.0,0
126,Electronics,37068.0,20.3,COD,646,13,2,291.6,10,1,2.0,0
127,Electronics,14327.0,27.5,COD,170,0,0,566.6,8,0,1.0,0
128,Apparel,1595.0,27.9,COD,332,3,0,230.9,7,1,5.0,0
129,Apparel,550.0,9.3,Prepaid_Card,198,2,0,110.5,6,0,5.0,0
130,Home,7009.0,20.6,COD,169,1,0,84.4,2,0,4.0,0
131,Apparel,1329.0,33.1,COD,664,15,1,556.5,5,1,2.0,1
132,Beauty,565.0,35.9,Prepaid_Card,919,20,4,271.1,4,1,3.0,0
133,Home,2821.0,41.5,Prepaid_UPI,155,3,0,231.2,4,1,4.0,1
134,Electronics,36273.0,27.0,COD,112,1,0,520.5,5,1,,0
135,Home,7001.0,27.3,COD,115,3,0,142.0,1,1,,1
136,Apparel,1335.0,33.3,COD,263,3,0,142.5,4,0,4.0,1
137,Beauty,1279.0,13.1,Wallet,512,11,2,619.5,5,1,4.0,0
138,Electronics,34082.0,12.5,COD,526,13,3,128.3,7,1,2.0,1
139,Footwear,3805.0,20.1,COD,130,2,0,97.5,3,1,,1
140,Apparel,1777.0,2.9,Prepaid_Card,13,1,0,613.9,3,1,5.0,0
141,Electronics,18038.0,28.1,COD,117,0,0,368.2,3,0,1.0,1
142,Electronics,29316.0,37.7,COD,488,7,0,219.5,4,1,3.0,0
143,Beauty,2165.0,11.3,COD,378,9,1,786.2,2,0,3.0,0
144,Home,1469.0,28.5,Prepaid_Card,643,16,0,166.3,7,1,2.0,0
145,Electronics,18200.0,12.6,Prepaid_Card,1281,28,2,324.3,6,1,2.0,1
146,Apparel,502.0,6.8,Prepaid_Card,75,6,1,302.6,10,1,5.0,1
147,Electronics,19109.0,52.8,Prepaid_UPI,178,1,0,527.9,3,1,4.0,0
148,Electronics,35026.0,7.0,COD,404,8,2,140.3,6,1,3.0,0
149,Electronics,9830.0,2.8,Wallet,538,12,1,613.9,2,1,4.0,0
150,Apparel,1375.0,25.2,Prepaid_UPI,347,9,1,738.5,8,0,1.0,0
151,Footwear,646.0,26.0,Prepaid_UPI,637,13,0,474.4,4,0,1.0,0
152,Footwear,4091.0,32.0,Prepaid_UPI,62,0,0,151.5,4,1,5.0,0
153,Apparel,1876.0,52.0,COD,37,2,0,265.2,7,1,,1
154,Home,4338.0,10.3,COD,92,2,0,301.8,7,1,1.0,0
155,Apparel,1670.0,13.3,Prepaid_Card,669,14,0,295.5,2,0,2.0,0
156,Home,1100.0,46.1,COD,105,3,0,81.8,4,0,,0
157,Apparel,1921.0,36.1,Prepaid_Card,180,4,0,349.4,8,1,2.0,0
158,Home,5808.0,34.0,COD,2014,44,11,277.6,4,1,,0
159,Footwear,980.0,13.2,COD,608,13,2,212.9,5,1,,0
160,Footwear,4423.0,38.9,Wallet,98,1,0,225.0,6,0,4.0,0
161,Apparel,441.0,34.0,Prepaid_UPI,35,0,0,803.0,8,0,4.0,0
162,Beauty,1627.0,24.8,Prepaid_Card,196,3,1,478.5,6,1,,1
163,Apparel,709.0,13.2,COD,889,20,2,73.2,4,0,3.0,0
164,Apparel,1695.0,23.6,Prepaid_Card,83,0,0,214.2,1,1,4.0,0
165,Home,842.0,46.7,Prepaid_UPI,140,5,2,429.3,6,1,4.0,1
166,Electronics,4752.0,5.6,Prepaid_Card,215,5,1,485.1,5,0,4.0,0
167,Footwear,2365.0,10.0,Prepaid_Card,385,6,1,290.8,8,0,4.0,0
168,Footwear,4476.0,12.6,Prepaid_Card,383,12,3,115.6,6,0,2.0,0
169,Apparel,898.0,15.8,COD,1112,25,3,107.8,3,0,5.0,0
170,Beauty,1589.0,21.8,Prepaid_UPI,62,0,0,345.2,2,1,4.0,0
171,Apparel,1333.0,36.4,Wallet,1222,30,6,186.8,4,0,2.0,1
172,Electronics,38085.0,28.9,Prepaid_Card,75,4,1,129.2,5,1,1.0,0
173,Apparel,919.0,22.9,COD,175,2,0,37.6,5,1,,1
174,Beauty,1454.0,26.2,Prepaid_Card,99,2,0,88.6,2,0,5.0,0
175,Apparel,2111.0,31.4,Prepaid_Card,370,7,1,273.1,1,0,3.0,1
176,Apparel,999.0,0.0,Wallet,68,0,0,204.1,2,0,5.0,1
177,Electronics,20446.0,38.1,Prepaid_UPI,317,8,2,513.8,1,0,2.0,0
178,Beauty,2239.0,9.6,COD,329,9,1,100.8,2,0,,0
179,Footwear,1830.0,15.3,COD,121,4,1,151.5,5,0,5.0,0
180,Footwear,2023.0,27.1,Prepaid_Card,382,9,0,169.8,8,1,2.0,1
181,Footwear,1716.0,20.9,COD,102,4,0,257.2,1,0,4.0,0
182,Footwear,3738.0,29.3,Prepaid_Card,114,0,0,170.5,2,0,3.0,0
183,Electronics,41951.0,24.1,Prepaid_UPI,448,14,4,139.6,5,1,5.0,0
184,Apparel,1536.0,17.7,Prepaid_UPI,34,0,0,294.9,4,0,4.0,0
185,Footwear,2995.0,44.9,COD,76,0,0,249.1,5,1,,0
186,Home,3303.0,32.6,Prepaid_UPI,318,6,0,375.4,5,0,2.0,0
187,Electronics,1747.0,26.5,Prepaid_UPI,61,0,0,201.3,4,1,5.0,0
188,Apparel,713.0,32.4,COD,365,8,1,457.8,7,0,,0
189,Footwear,1090.0,11.4,Prepaid_Card,260,5,0,130.4,10,1,3.0,0
190,Apparel,609.0,54.6,Prepaid_Card,923,21,3,344.3,2,1,3.0,0
191,Beauty,1687.0,5.7,Prepaid_UPI,1069,22,1,396.5,7,0,,0
192,Apparel,645.0,23.7,COD,334,8,1,43.0,9,1,,1
193,Apparel,554.0,17.7,COD,389,6,0,348.8,8,0,5.0,1
194,Footwear,2030.0,17.1,Prepaid_Card,1625,38,2,218.9,3,1,1.0,0
195,Apparel,848.0,15.2,COD,88,3,1,260.5,4,1,5.0,0
196,Apparel,663.0,10.4,COD,56,1,0,507.2,1,1,,0
197,Home,1425.0,39.8,Prepaid_UPI,400,8,1,231.8,3,0,3.0,0
198,Footwear,1525.0,3.9,COD,83,2,0,124.7,3,1,5.0,0
199,Apparel,1366.0,36.8,Prepaid_Card,132,1,0,333.2,6,1,4.0,0
200,Apparel,1765.0,31.7,Wallet,827,18,2,208.8,2,1,5.0,0
201,Footwear,3911.0,16.3,Prepaid_Card,629,14,3,234.8,5,0,1.0,0
202,Beauty,1916.0,30.0,Prepaid_Card,262,11,6,221.0,5,1,3.0,0
203,Electronics,28716.0,19.6,Prepaid_Card,262,3,0,367.0,3,0,1.0,0
204,Apparel,2034.0,5.5,COD,592,8,3,293.5,6,1,4.0,0
205,Apparel,1336.0,5.6,COD,170,3,0,236.8,4,0,,0
206,Apparel,1540.0,31.8,Prepaid_UPI,184,1,0,281.9,5,1,1.0,0
207,Apparel,1141.0,31.1,COD,209,3,0,128.4,2,0,2.0,0
208,Home,2821.0,25.6,COD,786,15,2,349.9,3,1,5.0,1
209,Apparel,997.0,16.1,COD,115,1,0,298.0,7,1,2.0,1
210,Electronics,7696.0,19.1,Prepaid_UPI,749,15,2,545.2,1,1,5.0,0
211,Home,6434.0,17.1,COD,593,15,1,162.6,6,0,3.0,0
212,Home,726.0,0.0,Prepaid_UPI,235,5,1,165.4,4,1,1.0,1
213,Apparel,1614.0,22.9,COD,280,8,1,268.6,1,0,,0
214,Footwear,3958.0,29.8,Prepaid_Card,1167,26,1,231.0,4,1,,0
215,Home,4130.0,23.0,COD,46,3,0,125.0,6,0,5.0,0
216,Footwear,781.0,48.5,COD,215,4,0,108.8,10,0,2.0,1
217,Apparel,1171.0,6.9,Prepaid_Card,516,15,1,444.9,9,0,3.0,0
218,Apparel,1018.0,12.1,Prepaid_UPI,498,12,1,151.6,2,1,3.0,0
219,Beauty,2466.0,24.0,COD,183,3,0,201.9,6,0,3.0,0
220,Electronics,31477.0,25.7,Prepaid_Card,2,1,0,103.2,4,1,2.0,0
221,Apparel,1698.0,0.0,Prepaid_Card,1038,23,3,741.9,3,0,5.0,0
222,Electronics,23793.0,31.0,COD,813,18,1,158.0,7,1,,0
223,Home,5762.0,25.7,Prepaid_Card,169,4,0,217.0,5,0,2.0,0
224,Beauty,1848.0,0.0,COD,97,4,1,80.6,5,0,3.0,1
225,Apparel,519.0,20.2,Prepaid_Card,129,0,0,259.9,1,0,5.0,0
226,Beauty,673.0,9.9,COD,253,5,0,630.8,2,1,5.0,0
227,Apparel,423.0,15.2,Prepaid_Card,98,4,0,111.2,3,1,3.0,1
228,Home,4226.0,1.9,COD,232,6,0,266.8,6,1,,0
229,Home,7044.0,28.2,Prepaid_Card,58,0,0,180.5,6,0,5.0,0
230,Apparel,1497.0,48.4,Prepaid_Card,26,0,0,238.3,8,0,3.0,0
231,Apparel,1300.0,26.0,Wallet,126,6,1,190.0,2,0,5.0,0
232,Electronics,41757.0,0.0,Prepaid_Card,45,1,0,98.7,8,0,4.0,0
233,Beauty,555.0,26.3,Prepaid_UPI,137,6,2,280.9,4,1,2.0,0
234,Home,874.0,19.1,COD,767,19,5,381.8,5,1,1.0,0
235,Beauty,2306.0,5.5,COD,185,3,0,184.9,4,1,5.0,0
236,Footwear,4111.0,27.3,COD,605,8,1,442.4,5,0,3.0,1
237,Electronics,31114.0,35.2,Prepaid_Card,74,1,0,446.0,6,1,3.0,0
238,Footwear,1484.0,12.0,Prepaid_UPI,809,18,2,382.1,7,1,1.0,0
239,Apparel,2146.0,0.0,Prepaid_UPI,858,20,2,121.0,4,1,5.0,0
240,Apparel,1778.0,0.0,Prepaid_Card,189,2,0,328.5,5,1,4.0,0
241,Footwear,3196.0,12.0,Prepaid_Card,9,1,0,309.3,2,1,1.0,1
242,Footwear,1392.0,19.7,COD,434,10,2,136.2,6,0,5.0,0
243,Apparel,1324.0,14.3,COD,134,5,1,174.2,5,1,3.0,0
244,Electronics,37229.0,11.8,Prepaid_UPI,137,2,0,239.9,3,0,4.0,0
245,Home,6924.0,30.5,COD,1182,27,12,169.5,2,0,5.0,0
246,Footwear,2746.0,28.9,COD,23,1,0,218.5,5,1,5.0,0
247,Home,4326.0,25.0,Wallet,338,9,2,557.8,7,0,5.0,0
248,Electronics,31759.0,34.2,Wallet,330,6,0,142.5,8,1,1.0,0
249,Electronics,24337.0,12.2,Prepaid_Card,119,0,0,140.3,2,0,3.0,0
250,Electronics,19494.0,5.6,COD,138,3,0,426.2,7,1,2.0,0
251,Home,958.0,14.2,Prepaid_UPI,12,0,0,247.5,6,0,5.0,0
252,Footwear,1004.0,13.1,COD,108,0,0,265.1,8,1,4.0,1
253,Electronics,34500.0,0.0,Prepaid_Card,64,0,0,203.2,6,1,2.0,0
254,Apparel,444.0,13.8,COD,57,0,0,204.9,4,0,1.0,1
255,Apparel,494.0,38.6,Wallet,53,1,0,224.3,6,1,5.0,1
256,Footwear,4119.0,34.0,Wallet,57,1,0,265.9,1,1,3.0,0
257,Footwear,3316.0,29.9,Prepaid_Card,85,0,0,379.6,2,0,4.0,0
258,Apparel,408.0,24.0,COD,141,0,0,128.2,3,0,4.0,0
259,Apparel,962.0,43.7,Prepaid_Card,134,5,1,148.6,3,0,4.0,1
260,Home,6178.0,6.1,COD,525,11,1,430.9,1,1,2.0,0
261,Apparel,1152.0,7.5,Prepaid_UPI,165,4,1,254.7,3,1,,0
262,Footwear,2375.0,38.9,COD,192,2,0,190.1,3,1,,0
263,Apparel,1226.0,22.4,COD,685,15,4,286.8,4,1,,0
264,Apparel,764.0,11.9,Prepaid_UPI,61,1,0,172.1,5,0,5.0,0
265,Beauty,1845.0,30.3,Prepaid_Card,123,1,0,416.9,2,0,5.0,0
266,Apparel,585.0,15.4,Prepaid_UPI,20,0,0,155.7,4,1,2.0,0
267,Apparel,1313.0,9.4,COD,38,0,0,168.4,4,0,2.0,0
268,Apparel,706.0,9.0,Prepaid_UPI,57,5,0,186.5,1,1,4.0,0
269,Apparel,484.0,26.8,COD,1187,26,5,309.8,4,1,1.0,0
270,Apparel,658.0,25.1,COD,358,10,0,444.1,5,1,5.0,0
271,Apparel,1965.0,44.8,Prepaid_Card,98,2,0,329.5,6,1,,0
272,Apparel,717.0,17.6,COD,168,3,1,380.4,2,0,,0
273,Apparel,901.0,17.4,Prepaid_Card,5,0,0,83.6,4,0,4.0,0
274,Home,1363.0,43.6,COD,911,23,2,80.9,7,1,4.0,0
275,Home,5964.0,36.8,COD,832,19,1,98.5,1,1,3.0,0
276,Electronics,20711.0,24.2,Prepaid_UPI,512,10,2,228.4,4,0,2.0,0
277,Apparel,2099.0,0.0,COD,5,0,0,178.4,1,0,,0
278,Electronics,30297.0,9.8,Prepaid_Card,138,5,0,102.7,4,0,1.0,0
279,Footwear,2626.0,6.2,Prepaid_UPI,439,4,1,23.3,3,0,5.0,0
280,Footwear,3127.0,22.5,COD,373,9,2,322.2,5,0,,0
281,Apparel,473.0,14.4,Prepaid_UPI,29,2,1,487.3,4,1,5.0,0
282,Apparel,2111.0,46.0,COD,89,0,0,387.3,2,1,3.0,0
283,Apparel,2122.0,0.0,COD,12,1,0,220.8,8,1,4.0,0
284,Apparel,897.0,4.6,COD,1804,41,3,270.5,5,0,,0
285,Home,5138.0,25.7,Prepaid_UPI,626,11,0,156.3,7,0,5.0,1
286,Electronics,10044.0,29.8,Prepaid_Card,1017,24,2,235.8,2,1,2.0,0
287,Apparel,1385.0,0.0,Prepaid_Card,34,1,0,225.6,4,1,4.0,0
288,Electronics,34961.0,0.0,Wallet,792,17,1,299.5,7,1,2.0,0
289,Electronics,42364.0,18.0,COD,349,8,2,149.9,3,0,5.0,0
290,Apparel,1011.0,42.3,Prepaid_UPI,1212,28,1,732.3,4,1,3.0,0
291,Footwear,3274.0,50.3,Prepaid_UPI,138,8,0,109.2,4,0,,0
292,Apparel,1690.0,15.8,Wallet,726,17,2,268.5,1,0,1.0,1
293,Beauty,670.0,19.4,Wallet,533,13,6,349.5,4,1,2.0,0
294,Apparel,1532.0,9.4,Wallet,811,18,2,115.1,4,1,,0
295,Footwear,3122.0,31.5,COD,439,14,0,74.7,4,0,5.0,1
296,Beauty,1946.0,44.9,Prepaid_UPI,384,6,1,352.7,3,1,2.0,1
297,Beauty,2500.0,40.8,Prepaid_UPI,365,5,0,739.8,2,1,3.0,0
298,Footwear,661.0,21.6,Prepaid_Card,231,5,1,60.1,3,1,1.0,0
299,Footwear,1309.0,9.4,COD,541,13,5,736.5,3,1,4.0,0
300,Home,1417.0,22.1,Wallet,126,0,0,361.1,6,1,3.0,0
301,Footwear,1118.0,42.7,COD,549,12,1,232.1,3,0,2.0,0
302,Apparel,1218.0,16.0,Prepaid_Card,146,3,1,388.6,5,0,3.0,0
303,Electronics,39680.0,0.0,Prepaid_Card,1112,26,2,454.1,5,1,4.0,0
304,Electronics,20854.0,16.6,COD,831,19,3,210.9,3,0,4.0,0
305,Footwear,3174.0,17.8,Prepaid_UPI,84,0,0,860.0,7,1,2.0,1
306,Electronics,17691.0,0.0,COD,325,5,1,723.9,4,0,2.0,1
307,Electronics,15201.0,25.5,Prepaid_UPI,66,0,0,163.2,3,0,4.0,1
308,Home,6724.0,29.6,Prepaid_UPI,325,9,0,285.4,7,0,3.0,0
309,Apparel,1580.0,49.9,COD,47,2,0,112.3,5,0,2.0,0
310,Apparel,1032.0,2.0,Prepaid_UPI,52,0,0,92.2,1,0,3.0,0
311,Electronics,41240.0,33.0,COD,965,22,2,196.0,1,1,3.0,0
312,Electronics,23035.0,36.5,Prepaid_UPI,122,1,0,278.8,8,1,1.0,0
313,Apparel,739.0,29.8,Wallet,141,7,1,135.1,5,0,5.0,1
314,Electronics,22365.0,6.9,COD,543,13,0,381.6,4,0,1.0,0
315,Electronics,30752.0,6.0,Prepaid_UPI,40,2,0,293.2,1,0,4.0,0
316,Electronics,17280.0,23.5,Prepaid_Card,285,9,0,246.0,4,1,4.0,0
317,Electronics,38158.0,23.4,Prepaid_Card,272,8,0,146.8,2,0,2.0,0
318,Home,4405.0,13.6,Prepaid_UPI,27,1,0,156.9,4,0,3.0,1
319,Apparel,1242.0,41.4,Prepaid_Card,537,12,2,202.5,3,1,2.0,0
320,Beauty,2168.0,16.0,Prepaid_Card,631,17,0,164.7,4,0,5.0,0
321,Beauty,1238.0,0.0,COD,224,5,0,188.2,5,0,,1
322,Electronics,19351.0,18.6,COD,479,9,1,148.0,5,0,3.0,0
323,Electronics,5743.0,29.2,Prepaid_UPI,835,22,11,310.2,4,1,2.0,0
324,Electronics,17077.0,27.1,COD,524,10,0,105.0,5,0,2.0,0
325,Footwear,2088.0,27.0,Prepaid_Card,471,7,2,412.2,1,1,1.0,1
326,Home,1691.0,44.4,COD,115,5,1,170.9,4,1,4.0,0
327,Footwear,2851.0,5.3,Prepaid_UPI,280,5,0,318.0,5,1,5.0,0
328,Electronics,7500.0,15.6,Prepaid_Card,237,6,0,241.5,4,0,1.0,0
329,Home,2022.0,45.2,COD,76,5,0,94.5,8,1,1.0,1
330,Apparel,1410.0,0.0,COD,274,3,0,397.3,4,0,4.0,0
331,Footwear,1576.0,21.2,Prepaid_Card,203,4,1,589.4,2,1,2.0,0
332,Apparel,1551.0,40.4,Wallet,253,9,1,215.2,4,0,,1
333,Home,5617.0,40.2,Prepaid_Card,87,3,0,66.8,3,1,4.0,0
334,Footwear,1705.0,31.9,Prepaid_Card,796,17,5,298.4,1,1,1.0,0
335,Apparel,557.0,32.3,Prepaid_UPI,883,24,2,250.1,4,0,1.0,1
336,Home,4069.0,6.4,COD,685,15,2,137.8,8,1,2.0,1
337,Apparel,567.0,42.6,Prepaid_Card,44,2,0,251.6,4,0,1.0,0
338,Footwear,2561.0,4.0,COD,416,13,4,495.3,7,0,1.0,0
339,Apparel,1707.0,4.9,COD,76,4,0,441.9,6,1,5.0,0
340,Beauty,1608.0,27.8,Prepaid_UPI,56,4,0,194.5,10,0,1.0,0
341,Apparel,1207.0,14.6,Prepaid_UPI,627,12,0,192.1,5,0,3.0,0
342,Beauty,2373.0,25.1,Wallet,46,3,0,130.7,5,1,2.0,0
343,Footwear,907.0,28.5,Prepaid_UPI,107,3,1,197.1,5,1,1.0,0
344,Home,7076.0,48.7,Prepaid_Card,28,0,0,271.7,5,0,2.0,0
345,Footwear,3701.0,28.5,COD,826,19,4,265.2,4,0,2.0,1
346,Footwear,2179.0,12.7,Prepaid_Card,168,4,1,288.1,3,0,3.0,0
347,Beauty,509.0,32.1,Wallet,974,25,4,286.4,6,0,4.0,0
348,Apparel,681.0,9.5,Prepaid_UPI,346,8,1,149.2,3,0,5.0,0
349,Home,7398.0,35.7,Prepaid_Card,357,6,2,394.0,1,0,4.0,1
350,Apparel,821.0,23.0,Prepaid_UPI,470,8,1,434.6,2,1,1.0,1
351,Home,7031.0,28.0,Prepaid_UPI,166,4,0,248.7,8,1,1.0,0
352,Apparel,1306.0,0.0,Wallet,1109,22,2,874.0,4,0,2.0,1
353,Home,3855.0,0.0,Prepaid_UPI,305,5,0,307.2,6,1,3.0,0
354,Home,5070.0,0.0,Prepaid_Card,330,7,1,106.0,3,1,2.0,0
355,Electronics,10619.0,48.2,COD,43,0,0,203.3,6,1,3.0,1
356,Electronics,19963.0,4.8,Prepaid_Card,1570,36,3,195.3,5,1,4.0,1
357,Footwear,4254.0,33.0,COD,161,2,0,66.1,9,1,1.0,0
358,Footwear,1453.0,12.4,Wallet,75,0,0,209.2,7,0,5.0,0
359,Electronics,41565.0,18.4,Prepaid_Card,283,3,0,384.9,6,0,4.0,0
360,Home,7955.0,21.3,Prepaid_Card,503,11,2,423.6,3,0,3.0,0
361,Beauty,272.0,46.7,COD,69,0,0,614.2,2,1,2.0,1
362,Apparel,1356.0,30.8,Prepaid_Card,756,14,3,319.6,4,1,5.0,0
363,Apparel,709.0,27.8,Prepaid_Card,315,11,1,366.0,5,1,2.0,0
364,Apparel,1519.0,41.5,COD,989,24,0,166.1,4,1,5.0,0
365,Home,7919.0,12.5,Prepaid_UPI,35,1,0,340.8,6,0,5.0,0
366,Electronics,40483.0,38.0,COD,504,12,0,302.6,5,1,2.0,1
367,Footwear,4199.0,35.5,Prepaid_Card,156,3,0,196.6,4,1,1.0,0
368,Home,1943.0,35.3,COD,1071,21,1,627.9,8,1,1.0,0
369,Electronics,24954.0,19.7,Prepaid_Card,273,8,1,105.4,5,0,4.0,0
370,Footwear,1439.0,15.4,Prepaid_UPI,293,8,0,253.0,2,0,5.0,1
371,Footwear,4098.0,9.0,Prepaid_UPI,318,3,1,495.4,7,1,5.0,1
372,Apparel,744.0,9.9,COD,482,11,1,137.8,5,1,,0
373,Electronics,7943.0,8.2,Wallet,452,11,3,177.0,4,1,5.0,1
374,Apparel,422.0,27.5,Prepaid_UPI,337,7,1,375.8,2,1,4.0,0
375,Apparel,728.0,18.6,COD,118,7,1,375.9,7,1,2.0,1
376,Apparel,742.0,28.5,COD,516,15,2,224.3,8,1,3.0,0
377,Beauty,332.0,29.3,COD,110,2,0,288.0,3,0,2.0,0
378,Electronics,39207.0,6.1,Prepaid_UPI,787,17,2,251.6,5,0,2.0,0
379,Electronics,35364.0,5.7,COD,338,7,1,400.3,5,0,,0
380,Footwear,1518.0,18.6,Prepaid_Card,56,0,0,409.9,1,1,2.0,0
381,Home,6331.0,10.4,Prepaid_UPI,732,14,4,523.1,4,0,5.0,0
382,Beauty,1142.0,8.8,Prepaid_UPI,671,16,3,520.8,1,0,,0
383,Footwear,3602.0,47.4,Prepaid_Card,88,6,1,294.5,4,1,4.0,1
384,Electronics,15348.0,0.0,Prepaid_UPI,215,8,2,120.0,9,0,4.0,1
385,Electronics,25932.0,52.3,COD,410,11,3,154.6,1,0,1.0,1
386,Beauty,1047.0,26.3,Prepaid_UPI,894,15,0,169.9,9,0,1.0,0
387,Home,1745.0,36.8,COD,625,10,0,228.7,8,0,3.0,1
388,Beauty,1526.0,35.0,COD,2500,58,13,262.9,4,1,4.0,1
389,Apparel,1751.0,31.3,Wallet,172,7,2,134.3,6,0,4.0,0
390,Footwear,3512.0,46.9,COD,907,21,3,61.5,4,1,4.0,0
391,Home,3043.0,5.8,COD,93,1,0,328.2,4,1,5.0,1
392,Apparel,1334.0,19.7,Prepaid_Card,189,7,0,241.8,5,0,,0
393,Home,6181.0,9.2,COD,153,5,2,650.7,3,1,4.0,0
394,Home,720.0,0.0,COD,31,3,0,165.7,6,1,4.0,0
395,Apparel,529.0,12.1,Prepaid_Card,225,1,0,590.1,5,0,4.0,0
396,Electronics,17679.0,50.1,Prepaid_UPI,588,14,2,141.1,2,0,5.0,0
397,Footwear,1394.0,19.4,Prepaid_UPI,348,11,1,234.9,6,1,5.0,0
398,Apparel,1074.0,51.8,COD,466,11,0,250.2,6,1,1.0,0
399,Electronics,5306.0,53.3,Prepaid_Card,633,16,1,87.7,7,0,1.0,0
400,Electronics,27130.0,66.9,Prepaid_UPI,141,3,0,281.1,3,0,5.0,0
401,Apparel,1609.0,50.6,COD,563,13,5,153.7,7,1,5.0,0
402,Beauty,2011.0,57.4,COD,763,20,4,456.9,9,0,4.0,1
403,Footwear,3102.0,26.9,COD,1075,23,2,370.6,5,0,4.0,0
404,Apparel,1113.0,25.4,Prepaid_Card,96,1,0,306.5,5,0,3.0,0
405,Beauty,2347.0,26.4,COD,772,16,4,176.4,6,1,4.0,0
406,Footwear,3405.0,22.0,Prepaid_UPI,1039,23,4,112.7,1,0,2.0,0
407,Apparel,1350.0,24.2,Wallet,367,5,0,573.1,1,0,4.0,0
408,Footwear,1327.0,33.3,COD,325,9,1,547.0,3,0,1.0,1
409,Apparel,1568.0,15.0,Prepaid_Card,86,2,1,173.3,4,1,3.0,0
410,Beauty,1541.0,1.3,COD,484,12,0,407.2,5,0,1.0,0
411,Home,5562.0,27.5,COD,521,7,2,136.5,5,0,2.0,0
412,Home,6315.0,11.6,Prepaid_UPI,184,6,1,155.0,1,0,2.0,0
413,Apparel,2047.0,13.2,Prepaid_Card,595,16,1,241.9,7,1,4.0,0
414,Footwear,4296.0,19.9,Wallet,264,7,0,314.3,5,0,3.0,0
415,Apparel,1534.0,16.4,Prepaid_Card,276,6,1,107.6,5,1,3.0,0
416,Apparel,2139.0,38.7,COD,336,9,2,62.8,6,0,,1
417,Apparel,2041.0,19.5,Prepaid_Card,157,6,1,149.9,3,1,4.0,1
418,Footwear,510.0,39.4,COD,715,17,2,227.3,4,0,2.0,0
419,Apparel,1548.0,25.1,Prepaid_UPI,49,2,0,103.0,2,0,2.0,0
420,Beauty,569.0,20.7,Prepaid_UPI,232,8,0,184.9,1,0,2.0,0
421,Home,2573.0,24.4,COD,194,6,2,188.6,4,1,1.0,0
422,Apparel,936.0,2.6,Prepaid_Card,929,19,6,722.9,8,0,1.0,1
423,Apparel,1270.0,27.1,Prepaid_UPI,814,21,2,319.4,3,1,5.0,0
424,Apparel,420.0,34.7,Prepaid_UPI,17,0,0,273.6,1,1,5.0,0
425,Home,2116.0,36.9,COD,81,2,0,203.7,6,0,3.0,0
426,Footwear,616.0,1.7,COD,889,20,4,521.2,3,0,1.0,0
427,Apparel,1571.0,0.0,COD,110,4,0,112.0,5,1,5.0,0
428,Footwear,4057.0,13.9,COD,44,4,1,351.6,6,0,3.0,0
429,Apparel,2196.0,42.8,Prepaid_Card,83,2,0,539.0,3,1,2.0,1
430,Footwear,2294.0,25.3,COD,826,22,5,390.2,5,0,2.0,1
431,Beauty,761.0,10.4,COD,72,2,1,159.8,4,1,2.0,1
432,Footwear,3912.0,0.2,Prepaid_Card,291,9,1,104.4,1,0,3.0,0
433,Home,1171.0,11.7,COD,62,2,0,401.6,3,1,,0
434,Footwear,4397.0,10.7,Wallet,197,3,0,356.3,3,0,1.0,0
435,Apparel,1687.0,36.0,Prepaid_Card,845,23,1,444.3,1,1,2.0,0
436,Apparel,1307.0,37.2,COD,881,18,4,374.2,3,0,5.0,0
437,Apparel,574.0,6.3,Prepaid_Card,70,0,0,464.4,6,1,5.0,0
438,Electronics,1997.0,33.3,COD,70,0,0,203.0,5,0,,0
439,Footwear,2678.0,31.8,Prepaid_UPI,192,7,1,254.7,1,0,4.0,0
440,Home,3487.0,4.3,Prepaid_Card,207,8,0,118.1,2,0,2.0,1
441,Footwear,3871.0,20.7,Prepaid_Card,411,10,2,101.6,5,1,2.0,0
442,Apparel,1556.0,27.1,Wallet,303,5,1,303.4,4,1,2.0,0
443,Footwear,2228.0,24.4,Prepaid_UPI,1,0,0,171.5,4,0,5.0,0
444,Apparel,807.0,0.0,Prepaid_UPI,1349,29,2,549.3,6,0,5.0,0
445,Apparel,1265.0,24.0,COD,148,1,0,353.7,5,0,5.0,0
446,Home,1555.0,31.5,COD,88,1,0,267.6,3,1,2.0,0
447,Beauty,1717.0,45.7,Prepaid_UPI,67,3,0,85.7,3,1,4.0,1
448,Home,4964.0,12.0,Prepaid_Card,271,5,1,131.7,4,1,3.0,0
449,Apparel,1858.0,13.8,Prepaid_UPI,163,4,0,156.1,1,0,5.0,0
450,Home,3761.0,18.9,Prepaid_UPI,95,0,0,195.1,5,0,5.0,0
451,Apparel,902.0,26.4,COD,722,19,1,417.4,2,0,5.0,1
452,Footwear,3846.0,23.5,COD,166,3,0,97.7,7,1,,1
453,Home,5621.0,31.1,Prepaid_Card,32,2,0,716.7,1,1,2.0,0
454,Apparel,1672.0,5.1,COD,635,14,3,382.5,5,1,5.0,0
455,Apparel,1351.0,28.0,Prepaid_UPI,229,6,0,120.7,1,1,2.0,0
456,Apparel,1977.0,10.9,Prepaid_UPI,186,2,0,527.5,3,1,1.0,1
457,Beauty,685.0,19.8,Prepaid_Card,355,6,0,350.0,5,1,4.0,0
458,Electronics,18794.0,47.6,Prepaid_UPI,13,0,0,167.7,7,1,3.0,0
459,Footwear,3685.0,1.0,Prepaid_Card,14,0,0,386.1,6,0,4.0,0
460,Home,1324.0,17.8,Prepaid_UPI,294,9,1,125.7,6,0,3.0,1
461,Home,6522.0,2.9,COD,521,12,4,256.3,6,1,3.0,0
462,Apparel,1035.0,24.3,Prepaid_UPI,12,0,0,333.0,6,0,4.0,0
463,Beauty,445.0,37.7,Prepaid_UPI,107,3,0,129.4,3,1,4.0,0
464,Apparel,542.0,24.5,COD,826,18,3,275.2,4,1,3.0,0
465,Home,6791.0,20.2,Prepaid_Card,808,17,1,313.2,6,1,3.0,0
466,Home,6295.0,41.9,Prepaid_UPI,405,9,0,192.8,7,1,3.0,0
467,Home,2518.0,27.0,COD,439,11,0,158.2,4,1,1.0,0
468,Beauty,423.0,34.3,Prepaid_UPI,1438,31,3,262.0,3,0,2.0,0
469,Apparel,845.0,32.7,Wallet,67,1,0,211.4,3,0,1.0,1
470,Electronics,10529.0,0.0,Prepaid_UPI,363,10,4,575.1,3,0,4.0,0
471,Electronics,33308.0,20.8,COD,335,8,2,336.4,5,0,4.0,0
472,Electronics,10642.0,5.8,Prepaid_Card,97,5,2,215.3,7,1,4.0,1
473,Apparel,789.0,9.6,Wallet,328,10,2,243.1,6,1,2.0,0
474,Apparel,458.0,44.1,Prepaid_Card,468,8,0,164.4,4,1,5.0,0
475,Apparel,1474.0,16.4,COD,80,2,0,455.6,9,0,,0
476,Apparel,1640.0,50.4,COD,70,1,0,353.5,4,1,,1
477,Electronics,29823.0,0.9,Prepaid_UPI,974,19,4,598.1,8,1,4.0,0
478,Home,4678.0,5.7,Prepaid_Card,106,1,0,274.5,2,0,5.0,0
479,Home,7739.0,33.4,COD,289,6,1,220.8,5,0,,0
480,Electronics,21906.0,16.9,COD,43,0,0,280.2,2,0,5.0,0
481,Electronics,38874.0,26.6,Prepaid_UPI,236,4,1,584.5,2,0,3.0,1
482,Apparel,1563.0,20.3,Prepaid_Card,438,10,0,190.2,3,1,1.0,0
483,Home,948.0,19.9,Prepaid_UPI,70,6,0,176.7,5,1,2.0,0
484,Apparel,1858.0,17.4,Prepaid_UPI,42,0,0,204.9,3,0,1.0,1
485,Apparel,1452.0,24.7,Wallet,479,13,1,162.5,1,0,4.0,0
486,Electronics,29824.0,31.6,Prepaid_UPI,600,13,1,291.7,4,0,5.0,0
487,Electronics,9094.0,46.2,COD,362,7,2,193.0,3,0,4.0,0
488,Apparel,1187.0,19.0,Prepaid_Card,968,17,5,510.1,1,1,3.0,0
489,Home,7080.0,16.1,COD,275,8,2,119.3,5,0,1.0,0
490,Home,1959.0,14.2,Wallet,417,6,1,358.3,6,0,2.0,0
491,Home,301.0,44.0,COD,118,4,1,473.1,6,1,2.0,1
492,Home,2283.0,32.4,Prepaid_UPI,84,5,1,116.6,8,1,3.0,1
493,Home,4054.0,0.0,Prepaid_UPI,576,10,1,326.7,2,0,5.0,0
494,Apparel,1878.0,0.0,COD,187,6,3,423.5,2,0,,1
495,Footwear,3073.0,9.5,Prepaid_UPI,52,1,0,83.6,4,0,1.0,0
496,Home,7377.0,25.5,COD,150,0,0,145.5,4,0,1.0,0
497,Electronics,21154.0,21.5,Prepaid_Card,176,2,0,455.5,5,0,1.0,0
498,Home,3309.0,29.7,Prepaid_Card,459,11,2,456.4,6,0,5.0,0
499,Electronics,11336.0,19.4,COD,937,22,4,237.3,4,1,,0
500,Electronics,10751.0,43.0,Prepaid_Card,42,0,0,280.5,7,0,2.0,0
501,Footwear,3444.0,33.6,Wallet,1518,34,7,349.1,3,0,3.0,0
502,Footwear,821.0,23.2,COD,1251,29,6,415.3,3,0,3.0,1
503,Beauty,720.0,39.2,Prepaid_Card,174,6,1,265.8,2,1,5.0,0
504,Electronics,40002.0,0.0,Prepaid_UPI,601,13,3,415.4,1,0,5.0,0
505,Electronics,26469.0,20.7,Prepaid_UPI,309,8,1,60.6,1,1,2.0,0
506,Footwear,686.0,24.1,COD,85,4,0,219.2,6,0,5.0,0
507,Apparel,1668.0,31.0,Wallet,204,6,1,344.6,7,1,,1
508,Footwear,2527.0,0.0,COD,60,3,1,302.4,2,1,1.0,1
509,Electronics,38628.0,18.1,Prepaid_Card,215,5,1,536.0,7,0,3.0,0
510,Apparel,1628.0,28.0,Prepaid_Card,283,6,0,144.6,1,1,1.0,0
511,Apparel,408.0,29.2,Prepaid_UPI,16,1,0,137.0,2,0,,0
512,Footwear,1323.0,39.8,COD,886,18,3,572.6,3,0,,0
513,Apparel,864.0,33.4,COD,234,7,0,90.9,7,0,4.0,0
514,Apparel,1664.0,21.1,Prepaid_UPI,341,5,0,380.3,8,0,2.0,0
515,Electronics,23508.0,32.1,COD,412,8,1,358.5,3,1,,0
516,Apparel,1745.0,19.0,Prepaid_Card,726,16,1,184.4,4,1,2.0,1
517,Apparel,1323.0,24.2,Prepaid_UPI,164,5,0,563.1,7,1,1.0,0
518,Footwear,1810.0,33.9,Prepaid_Card,706,17,4,245.5,9,1,4.0,0
519,Apparel,587.0,21.3,COD,172,7,0,259.8,7,0,3.0,0
520,Footwear,1310.0,27.4,COD,511,12,2,146.8,2,1,1.0,0
521,Footwear,2103.0,36.4,Wallet,28,0,0,159.8,6,0,2.0,0
522,Electronics,25354.0,32.7,Prepaid_Card,690,15,5,132.1,3,1,2.0,0
523,Apparel,2090.0,40.5,COD,267,5,1,330.6,8,1,,1
524,Home,2146.0,56.9,COD,70,3,0,322.8,6,0,,1
525,Apparel,1599.0,32.5,COD,1425,30,2,58.8,2,1,,0
526,Electronics,7882.0,15.1,Wallet,364,8,2,441.7,7,1,1.0,0
527,Beauty,1827.0,29.7,COD,208,8,2,229.2,6,0,5.0,0
528,Beauty,177.0,29.0,COD,211,5,0,88.6,5,1,2.0,0
529,Footwear,3124.0,31.2,Prepaid_Card,113,0,0,541.8,5,0,5.0,0
530,Apparel,694.0,44.4,COD,182,3,0,202.6,3,0,3.0,0
531,Home,1688.0,0.0,COD,189,0,0,202.0,6,1,4.0,0
532,Home,4604.0,44.7,Wallet,25,0,0,239.1,9,0,3.0,0
533,Electronics,17643.0,49.8,Prepaid_UPI,427,13,2,420.3,9,0,3.0,0
534,Home,3929.0,30.5,COD,9,0,0,182.5,4,0,4.0,0
535,Apparel,956.0,30.9,Prepaid_Card,136,0,0,487.9,1,0,1.0,0
536,Apparel,2116.0,18.4,COD,328,6,0,132.0,3,0,2.0,0
537,Electronics,13931.0,22.1,COD,714,18,1,194.5,5,0,,1
538,Apparel,1376.0,32.5,Prepaid_Card,86,5,1,47.3,5,0,3.0,0
539,Apparel,1938.0,31.5,Prepaid_Card,523,13,3,205.3,6,1,3.0,0
540,Footwear,3157.0,32.8,Prepaid_UPI,773,15,1,102.2,6,1,5.0,0
541,Beauty,909.0,31.4,Prepaid_UPI,917,20,1,114.6,6,0,1.0,0
542,Home,4554.0,35.5,COD,1418,35,1,105.4,3,0,4.0,0
543,Footwear,832.0,33.8,Wallet,56,1,0,244.3,3,1,4.0,1
544,Beauty,1432.0,6.6,Prepaid_Card,4,0,0,239.9,2,0,3.0,0
545,Apparel,1177.0,34.5,COD,1062,24,3,374.4,5,0,5.0,0
546,Electronics,34397.0,49.9,Prepaid_UPI,140,0,0,198.5,6,1,4.0,1
547,Electronics,38338.0,21.6,COD,1847,43,2,334.8,7,0,2.0,0
548,Apparel,759.0,44.5,Prepaid_Card,466,12,1,261.4,1,1,2.0,1
549,Footwear,826.0,8.2,Prepaid_UPI,1215,23,4,171.6,6,1,4.0,0
550,Electronics,18306.0,21.6,COD,339,5,1,429.9,2,0,5.0,0
551,Electronics,24596.0,12.4,Prepaid_UPI,809,16,1,153.9,6,1,2.0,0
552,Apparel,1078.0,42.7,COD,164,5,2,78.8,2,1,4.0,1
553,Apparel,1531.0,46.6,Prepaid_UPI,432,8,2,51.0,6,0,1.0,0
554,Beauty,1338.0,20.5,COD,513,12,1,178.2,3,1,,0
555,Apparel,2086.0,39.6,COD,9,0,0,218.8,3,1,2.0,1
556,Apparel,1137.0,46.8,COD,109,3,0,220.9,6,0,4.0,0
557,Apparel,548.0,21.5,Prepaid_UPI,1492,34,2,47.0,3,1,4.0,0
558,Electronics,14425.0,23.9,COD,700,16,0,300.2,7,1,,0
559,Home,4965.0,33.0,Prepaid_UPI,173,4,0,197.2,6,0,4.0,0
560,Electronics,12414.0,9.4,COD,91,3,1,361.8,4,1,1.0,0
561,Apparel,884.0,23.7,Prepaid_Card,26,1,0,243.3,4,0,2.0,0
562,Apparel,1011.0,54.1,COD,352,7,0,328.0,7,0,3.0,1
563,Footwear,3485.0,14.5,COD,8,0,0,94.9,6,0,3.0,0
564,Home,7539.0,34.8,Wallet,2,4,0,362.4,8,0,4.0,1
565,Home,2998.0,29.9,Prepaid_Card,578,12,2,287.1,1,0,2.0,1
566,Home,1805.0,19.5,Prepaid_UPI,110,5,1,157.2,4,1,5.0,0
567,Footwear,2183.0,25.3,Prepaid_Card,59,0,0,534.2,3,1,4.0,0
568,Apparel,1033.0,48.3,Prepaid_Card,136,5,1,747.6,6,1,3.0,0
569,Electronics,44563.0,30.3,Prepaid_Card,122,6,2,159.8,2,0,4.0,0
570,Electronics,21517.0,32.6,Prepaid_UPI,126,2,1,378.6,3,1,2.0,0
571,Electronics,30953.0,46.0,Prepaid_UPI,26,0,0,233.7,5,1,,0
572,Footwear,4155.0,17.7,Prepaid_Card,45,0,0,320.1,1,1,3.0,0
573,Electronics,28753.0,6.3,Prepaid_Card,217,5,1,272.4,1,1,1.0,0
574,Footwear,1498.0,48.5,Prepaid_Card,218,5,0,371.6,4,1,2.0,0
575,Footwear,2930.0,24.0,Prepaid_Card,132,3,0,58.6,10,0,5.0,1
576,Electronics,18802.0,35.4,Prepaid_Card,1207,26,1,314.3,5,1,4.0,0
577,Beauty,1143.0,10.6,Prepaid_Card,1123,29,2,281.2,4,0,5.0,0
578,Home,7841.0,27.8,Prepaid_UPI,74,1,0,250.0,5,0,4.0,0
579,Footwear,1614.0,5.5,Wallet,798,16,2,460.8,6,0,1.0,0
580,Electronics,21739.0,23.0,Wallet,751,18,2,117.1,4,1,1.0,0
581,Electronics,8202.0,12.3,Prepaid_UPI,526,13,2,360.8,3,0,2.0,0
582,Electronics,9020.0,8.8,Prepaid_Card,857,22,5,148.7,1,0,,0
583,Apparel,1486.0,17.5,Prepaid_UPI,245,9,1,176.1,6,0,5.0,1
584,Electronics,34094.0,0.0,COD,277,7,0,159.5,3,0,,0
585,Beauty,1646.0,4.6,Prepaid_Card,724,16,1,247.6,6,0,5.0,1
586,Home,2835.0,33.7,COD,543,8,0,364.3,7,0,5.0,0
587,Apparel,507.0,27.2,COD,112,1,0,234.6,4,1,,1
588,Electronics,21798.0,5.9,Wallet,30,1,0,398.5,1,1,2.0,0
589,Apparel,1308.0,30.2,Prepaid_UPI,106,0,0,190.7,4,0,3.0,0
590,Apparel,1787.0,8.8,Prepaid_Card,9,0,0,84.5,4,0,4.0,0
591,Beauty,1655.0,32.8,COD,302,7,1,271.0,6,1,4.0,0
592,Electronics,39361.0,20.3,Prepaid_UPI,356,9,0,210.5,3,0,3.0,0
593,Apparel,1809.0,17.1,Prepaid_Card,503,11,1,527.1,3,0,1.0,0
594,Home,3117.0,20.6,Prepaid_UPI,94,4,0,127.1,4,0,2.0,0
595,Apparel,1538.0,60.4,Wallet,878,21,2,297.6,5,0,3.0,1
596,Apparel,1745.0,10.6,COD,908,22,2,235.3,6,1,4.0,0
597,Home,7668.0,25.4,COD,183,8,1,89.8,10,0,,0
598,Home,3552.0,33.7,COD,983,27,2,69.6,9,1,5.0,1
599,Beauty,1673.0,7.6,COD,348,9,2,72.9,4,0,4.0,0
600,Home,3324.0,0.0,COD,817,17,1,363.9,3,0,2.0,0
601,Electronics,33517.0,13.0,COD,673,15,2,231.4,3,1,4.0,0
602,Footwear,4148.0,33.4,COD,2,3,0,323.6,2,1,3.0,0
603,Beauty,2310.0,16.9,COD,270,4,1,332.7,5,1,2.0,0
604,Footwear,1128.0,18.5,COD,187,7,1,51.7,2,0,,0
605,Beauty,630.0,35.7,Prepaid_UPI,95,2,0,575.6,2,1,4.0,0
606,Footwear,3520.0,9.9,COD,40,1,0,412.6,2,1,4.0,0
607,Footwear,3024.0,20.7,Prepaid_UPI,1326,28,2,230.0,6,0,1.0,0
608,Apparel,2029.0,0.0,COD,289,4,0,311.2,4,0,,0
609,Footwear,1755.0,26.8,COD,146,3,0,108.9,2,0,3.0,0
610,Electronics,38343.0,25.4,COD,780,20,1,95.6,6,1,,0
611,Home,5565.0,33.9,Prepaid_UPI,59,0,0,213.5,7,1,4.0,0
612,Home,1805.0,4.8,COD,1199,30,4,153.2,3,0,,0
613,Beauty,447.0,19.1,Prepaid_Card,165,3,0,240.3,3,0,,0
614,Beauty,1801.0,2.8,COD,15,0,0,177.5,3,1,4.0,0
615,Apparel,685.0,18.3,Wallet,81,2,0,394.7,5,0,3.0,0
616,Footwear,3677.0,44.2,COD,56,3,0,306.8,7,1,1.0,1
617,Footwear,2728.0,17.2,COD,1137,26,1,159.2,5,1,3.0,1
618,Electronics,22087.0,1.5,Prepaid_UPI,688,16,3,334.9,2,1,3.0,1
619,Apparel,896.0,11.8,COD,97,5,0,111.3,7,1,1.0,0
620,Apparel,2171.0,0.0,COD,106,3,0,226.5,4,0,5.0,0
621,Footwear,3389.0,2.6,Prepaid_UPI,826,17,2,400.1,4,1,4.0,0
622,Electronics,35279.0,32.1,COD,21,0,0,59.2,5,1,3.0,0
623,Beauty,1956.0,0.3,COD,310,9,4,472.5,7,0,4.0,1
624,Electronics,26780.0,26.7,Prepaid_Card,351,7,1,182.2,2,1,4.0,0
625,Beauty,2358.0,22.4,COD,2,0,0,404.5,2,0,3.0,0
626,Electronics,26771.0,14.0,Wallet,419,11,1,182.4,4,0,3.0,1
627,Footwear,2580.0,25.4,Prepaid_Card,11,4,1,78.1,4,0,3.0,0
628,Apparel,893.0,7.9,Prepaid_Card,531,12,1,164.5,6,0,2.0,1
629,Home,2469.0,34.6,COD,249,5,2,447.9,7,1,3.0,1
630,Footwear,3448.0,11.5,Prepaid_UPI,187,4,1,259.1,3,1,1.0,0
631,Beauty,937.0,16.2,Prepaid_UPI,215,4,1,409.5,5,1,1.0,0
632,Footwear,3415.0,14.4,COD,971,21,8,185.7,6,0,2.0,1
633,Apparel,2115.0,32.3,Prepaid_UPI,145,3,0,139.8,6,0,1.0,0
634,Electronics,20442.0,30.2,Prepaid_Card,19,2,0,395.3,1,1,4.0,0
635,Apparel,575.0,0.0,Prepaid_UPI,2105,47,7,229.3,6,0,1.0,0
636,Apparel,1600.0,25.8,COD,36,4,1,283.6,3,1,2.0,1
637,Home,373.0,0.0,COD,85,2,0,297.0,6,0,,0
638,Home,6360.0,16.9,Prepaid_UPI,72,1,0,56.1,2,0,3.0,0
639,Footwear,2603.0,20.4,Prepaid_UPI,332,10,0,342.5,5,0,1.0,0
640,Footwear,2459.0,16.7,COD,103,2,0,112.2,4,1,5.0,1
641,Footwear,2778.0,29.5,COD,270,6,1,69.0,9,1,,0
642,Footwear,2566.0,32.8,Prepaid_UPI,497,11,0,169.2,3,1,,0
643,Apparel,983.0,10.4,COD,141,6,3,208.0,2,0,1.0,0
644,Apparel,907.0,9.9,COD,410,10,1,500.8,8,1,1.0,0
645,Home,3498.0,21.5,Prepaid_Card,619,16,0,353.7,6,0,1.0,0
646,Footwear,4080.0,0.0,COD,64,1,0,65.8,5,0,,1
647,Apparel,644.0,14.8,COD,573,15,0,281.9,3,0,4.0,0
648,Electronics,15425.0,42.2,COD,21,1,0,227.8,2,1,1.0,0
649,Home,1781.0,0.0,Wallet,220,7,0,124.9,3,0,3.0,0
650,Apparel,1169.0,16.9,COD,84,4,1,331.7,3,1,2.0,1
651,Electronics,7047.0,13.1,Prepaid_UPI,43,0,0,499.4,3,0,1.0,0
652,Footwear,3543.0,52.1,Wallet,113,3,1,241.4,3,1,3.0,0
653,Home,1097.0,13.9,Prepaid_UPI,288,8,2,184.7,3,0,5.0,0
654,Apparel,1597.0,14.8,Prepaid_Card,389,11,1,249.4,7,1,5.0,1
655,Footwear,1571.0,6.5,Prepaid_Card,503,14,2,282.5,1,0,1.0,0
656,Electronics,21882.0,22.1,COD,1054,24,3,654.1,5,0,3.0,0
657,Footwear,1300.0,26.1,Prepaid_Card,304,10,0,147.6,5,1,3.0,0
658,Apparel,1714.0,8.7,Wallet,209,3,0,151.8,4,0,1.0,0
659,Home,7602.0,36.8,Prepaid_UPI,1246,25,1,389.8,6,1,3.0,0
660,Electronics,10912.0,26.1,Prepaid_Card,127,2,0,173.9,5,0,3.0,0
661,Apparel,2116.0,34.8,COD,102,5,0,53.1,5,0,,0
662,Footwear,1801.0,17.1,Prepaid_UPI,297,4,1,502.9,7,1,2.0,0
663,Apparel,1404.0,25.6,COD,163,1,0,487.5,1,0,5.0,1
664,Apparel,1663.0,18.8,Prepaid_UPI,26,0,0,100.1,9,1,1.0,0
665,Electronics,9928.0,43.9,COD,71,3,0,241.8,7,1,1.0,0
666,Home,3725.0,23.7,Prepaid_UPI,403,6,0,68.0,8,0,3.0,1
667,Footwear,771.0,22.1,Prepaid_UPI,525,13,2,370.2,2,1,5.0,0
668,Beauty,1788.0,15.1,Prepaid_Card,283,6,2,360.6,5,1,4.0,0
669,Apparel,1150.0,14.3,COD,5,0,0,32.6,5,1,4.0,0
670,Electronics,40254.0,25.6,Prepaid_UPI,124,1,0,231.2,4,1,5.0,0
671,Apparel,893.0,34.3,COD,305,7,1,422.9,5,0,,1
672,Home,7412.0,11.7,COD,133,1,0,73.5,5,0,4.0,0
673,Beauty,481.0,23.9,Prepaid_Card,244,5,2,267.6,2,0,5.0,1
674,Home,4974.0,24.8,Prepaid_Card,106,3,1,53.2,6,0,4.0,0
675,Home,2670.0,27.4,Prepaid_UPI,435,11,3,122.8,6,0,2.0,0
676,Electronics,9162.0,0.0,COD,140,5,1,66.9,3,1,5.0,0
677,Beauty,371.0,8.1,Prepaid_Card,266,6,0,544.8,2,0,3.0,0
678,Electronics,29917.0,1.5,Prepaid_UPI,125,1,0,413.0,5,0,2.0,0
679,Apparel,820.0,22.5,COD,58,2,0,56.8,3,1,2.0,0
680,Electronics,26289.0,8.5,Prepaid_Card,5,1,0,277.7,5,1,3.0,0
681,Apparel,2163.0,14.6,Prepaid_UPI,616,13,1,57.2,3,1,1.0,0
682,Apparel,969.0,4.1,Prepaid_UPI,440,9,1,342.7,8,1,5.0,0
683,Apparel,463.0,16.0,Prepaid_Card,173,9,3,387.0,3,1,2.0,0
684,Electronics,7456.0,5.1,Prepaid_UPI,1193,24,4,345.7,3,0,3.0,0
685,Home,1219.0,33.4,COD,630,15,1,276.8,5,1,1.0,0
686,Electronics,21492.0,29.2,COD,355,10,1,207.6,1,0,,0
687,Electronics,33816.0,24.3,Wallet,210,4,1,266.1,3,0,5.0,0
688,Beauty,847.0,17.5,Prepaid_UPI,273,6,1,126.1,1,1,5.0,0
689,Footwear,1083.0,0.0,Prepaid_Card,374,8,3,277.8,5,0,3.0,1
690,Home,5234.0,15.1,Prepaid_Card,149,3,0,188.7,7,1,2.0,0
691,Apparel,942.0,10.6,Prepaid_Card,358,10,0,67.7,4,1,4.0,0
692,Footwear,2801.0,25.7,COD,53,1,0,112.5,7,1,2.0,1
693,Apparel,2081.0,31.3,Prepaid_UPI,893,26,8,385.8,3,0,2.0,0
694,Electronics,13961.0,26.9,Prepaid_UPI,280,5,0,72.9,3,0,4.0,0
695,Beauty,1354.0,40.9,Prepaid_Card,37,4,1,252.6,6,0,3.0,0
696,Electronics,36538.0,13.5,COD,987,23,1,181.0,6,0,2.0,0
697,Footwear,3267.0,12.9,COD,184,4,0,111.7,6,1,2.0,0
698,Home,6086.0,37.6,COD,37,4,0,428.3,7,0,3.0,0
699,Home,6249.0,24.5,Prepaid_UPI,16,0,0,470.5,4,1,5.0,0
700,Apparel,1372.0,18.3,Prepaid_Card,974,22,6,79.0,5,1,2.0,0
701,Apparel,1365.0,49.7,COD,89,1,0,256.9,3,1,,0
702,Electronics,32687.0,30.7,Prepaid_Card,220,4,1,197.9,9,0,1.0,0
703,Apparel,1656.0,19.1,Wallet,134,2,0,250.7,4,1,1.0,0
704,Footwear,3180.0,11.7,COD,89,0,0,874.0,4,1,1.0,0
705,Apparel,1088.0,41.9,Prepaid_Card,370,5,0,182.2,5,1,4.0,0
706,Home,6680.0,25.1,Prepaid_Card,116,3,0,138.0,6,1,2.0,1
707,Footwear,1445.0,22.4,COD,279,6,1,218.9,6,1,4.0,0
708,Footwear,1123.0,32.1,Prepaid_Card,361,7,0,289.1,1,1,3.0,0
709,Electronics,16318.0,35.2,Prepaid_Card,779,19,3,176.2,8,0,4.0,0
710,Electronics,12318.0,30.2,COD,18,1,0,831.6,8,0,5.0,0
711,Beauty,1708.0,35.3,COD,225,4,0,131.5,7,1,,1
712,Home,2079.0,28.8,Prepaid_UPI,56,7,0,347.2,5,1,2.0,0
713,Footwear,3126.0,30.3,COD,363,10,0,523.1,7,1,5.0,1
714,Beauty,1356.0,11.0,Prepaid_Card,497,16,1,34.1,5,1,4.0,0
715,Footwear,1110.0,49.2,Prepaid_Card,85,1,0,304.4,5,0,,0
716,Apparel,865.0,3.5,Prepaid_UPI,248,6,1,135.6,6,0,5.0,0
717,Home,4317.0,26.6,Prepaid_UPI,472,8,3,113.0,6,1,5.0,0
718,Apparel,1720.0,1.9,Prepaid_UPI,123,2,0,207.9,7,0,3.0,0
719,Home,3367.0,20.5,Prepaid_Card,350,7,1,502.8,1,0,3.0,0
720,Beauty,697.0,13.4,Prepaid_Card,288,12,1,396.7,4,0,5.0,0
721,Electronics,14124.0,24.0,COD,701,14,1,66.8,2,1,,0
722,Electronics,5366.0,27.1,COD,311,6,1,395.1,7,1,4.0,0
723,Apparel,445.0,7.7,COD,128,0,0,133.6,2,1,3.0,1
724,Beauty,2437.0,21.6,COD,130,4,1,456.0,4,1,,0
725,Apparel,574.0,42.9,Prepaid_Card,584,11,3,46.1,7,1,2.0,0
726,Apparel,625.0,2.3,COD,863,21,4,318.6,7,1,2.0,0
727,Apparel,1968.0,9.2,COD,87,0,0,122.5,6,0,4.0,0
728,Apparel,1594.0,34.9,COD,1187,26,0,392.9,6,0,,0
729,Electronics,20300.0,23.2,Prepaid_UPI,157,0,0,580.3,2,1,2.0,0
730,Electronics,29627.0,24.3,Prepaid_Card,132,2,0,210.3,2,1,1.0,0
731,Apparel,2083.0,37.3,Prepaid_UPI,96,2,0,159.4,2,1,3.0,0
732,Apparel,579.0,10.1,Prepaid_Card,193,3,1,191.8,2,0,5.0,0
733,Apparel,839.0,14.2,Prepaid_UPI,292,5,1,221.8,5,0,1.0,0
734,Electronics,38881.0,12.4,Prepaid_UPI,1336,32,2,312.5,7,0,2.0,0
735,Apparel,1805.0,16.8,COD,380,13,1,72.2,7,1,,0
736,Home,7956.0,42.1,Wallet,53,2,0,103.1,1,1,1.0,0
737,Apparel,965.0,0.0,COD,529,10,0,246.8,4,1,5.0,0
738,Apparel,2101.0,4.1,Prepaid_Card,64,2,0,226.2,4,0,3.0,0
739,Electronics,16254.0,1.5,Prepaid_UPI,459,9,2,98.3,1,1,,0
740,Electronics,32521.0,43.0,COD,128,5,0,443.5,6,1,1.0,0
741,Apparel,1989.0,12.8,Prepaid_Card,158,4,1,146.0,6,1,1.0,0
742,Apparel,707.0,17.1,COD,194,1,0,650.6,3,0,2.0,0
743,Footwear,1323.0,0.0,COD,536,14,2,305.4,4,0,2.0,0
744,Apparel,1446.0,18.1,COD,210,7,2,374.5,5,1,2.0,0
745,Electronics,38160.0,35.0,COD,1310,32,4,266.8,5,0,3.0,1
746,Electronics,4658.0,25.8,COD,157,2,0,160.4,3,1,,0
747,Electronics,38469.0,20.4,Prepaid_Card,41,2,0,261.0,3,1,5.0,0
748,Electronics,16229.0,0.0,Prepaid_Card,1004,20,1,203.9,2,1,1.0,0
749,Footwear,2125.0,17.1,Prepaid_Card,876,19,3,82.9,8,0,4.0,0
750,Footwear,1859.0,24.2,Prepaid_UPI,169,5,1,84.6,7,1,2.0,1
751,Apparel,2041.0,7.1,COD,29,0,0,182.8,2,1,2.0,0
752,Electronics,6929.0,31.8,COD,87,3,1,317.6,3,0,,0
753,Apparel,1434.0,35.3,Prepaid_UPI,322,7,1,182.6,2,0,4.0,0
754,Electronics,7687.0,14.1,Wallet,179,3,0,186.4,1,1,4.0,0
755,Home,7450.0,32.9,Prepaid_Card,1125,28,1,323.9,9,1,4.0,0
756,Apparel,1836.0,20.4,COD,450,10,3,181.0,3,0,,0
757,Electronics,11441.0,39.2,Prepaid_UPI,181,4,0,793.8,6,0,5.0,0
758,Beauty,850.0,52.5,Prepaid_UPI,12,0,0,145.8,4,0,4.0,0
759,Apparel,1087.0,5.6,COD,2013,46,5,390.0,4,0,,0
760,Electronics,18957.0,33.5,COD,218,4,0,245.2,4,1,3.0,0
761,Home,6594.0,41.6,COD,676,17,3,1086.7,5,1,4.0,1
762,Apparel,1416.0,7.4,Prepaid_Card,105,0,0,172.6,4,0,3.0,0
763,Apparel,1170.0,13.4,Wallet,28,1,0,354.3,6,1,4.0,0
764,Apparel,1695.0,13.2,Prepaid_UPI,71,0,0,224.1,7,0,3.0,1
765,Beauty,1226.0,20.0,COD,668,16,3,42.0,3,0,,0
766,Apparel,631.0,16.7,Prepaid_Card,51,1,0,237.9,5,1,3.0,0
767,Apparel,593.0,19.0,Prepaid_UPI,1019,23,1,171.7,1,1,4.0,0
768,Apparel,987.0,34.6,Prepaid_Card,653,13,0,275.4,3,1,,0
769,Apparel,1485.0,0.0,Prepaid_UPI,344,6,1,140.2,5,0,5.0,0
770,Home,1338.0,7.4,COD,86,1,0,32.0,4,1,3.0,0
771,Apparel,1390.0,32.0,COD,56,2,0,555.3,4,1,4.0,0
772,Home,2376.0,30.3,Prepaid_Card,120,4,0,152.9,6,0,2.0,1
773,Home,5655.0,6.1,Prepaid_Card,387,9,0,380.9,6,1,1.0,0
774,Footwear,613.0,30.4,Wallet,225,3,1,213.6,1,1,2.0,1
775,Apparel,1244.0,41.9,Prepaid_Card,254,9,2,272.6,5,1,4.0,1
776,Footwear,709.0,21.3,COD,576,13,4,258.1,4,1,1.0,1
777,Home,2845.0,6.9,COD,162,2,0,181.1,3,0,1.0,0
778,Apparel,428.0,35.1,Prepaid_Card,327,8,0,239.0,8,1,2.0,0
779,Footwear,2376.0,47.8,COD,103,3,1,368.1,1,1,5.0,0
780,Footwear,3568.0,8.7,Prepaid_UPI,193,4,1,245.3,4,1,3.0,1
781,Apparel,580.0,22.6,COD,10,0,0,412.2,8,1,1.0,1
782,Beauty,1878.0,38.4,COD,10,2,0,171.3,5,1,,1
783,Electronics,26788.0,23.7,Prepaid_Card,43,4,1,224.0,2,0,3.0,0
784,Home,4185.0,0.0,COD,84,0,0,104.3,4,1,3.0,0
785,Beauty,1559.0,28.7,Prepaid_Card,22,3,0,287.1,8,1,2.0,0
786,Electronics,15912.0,7.3,Prepaid_Card,413,9,2,212.8,7,1,4.0,0
787,Footwear,3341.0,2.9,Prepaid_Card,746,17,1,255.1,3,1,5.0,1
788,Apparel,1803.0,0.0,Prepaid_UPI,7,3,1,536.1,8,1,4.0,0
789,Footwear,3613.0,39.9,Prepaid_UPI,761,12,1,215.6,6,0,1.0,1
790,Home,2375.0,9.5,Prepaid_UPI,2,2,0,499.7,1,0,2.0,0
791,Apparel,1577.0,27.0,COD,76,4,1,131.4,4,0,5.0,0
792,Electronics,7687.0,30.7,COD,956,20,0,141.4,9,0,3.0,0
793,Apparel,1292.0,24.4,Prepaid_UPI,229,2,0,134.9,4,1,4.0,0
794,Apparel,405.0,26.4,Prepaid_Card,5,3,1,95.3,8,0,2.0,0
795,Apparel,748.0,27.7,Prepaid_Card,590,10,2,246.1,1,0,3.0,0
796,Electronics,28870.0,24.1,Prepaid_Card,182,5,0,315.4,2,1,1.0,1
797,Apparel,1974.0,10.6,Prepaid_UPI,400,11,3,673.1,7,0,2.0,0
798,Apparel,488.0,9.3,COD,508,12,2,209.8,6,0,5.0,0
799,Footwear,2734.0,20.4,Prepaid_Card,143,4,0,523.1,4,0,5.0,1
800,Home,5203.0,20.1,COD,1715,38,3,108.5,6,0,5.0,0
801,Footwear,4230.0,28.4,COD,70,2,0,145.5,3,1,4.0,0
802,Apparel,1579.0,38.5,Prepaid_UPI,1311,28,1,203.5,2,0,1.0,0
803,Footwear,912.0,27.2,Prepaid_Card,606,12,4,112.8,5,1,2.0,1
804,Home,1430.0,9.8,COD,53,1,0,263.3,4,1,,0
805,Apparel,1544.0,0.0,Prepaid_UPI,3,0,0,90.3,5,0,,1
806,Apparel,788.0,10.5,Prepaid_UPI,98,3,0,232.9,5,1,5.0,0
807,Home,7448.0,1.8,Prepaid_Card,52,0,0,223.4,4,1,4.0,0
808,Apparel,2057.0,11.0,Wallet,21,1,0,287.2,9,0,1.0,0
809,Electronics,42751.0,25.6,Prepaid_Card,512,12,1,497.6,2,0,3.0,0
810,Beauty,838.0,23.3,Prepaid_UPI,586,11,2,147.9,5,0,2.0,0
811,Apparel,1691.0,49.9,COD,27,0,0,606.2,4,0,5.0,0
812,Apparel,1593.0,29.2,COD,54,0,0,414.1,5,1,2.0,0
813,Beauty,234.0,50.6,COD,755,18,5,285.2,5,0,,1
814,Home,2345.0,32.7,COD,249,6,1,92.2,7,1,3.0,0
815,Apparel,772.0,38.3,Prepaid_Card,835,16,2,259.7,5,1,1.0,0
816,Footwear,1983.0,16.6,COD,34,1,0,104.8,3,1,1.0,0
817,Footwear,4312.0,5.9,Prepaid_Card,937,21,1,332.9,2,0,2.0,0
818,Electronics,38237.0,15.3,COD,166,4,0,173.9,3,1,1.0,0
819,Home,2559.0,21.8,COD,225,3,0,465.0,3,1,1.0,0
820,Apparel,1354.0,12.6,Wallet,171,4,0,475.6,6,1,1.0,0
821,Apparel,746.0,7.0,Prepaid_Card,2,2,1,349.3,4,1,5.0,0
822,Home,2436.0,28.3,Wallet,53,2,0,116.4,5,0,5.0,0
823,Apparel,517.0,6.9,Prepaid_Card,158,4,0,190.7,1,0,5.0,0
824,Home,5248.0,0.0,COD,117,6,1,477.0,4,1,1.0,0
825,Footwear,3128.0,5.2,Prepaid_Card,501,11,1,826.2,6,1,1.0,0
826,Apparel,1909.0,18.5,Prepaid_Card,79,0,0,165.9,7,0,2.0,0
827,Home,7011.0,7.1,COD,780,16,5,261.2,1,1,4.0,0
828,Apparel,688.0,18.6,Prepaid_UPI,25,1,0,168.8,8,0,4.0,0
829,Footwear,3472.0,31.0,Prepaid_Card,161,1,0,121.6,8,0,3.0,0
830,Apparel,642.0,30.6,Prepaid_UPI,611,13,1,139.4,7,0,4.0,1
831,Home,3178.0,12.1,Prepaid_Card,55,2,0,228.2,7,0,5.0,0
832,Home,4270.0,2.4,Prepaid_Card,931,23,2,70.3,4,0,1.0,0
833,Electronics,3367.0,13.4,COD,285,3,0,425.2,3,0,2.0,0
834,Home,1507.0,31.8,Wallet,749,17,2,199.8,5,0,3.0,0
835,Footwear,1584.0,35.3,COD,210,5,0,273.1,5,1,2.0,0
836,Home,1282.0,27.3,COD,302,7,1,267.7,3,0,3.0,0
837,Footwear,4236.0,40.0,COD,322,7,1,202.5,6,0,1.0,0
838,Beauty,828.0,47.9,Prepaid_Card,286,6,2,162.8,8,1,,0
839,Electronics,23151.0,14.8,Wallet,203,7,1,150.7,6,0,1.0,0
840,Electronics,44848.0,44.3,Prepaid_UPI,521,14,1,410.9,5,1,5.0,0
841,Apparel,1420.0,18.1,Prepaid_UPI,751,21,3,92.6,1,1,4.0,1
842,Footwear,2146.0,37.3,Wallet,301,7,0,347.9,1,1,5.0,0
843,Electronics,41925.0,32.6,Prepaid_UPI,731,15,3,359.7,4,1,5.0,0
844,Electronics,10945.0,0.0,COD,280,4,0,148.6,6,1,2.0,1
845,Apparel,723.0,7.5,Prepaid_Card,761,16,3,178.7,1,1,4.0,0
846,Footwear,2641.0,3.7,COD,148,5,2,281.9,5,1,2.0,1
847,Electronics,19916.0,0.0,COD,161,5,0,268.9,6,1,4.0,1
848,Home,6437.0,35.2,COD,256,7,0,409.6,4,0,,0
849,Apparel,476.0,53.0,COD,19,0,0,365.6,3,0,,1
850,Beauty,1602.0,18.1,Wallet,885,18,2,139.1,1,0,5.0,1
851,Apparel,1679.0,34.8,Wallet,408,13,1,466.7,6,0,3.0,0
852,Apparel,2149.0,44.3,COD,257,4,1,174.4,3,1,4.0,1
853,Footwear,1083.0,25.1,Prepaid_UPI,10,3,1,90.0,8,0,1.0,0
854,Beauty,729.0,21.6,COD,389,9,1,73.0,5,1,,0
855,Apparel,2078.0,18.3,COD,4,0,0,340.8,5,0,3.0,0
856,Electronics,28822.0,30.1,COD,44,0,0,713.7,6,0,,1
857,Footwear,652.0,35.1,COD,314,6,0,132.7,4,1,2.0,1
858,Footwear,809.0,28.9,COD,51,2,0,65.8,6,1,2.0,0
859,Electronics,35602.0,28.4,COD,111,1,0,321.8,3,1,4.0,0
860,Electronics,26055.0,21.2,COD,540,15,1,112.8,3,0,5.0,0
861,Footwear,2762.0,0.0,COD,2500,55,5,384.5,2,1,,1
862,Footwear,4019.0,35.5,Wallet,378,10,2,203.7,3,0,5.0,0
863,Footwear,1464.0,2.7,COD,624,15,2,139.6,9,0,3.0,0
864,Home,1535.0,31.3,COD,125,6,0,209.3,3,1,,0
865,Apparel,1505.0,33.3,Prepaid_Card,147,2,0,527.4,6,0,5.0,0
866,Beauty,2224.0,4.9,COD,722,16,0,62.1,4,1,3.0,0
867,Footwear,1561.0,12.9,Prepaid_Card,416,6,0,394.0,2,1,5.0,0
868,Footwear,3225.0,53.8,COD,1004,23,0,416.0,6,0,5.0,0
869,Apparel,674.0,20.8,Prepaid_Card,173,6,1,175.4,3,1,4.0,0
870,Apparel,709.0,3.7,Prepaid_Card,201,5,1,333.0,4,0,1.0,1
871,Footwear,4106.0,34.0,Prepaid_UPI,475,15,2,281.0,7,0,3.0,0
872,Apparel,612.0,10.4,Prepaid_Card,212,6,2,413.5,4,1,2.0,0
873,Beauty,207.0,0.0,Prepaid_Card,40,0,0,210.3,5,0,1.0,1
874,Electronics,35142.0,29.8,COD,921,21,3,86.2,4,0,1.0,0
875,Home,3091.0,8.3,COD,586,10,2,482.8,4,1,5.0,0
876,Footwear,2087.0,26.8,Prepaid_Card,23,0,0,144.8,2,1,2.0,1
877,Electronics,36234.0,9.8,COD,372,6,0,173.0,6,0,,1
878,Apparel,724.0,32.6,COD,304,7,1,197.0,5,1,4.0,1
879,Home,5308.0,24.8,Prepaid_UPI,839,19,1,447.6,6,1,4.0,0
880,Home,2714.0,0.0,COD,182,6,1,650.5,5,0,,0
881,Electronics,5767.0,27.7,COD,50,1,0,185.3,7,1,3.0,0
882,Home,5594.0,17.7,Prepaid_Card,411,7,1,190.0,5,1,3.0,0
883,Beauty,899.0,43.3,COD,277,9,4,274.4,8,0,5.0,1
884,Electronics,39157.0,27.9,Prepaid_UPI,162,0,0,119.0,3,0,3.0,1
885,Apparel,2054.0,33.3,Wallet,2500,56,4,323.5,3,0,1.0,1
886,Electronics,38388.0,11.3,Wallet,372,9,1,325.3,8,0,1.0,0
887,Electronics,15319.0,10.1,Prepaid_Card,168,4,0,279.0,6,0,4.0,0
888,Apparel,826.0,21.6,COD,100,3,1,92.2,9,1,1.0,0
889,Apparel,2007.0,16.6,Prepaid_Card,912,20,2,636.6,6,1,5.0,1
890,Home,3788.0,42.1,Prepaid_Card,25,2,0,340.4,4,1,1.0,0
891,Electronics,32199.0,19.7,Prepaid_Card,741,15,1,586.6,9,1,4.0,1
892,Beauty,2094.0,3.6,COD,49,0,0,102.3,1,1,5.0,0
893,Apparel,900.0,9.6,COD,31,1,0,130.9,6,1,1.0,0
894,Apparel,614.0,36.5,COD,209,3,1,151.5,1,1,1.0,1
895,Footwear,2999.0,19.5,COD,376,7,3,654.7,8,0,,1
896,Footwear,2861.0,18.7,COD,1107,27,7,266.9,2,1,2.0,1
897,Apparel,886.0,37.9,Wallet,83,5,1,232.8,4,1,2.0,0
898,Apparel,1452.0,8.3,COD,3,2,0,40.2,2,0,,0
899,Apparel,1823.0,0.0,Prepaid_Card,15,2,1,188.9,6,0,2.0,1
900,Electronics,16530.0,9.2,Wallet,161,4,0,211.3,4,0,3.0,0
901,Electronics,11814.0,25.6,COD,159,6,1,286.1,8,0,,0
902,Apparel,1705.0,18.3,Prepaid_Card,223,6,0,660.7,3,1,4.0,0
903,Apparel,1815.0,0.0,Prepaid_UPI,51,5,2,519.7,2,0,1.0,0
904,Electronics,42998.0,37.2,COD,686,13,1,203.3,3,1,3.0,0
905,Beauty,497.0,24.5,Prepaid_Card,208,6,2,127.4,8,1,3.0,0
906,Home,7147.0,27.8,Prepaid_UPI,32,0,0,201.0,7,1,3.0,0
907,Electronics,34711.0,28.3,Prepaid_UPI,709,17,2,252.2,7,0,2.0,0
908,Apparel,1663.0,2.5,Prepaid_UPI,162,0,0,332.9,3,0,4.0,0
909,Apparel,963.0,26.5,Wallet,338,5,0,21.9,2,1,2.0,1
910,Apparel,440.0,35.6,COD,953,19,3,203.1,8,1,,0
911,Footwear,2530.0,39.1,Prepaid_UPI,270,7,3,212.8,1,1,1.0,0
912,Footwear,1643.0,32.8,Prepaid_Card,3,1,0,199.5,5,0,3.0,0
913,Beauty,831.0,29.7,Prepaid_UPI,3,5,1,658.0,3,0,3.0,1
914,Beauty,2329.0,0.0,Prepaid_UPI,2317,51,5,220.3,5,0,3.0,0
915,Beauty,509.0,21.8,Prepaid_UPI,207,6,1,239.5,1,1,2.0,0
916,Beauty,2345.0,7.7,Prepaid_UPI,157,4,1,614.1,6,0,2.0,0
917,Apparel,1307.0,41.2,COD,17,2,0,515.1,8,0,4.0,0
918,Apparel,1909.0,39.0,Prepaid_Card,231,5,1,473.6,7,1,5.0,0
919,Apparel,910.0,7.7,COD,418,11,3,278.6,2,1,4.0,1
920,Home,5181.0,21.3,Prepaid_Card,1463,30,1,181.0,5,1,5.0,0
921,Apparel,1402.0,25.7,Prepaid_UPI,7,0,0,125.0,4,0,3.0,0
922,Footwear,4197.0,35.5,Prepaid_UPI,347,9,1,415.5,4,1,4.0,0
923,Home,1681.0,0.0,Prepaid_Card,228,1,0,583.9,8,1,2.0,0
924,Home,1875.0,0.0,Prepaid_Card,84,4,2,333.3,4,0,4.0,0
925,Apparel,2108.0,22.6,COD,128,2,0,111.4,6,1,3.0,1
926,Apparel,576.0,0.0,COD,552,10,0,266.1,1,0,5.0,0
927,Apparel,1542.0,24.4,COD,385,14,0,465.3,5,1,3.0,1
928,Footwear,742.0,30.9,Wallet,89,2,0,133.7,7,0,2.0,1
929,Home,893.0,40.5,COD,233,5,0,138.1,4,1,3.0,0
930,Footwear,2889.0,12.7,Wallet,64,3,0,319.1,6,0,3.0,0
931,Apparel,1392.0,24.4,COD,437,11,2,336.1,3,1,1.0,1
932,Electronics,26299.0,31.8,Prepaid_UPI,59,4,0,310.8,3,0,2.0,0
933,Electronics,21946.0,4.4,Prepaid_Card,372,6,0,498.4,4,0,3.0,0
934,Footwear,3469.0,35.7,Prepaid_UPI,202,6,1,236.9,3,1,5.0,0
935,Footwear,4469.0,26.1,Prepaid_Card,287,6,1,172.0,6,1,3.0,0
936,Apparel,896.0,12.9,Prepaid_UPI,596,11,2,397.0,7,1,4.0,1
937,Beauty,910.0,24.1,Wallet,440,10,1,737.3,6,0,2.0,0
938,Apparel,981.0,19.9,Prepaid_Card,233,2,0,179.4,1,1,3.0,0
939,Footwear,3553.0,33.7,COD,4,2,0,366.0,4,0,5.0,0
940,Apparel,1026.0,16.6,COD,412,9,3,534.6,6,0,3.0,1
941,Apparel,1618.0,25.4,Prepaid_UPI,633,13,1,291.9,4,0,4.0,0
942,Footwear,2284.0,12.7,Prepaid_Card,820,18,2,114.5,4,0,3.0,0
943,Apparel,1494.0,7.9,Prepaid_Card,297,6,1,296.5,7,1,5.0,0
944,Electronics,37511.0,24.6,Prepaid_Card,20,3,0,325.6,7,1,2.0,0
945,Electronics,23716.0,8.5,COD,188,2,0,207.2,6,1,3.0,0
946,Apparel,1255.0,34.0,Prepaid_UPI,72,1,0,203.4,1,1,3.0,0
947,Home,2356.0,30.9,Prepaid_UPI,62,1,0,94.7,2,1,2.0,0
948,Footwear,2564.0,10.5,Prepaid_UPI,640,12,4,153.9,5,0,2.0,0
949,Footwear,1550.0,25.2,Prepaid_UPI,6,0,0,167.0,1,1,3.0,0
950,Electronics,38148.0,10.5,Prepaid_UPI,106,1,0,138.2,8,1,,0
951,Electronics,18232.0,0.0,Prepaid_Card,49,0,0,229.0,5,1,2.0,0
952,Apparel,632.0,13.0,Wallet,535,13,0,431.4,3,0,1.0,0
953,Apparel,832.0,21.2,COD,1144,29,0,162.7,3,0,4.0,0
954,Apparel,1362.0,29.8,Prepaid_Card,131,3,1,558.7,7,0,1.0,1
955,Beauty,2303.0,24.2,Prepaid_UPI,174,4,2,315.2,2,1,3.0,0
956,Footwear,1702.0,35.6,Prepaid_Card,72,1,0,877.7,1,0,3.0,0
957,Footwear,1558.0,7.3,COD,541,11,2,368.6,2,1,1.0,1
958,Electronics,19007.0,16.3,Prepaid_Card,627,16,4,81.6,5,0,,0
959,Electronics,43588.0,46.7,COD,347,8,1,503.2,8,1,,0
960,Electronics,38221.0,0.0,Wallet,99,0,0,57.6,7,0,2.0,0
961,Electronics,7755.0,15.2,COD,75,4,1,63.4,4,0,5.0,0
962,Electronics,28082.0,5.9,COD,368,10,1,71.0,5,0,,0
963,Apparel,1825.0,19.1,Prepaid_Card,796,19,1,431.4,5,0,2.0,1
964,Apparel,1782.0,15.5,COD,2500,50,3,686.9,5,1,1.0,0
965,Beauty,1299.0,31.0,COD,640,14,4,688.3,1,0,1.0,0
966,Electronics,33254.0,25.8,Prepaid_Card,445,12,3,297.3,4,1,2.0,0
967,Beauty,1521.0,2.4,Prepaid_Card,152,4,1,201.5,6,1,2.0,0
968,Apparel,763.0,13.2,COD,249,6,0,234.1,9,1,,0
969,Home,732.0,22.0,Prepaid_Card,557,14,0,236.8,5,1,1.0,0
970,Apparel,1065.0,33.1,Prepaid_Card,1980,44,2,261.9,7,0,5.0,0
971,Apparel,511.0,58.5,Prepaid_UPI,324,10,2,148.9,6,0,3.0,1
972,Apparel,1111.0,32.5,COD,216,5,1,254.7,4,1,2.0,1
973,Apparel,1892.0,6.8,COD,272,6,0,180.2,2,1,1.0,1
974,Beauty,2134.0,20.6,Wallet,206,6,1,138.1,7,0,1.0,0
975,Electronics,2692.0,24.7,Prepaid_Card,208,4,0,569.8,9,0,1.0,1
976,Home,835.0,14.2,COD,114,0,0,334.9,4,1,4.0,1
977,Electronics,30540.0,29.1,Prepaid_UPI,198,4,1,332.1,7,1,1.0,0
978,Electronics,23100.0,0.0,COD,325,8,1,265.8,5,0,5.0,0
979,Electronics,7742.0,30.3,Prepaid_UPI,309,9,2,149.1,1,0,1.0,0
980,Apparel,1850.0,14.9,Prepaid_UPI,192,6,1,250.8,5,1,5.0,0
981,Beauty,659.0,20.4,Wallet,374,8,0,673.7,3,0,2.0,0
982,Footwear,813.0,44.0,Wallet,126,2,0,335.5,5,0,3.0,0
983,Footwear,3498.0,3.1,COD,56,0,0,228.1,5,1,4.0,0
984,Electronics,27836.0,26.1,Prepaid_UPI,111,3,0,308.6,3,1,1.0,0
985,Apparel,1110.0,33.9,COD,244,2,0,199.4,2,1,1.0,0
986,Beauty,1778.0,24.6,Prepaid_Card,318,7,2,193.0,3,1,4.0,0
987,Electronics,41118.0,0.0,Prepaid_Card,149,9,4,444.6,8,1,3.0,1
988,Apparel,462.0,42.3,COD,636,11,1,266.6,2,1,5.0,0
989,Electronics,28692.0,18.8,COD,276,6,2,344.3,6,1,3.0,1
990,Footwear,1373.0,14.1,COD,676,16,2,257.9,6,0,3.0,0
991,Home,3951.0,17.3,COD,664,16,1,387.2,3,0,,0
992,Footwear,2196.0,16.3,COD,734,14,5,191.4,3,0,2.0,0
993,Footwear,2060.0,4.1,Wallet,368,9,1,212.1,6,0,5.0,1
994,Apparel,743.0,24.5,Prepaid_Card,633,13,2,638.2,4,0,2.0,0
995,Beauty,2036.0,13.0,Prepaid_UPI,1701,35,1,70.7,3,1,5.0,0
996,Electronics,17823.0,32.1,Prepaid_UPI,492,13,1,381.2,6,0,3.0,0
997,Home,7131.0,29.8,Prepaid_UPI,28,2,0,281.8,8,1,4.0,1
998,Apparel,1038.0,46.4,COD,82,0,0,218.9,7,0,2.0,0
999,Beauty,2123.0,18.8,Prepaid_UPI,795,17,2,152.5,5,0,2.0,0
1000,Apparel,1380.0,10.0,Prepaid_UPI,95,1,0,488.6,1,1,3.0,1
1001,Apparel,1094.0,0.0,Prepaid_UPI,60,0,0,683.1,4,0,4.0,1
1002,Electronics,32037.0,54.9,Wallet,290,8,0,210.3,2,0,5.0,0
1003,Apparel,1816.0,31.9,Prepaid_Card,584,15,0,360.1,4,1,3.0,1
1004,Apparel,1269.0,11.6,Prepaid_Card,185,3,0,352.1,4,0,3.0,1
1005,Home,3576.0,47.4,Prepaid_UPI,246,5,1,367.5,4,1,1.0,0
1006,Electronics,26491.0,42.3,Prepaid_Card,134,3,0,109.1,7,1,2.0,0
1007,Beauty,1525.0,1.7,Prepaid_UPI,455,11,1,460.9,4,1,5.0,0
1008,Apparel,1166.0,10.7,COD,220,2,0,85.4,4,1,4.0,0
1009,Footwear,3531.0,20.0,COD,159,5,2,349.4,6,1,,1
1010,Electronics,18708.0,5.9,Prepaid_Card,29,0,0,519.0,2,1,2.0,0
1011,Home,3788.0,20.6,COD,475,12,5,184.0,4,0,,0
1012,Home,4961.0,32.7,Wallet,38,0,0,277.9,1,0,1.0,0
1013,Electronics,44424.0,1.4,COD,22,0,0,392.4,6,1,4.0,0
1014,Beauty,763.0,26.4,Prepaid_UPI,1081,24,7,216.5,5,1,1.0,0
1015,Electronics,11360.0,39.5,COD,175,4,1,142.9,9,0,,0
1016,Apparel,718.0,28.0,Wallet,79,2,0,365.8,1,1,5.0,0
1017,Home,5609.0,20.9,COD,725,14,2,124.1,7,0,,1
1018,Footwear,2296.0,12.0,COD,49,1,0,60.9,1,0,3.0,1
1019,Apparel,1099.0,34.5,COD,379,9,1,269.7,2,0,4.0,0
1020,Electronics,10139.0,4.3,Prepaid_Card,307,9,2,217.2,1,1,1.0,0
1021,Footwear,4065.0,25.6,Wallet,875,20,3,369.0,5,1,1.0,0
1022,Footwear,2273.0,22.4,Wallet,107,1,0,282.1,5,0,3.0,0
1023,Beauty,1578.0,38.9,COD,85,0,0,745.8,4,1,1.0,0
1024,Electronics,6129.0,13.3,Prepaid_Card,37,0,0,498.7,1,1,2.0,0
1025,Home,1131.0,14.5,COD,37,1,0,301.1,3,0,3.0,0
1026,Apparel,521.0,3.4,Prepaid_Card,152,5,0,465.1,5,0,2.0,1
1027,Beauty,1013.0,28.6,Prepaid_Card,578,11,2,542.1,2,1,2.0,0
1028,Electronics,21912.0,15.6,COD,843,19,3,542.1,4,0,5.0,0
1029,Footwear,1478.0,9.1,Prepaid_Card,18,0,0,132.7,7,0,4.0,0
1030,Electronics,16516.0,10.5,Prepaid_UPI,444,11,2,152.4,3,0,5.0,1
1031,Home,348.0,30.1,COD,187,6,1,597.3,2,0,2.0,0
1032,Home,3003.0,5.5,COD,18,0,0,275.0,4,1,4.0,1
1033,Electronics,6420.0,6.8,COD,257,8,0,285.5,8,1,5.0,0
1034,Beauty,452.0,35.4,COD,10,1,0,341.2,6,1,2.0,0
1035,Electronics,1397.0,19.5,COD,472,9,1,237.9,1,0,1.0,0
1036,Home,5662.0,36.3,Prepaid_Card,26,0,0,630.6,7,1,1.0,0
1037,Electronics,41990.0,16.6,COD,207,5,0,316.1,4,0,5.0,0
1038,Electronics,28424.0,22.0,Prepaid_UPI,268,5,1,438.3,4,0,1.0,0
1039,Electronics,5414.0,24.3,Prepaid_UPI,265,4,1,205.9,2,0,3.0,0
1040,Apparel,2181.0,42.8,Wallet,125,1,0,225.5,5,1,1.0,0
1041,Apparel,2156.0,41.6,Prepaid_UPI,602,11,4,149.1,1,1,2.0,1
1042,Home,3905.0,39.3,COD,1239,30,0,566.7,2,1,5.0,0
1043,Home,1131.0,12.6,COD,11,0,0,407.1,6,0,,0
1044,Home,5850.0,7.2,COD,23,5,1,248.0,5,1,,0
1045,Apparel,2131.0,33.4,Wallet,18,1,0,407.5,3,1,1.0,0
1046,Electronics,35307.0,42.7,Wallet,9,1,0,384.8,4,0,4.0,0
1047,Apparel,1524.0,39.4,COD,347,6,0,139.7,6,0,2.0,0
1048,Footwear,2943.0,22.2,COD,317,7,2,230.8,5,1,2.0,1
1049,Footwear,4412.0,32.9,Prepaid_Card,148,3,1,129.1,6,1,4.0,0
1050,Apparel,532.0,33.2,COD,409,8,0,141.6,2,1,4.0,1
1051,Home,1452.0,24.2,Wallet,927,20,4,121.2,3,1,3.0,0
1052,Apparel,1895.0,24.9,COD,126,4,1,157.4,9,1,5.0,0
1053,Apparel,661.0,23.5,COD,52,2,0,176.6,4,0,3.0,0
1054,Apparel,1090.0,10.2,Prepaid_Card,4,0,0,840.0,3,1,2.0,0
1055,Apparel,907.0,11.7,COD,830,19,2,215.9,5,1,2.0,0
1056,Home,2175.0,11.5,COD,454,11,1,421.5,5,1,,1
1057,Beauty,210.0,0.0,Prepaid_UPI,271,5,1,355.7,2,0,1.0,1
1058,Apparel,1419.0,24.1,COD,331,6,1,314.8,1,0,3.0,1
1059,Home,3390.0,21.4,Prepaid_Card,20,1,0,452.0,4,1,1.0,0
1060,Home,4547.0,33.4,COD,416,4,1,301.4,4,0,1.0,0
1061,Beauty,866.0,40.9,COD,216,5,0,149.3,1,1,,0
1062,Home,7549.0,41.9,COD,124,6,1,335.7,5,1,1.0,0
1063,Apparel,1464.0,43.3,COD,162,0,0,384.2,5,1,,0
1064,Home,7701.0,10.6,COD,85,4,0,127.1,7,1,5.0,0
1065,Electronics,16530.0,0.5,COD,1459,34,0,298.8,2,1,5.0,0
1066,Beauty,155.0,36.0,Prepaid_UPI,397,6,1,439.5,5,0,3.0,0
1067,Electronics,35419.0,42.7,Prepaid_UPI,269,7,1,44.9,6,1,3.0,0
1068,Home,6671.0,45.3,Wallet,21,2,0,260.6,8,1,3.0,1
1069,Apparel,506.0,29.3,Prepaid_Card,24,0,0,697.0,6,0,,0
1070,Electronics,28591.0,0.0,Prepaid_UPI,847,17,2,181.8,7,0,4.0,0
1071,Footwear,3144.0,27.5,Prepaid_UPI,602,13,0,219.9,5,0,2.0,0
1072,Home,1422.0,30.3,COD,60,3,0,344.3,4,1,2.0,0
1073,Electronics,25401.0,40.8,COD,119,2,0,190.4,7,1,4.0,0
1074,Beauty,722.0,43.4,Prepaid_Card,409,9,0,187.5,2,0,4.0,0
1075,Footwear,566.0,35.6,Prepaid_UPI,382,7,1,517.7,8,1,2.0,0
1076,Electronics,39171.0,13.2,Prepaid_Card,166,4,0,221.9,6,0,1.0,0
1077,Home,4086.0,6.6,COD,287,8,2,441.8,4,0,1.0,0
1078,Electronics,35438.0,30.0,Wallet,419,10,1,137.5,1,0,1.0,0
1079,Home,5866.0,10.1,COD,682,14,1,218.6,4,0,2.0,0
1080,Electronics,44724.0,44.1,Wallet,62,1,0,212.7,3,1,5.0,0
1081,Apparel,1188.0,0.0,Prepaid_UPI,155,2,0,222.5,1,0,3.0,0
1082,Beauty,1155.0,30.5,Prepaid_UPI,412,7,0,137.9,3,0,5.0,0
1083,Beauty,812.0,26.8,Prepaid_UPI,44,3,0,203.9,6,1,5.0,0
1084,Footwear,3001.0,18.9,COD,2500,59,3,258.8,4,0,1.0,0
1085,Beauty,1292.0,8.1,Prepaid_Card,1160,22,1,76.1,4,0,1.0,0
1086,Footwear,3415.0,0.0,Prepaid_UPI,340,9,0,184.6,1,0,3.0,0
1087,Footwear,1926.0,14.0,Prepaid_UPI,127,5,1,342.3,4,1,,0
1088,Footwear,1023.0,14.3,COD,388,6,1,166.0,8,1,4.0,1
1089,Electronics,38975.0,38.7,COD,1637,35,4,292.9,5,0,3.0,0
1090,Electronics,37468.0,10.3,COD,30,0,0,158.5,4,0,2.0,0
1091,Apparel,1032.0,28.8,Prepaid_Card,301,10,0,245.9,6,0,2.0,0
1092,Home,5616.0,2.6,Prepaid_Card,302,10,2,60.2,7,0,1.0,1
1093,Apparel,1286.0,29.2,Prepaid_UPI,84,0,0,336.8,8,1,4.0,0
1094,Apparel,1770.0,0.0,Prepaid_UPI,412,6,0,187.6,5,0,4.0,0
1095,Home,3304.0,53.4,Prepaid_UPI,77,3,0,413.6,1,0,3.0,0
1096,Electronics,24661.0,19.9,COD,358,9,3,230.5,7,0,4.0,0
1097,Apparel,504.0,0.0,Prepaid_Card,38,3,0,197.9,4,1,,0
1098,Footwear,1200.0,11.2,COD,988,20,6,171.5,3,1,4.0,1
1099,Footwear,3627.0,8.9,COD,973,23,0,186.6,2,1,,0
1100,Apparel,1087.0,12.2,COD,1375,29,9,182.2,6,1,1.0,0
1101,Apparel,463.0,16.5,COD,64,3,1,156.6,7,0,5.0,0
1102,Electronics,8542.0,12.1,COD,1002,22,3,165.2,3,0,3.0,0
1103,Footwear,2146.0,9.8,Prepaid_Card,555,16,2,671.3,6,0,1.0,0
1104,Footwear,3372.0,4.6,COD,49,2,1,234.5,7,1,2.0,0
1105,Apparel,1054.0,34.3,COD,119,2,0,77.1,5,0,5.0,0
1106,Footwear,3481.0,40.0,COD,437,10,3,77.4,5,0,,0
1107,Apparel,1945.0,18.2,Prepaid_Card,8,0,0,680.8,4,0,3.0,1
1108,Electronics,16142.0,21.7,Prepaid_Card,20,0,0,229.1,3,0,3.0,0
1109,Beauty,2031.0,5.1,COD,15,4,0,120.3,6,1,3.0,0
1110,Apparel,628.0,23.1,COD,1073,27,6,440.5,7,0,3.0,0
1111,Apparel,1148.0,25.4,Wallet,21,0,0,57.4,5,0,3.0,0
1112,Electronics,5473.0,18.7,Prepaid_Card,94,3,0,168.0,4,1,2.0,0
1113,Home,704.0,27.9,Prepaid_UPI,30,5,2,253.1,6,1,1.0,1
1114,Beauty,302.0,26.6,Prepaid_Card,839,21,5,277.2,3,1,3.0,0
1115,Beauty,396.0,6.2,Prepaid_UPI,419,9,2,126.6,7,0,3.0,1
1116,Apparel,1904.0,39.9,Prepaid_UPI,192,4,0,170.6,7,0,3.0,0
1117,Apparel,1379.0,18.9,COD,647,11,1,367.0,6,1,5.0,0
1118,Footwear,4290.0,47.1,Prepaid_UPI,336,9,2,521.2,4,1,1.0,1
1119,Apparel,1368.0,28.3,COD,544,15,0,388.6,4,0,4.0,0
1120,Footwear,3015.0,51.6,Prepaid_Card,249,8,3,303.4,1,0,1.0,0
1121,Home,1721.0,39.6,COD,397,10,2,197.1,3,1,2.0,0
1122,Apparel,1373.0,25.4,COD,469,11,5,326.0,6,1,4.0,0
1123,Footwear,2041.0,11.2,Wallet,108,0,0,360.2,3,0,3.0,0
1124,Apparel,2077.0,11.5,Prepaid_UPI,308,7,0,513.4,10,1,2.0,0
1125,Electronics,42106.0,30.0,COD,165,2,0,246.3,3,1,3.0,0
1126,Home,1828.0,24.1,Wallet,101,3,0,808.1,2,1,3.0,0
1127,Electronics,28362.0,13.2,COD,157,2,0,421.9,5,1,1.0,0
1128,Home,5214.0,34.5,Prepaid_Card,231,6,0,231.8,5,1,1.0,0
1129,Home,4632.0,22.6,Prepaid_UPI,1287,31,1,466.6,8,0,2.0,0
1130,Beauty,442.0,34.6,COD,762,18,2,202.2,4,0,2.0,1
1131,Beauty,1687.0,7.4,Prepaid_Card,330,8,1,169.0,3,1,3.0,1
1132,Electronics,36200.0,37.0,Prepaid_UPI,1299,31,1,78.8,3,0,1.0,0
1133,Apparel,1021.0,29.5,COD,59,5,2,663.6,7,0,2.0,1
1134,Footwear,2558.0,40.0,Prepaid_Card,9,0,0,198.0,8,0,2.0,0
1135,Beauty,423.0,36.7,COD,86,3,1,357.5,3,1,4.0,0
1136,Apparel,2075.0,20.7,Prepaid_UPI,444,13,0,425.2,4,0,4.0,0
1137,Electronics,5998.0,19.5,COD,706,17,1,202.7,8,0,4.0,1
1138,Electronics,10327.0,48.7,COD,415,5,1,214.7,6,0,4.0,0
1139,Apparel,937.0,17.6,Prepaid_UPI,1,0,0,77.4,3,1,3.0,0
1140,Home,6659.0,33.2,COD,1138,27,4,131.4,2,1,,0
1141,Electronics,31889.0,16.3,Prepaid_Card,133,2,0,95.2,3,0,4.0,1
1142,Footwear,528.0,0.0,Prepaid_UPI,787,20,1,757.1,6,0,,0
1143,Footwear,1234.0,3.6,Prepaid_UPI,127,7,1,223.9,1,1,3.0,1
1144,Footwear,3501.0,28.1,COD,1069,23,7,164.9,5,1,1.0,0
1145,Electronics,18888.0,32.5,Prepaid_UPI,62,0,0,192.3,4,1,2.0,0
1146,Electronics,2348.0,28.1,Prepaid_UPI,174,3,0,251.3,3,1,5.0,0
1147,Footwear,4356.0,39.2,COD,75,1,0,149.8,3,0,,1
1148,Footwear,1105.0,27.9,Prepaid_UPI,37,4,0,351.4,6,0,2.0,0
1149,Electronics,23558.0,10.4,Prepaid_UPI,80,0,0,425.5,6,0,1.0,1
1150,Footwear,1493.0,30.9,Prepaid_Card,205,6,0,226.7,7,1,,0
1151,Apparel,1727.0,24.5,Prepaid_Card,887,22,5,174.4,3,1,5.0,1
1152,Footwear,3607.0,13.4,Prepaid_UPI,1007,24,6,200.6,1,1,3.0,0
1153,Apparel,1115.0,29.1,Wallet,1091,25,2,134.7,5,1,1.0,0
1154,Apparel,1585.0,23.2,Prepaid_Card,15,0,0,216.3,4,0,5.0,0
1155,Electronics,41017.0,12.9,Prepaid_UPI,60,5,2,371.9,3,1,1.0,0
1156,Apparel,1867.0,19.3,Prepaid_UPI,1021,22,4,584.1,1,1,2.0,0
1157,Apparel,1147.0,43.2,Prepaid_UPI,755,19,4,303.0,6,1,3.0,0
1158,Apparel,1195.0,42.7,Wallet,543,12,1,367.1,1,1,5.0,0
1159,Electronics,40045.0,24.8,COD,1248,24,1,229.3,6,1,,0
1160,Footwear,637.0,22.9,COD,796,17,2,450.5,6,0,5.0,0
1161,Apparel,441.0,0.5,Prepaid_Card,555,12,2,154.9,6,0,2.0,0
1162,Home,1885.0,47.8,Prepaid_Card,565,12,2,109.8,4,0,1.0,0
1163,Footwear,3810.0,37.5,Prepaid_Card,63,0,0,222.6,1,0,5.0,0
1164,Apparel,676.0,33.3,Prepaid_UPI,5,1,0,323.3,1,0,5.0,0
1165,Apparel,914.0,0.0,Wallet,781,19,1,105.0,3,0,1.0,0
1166,Footwear,3016.0,22.6,COD,58,1,0,641.8,9,0,2.0,1
1167,Footwear,1237.0,20.1,Prepaid_UPI,282,6,0,137.1,7,1,2.0,0
1168,Electronics,14476.0,32.2,COD,79,0,0,189.0,4,1,1.0,1
1169,Footwear,2368.0,15.2,Prepaid_Card,342,8,1,323.8,3,1,5.0,0
1170,Apparel,811.0,18.5,COD,64,4,0,297.3,5,1,2.0,1
1171,Electronics,44668.0,31.3,Prepaid_Card,1341,33,10,458.7,6,1,5.0,1
1172,Footwear,1154.0,10.4,Prepaid_Card,388,7,1,377.9,5,1,1.0,0
1173,Apparel,1930.0,13.4,Prepaid_UPI,330,11,1,139.8,1,0,2.0,0
1174,Footwear,2380.0,24.9,Prepaid_Card,29,0,0,193.4,8,0,,0
1175,Electronics,6856.0,42.1,COD,669,13,2,340.6,5,0,1.0,0
1176,Footwear,974.0,34.1,COD,126,0,0,228.4,3,0,3.0,0
1177,Electronics,23113.0,38.1,COD,163,1,0,137.7,5,0,,1
1178,Electronics,16684.0,22.9,Wallet,1133,26,6,60.2,7,1,2.0,1
1179,Apparel,822.0,44.4,Wallet,37,0,0,519.1,5,1,2.0,0
1180,Apparel,2126.0,0.0,COD,981,21,3,187.5,5,0,2.0,0
1181,Footwear,2354.0,52.3,COD,659,13,4,338.4,8,0,2.0,1
1182,Apparel,2072.0,54.3,Prepaid_Card,685,13,2,144.4,3,1,1.0,0
1183,Apparel,695.0,28.8,Prepaid_UPI,900,18,6,304.6,2,0,3.0,0
1184,Apparel,730.0,34.5,COD,334,9,3,69.6,3,0,,1
1185,Apparel,1473.0,21.4,COD,516,15,3,142.9,6,0,,0
1186,Footwear,1580.0,18.9,COD,1184,30,0,205.6,7,1,,0
1187,Electronics,9300.0,12.8,COD,13,2,0,155.0,5,0,3.0,1
1188,Beauty,373.0,21.3,COD,1140,24,5,170.0,3,0,3.0,0
1189,Apparel,537.0,30.3,COD,246,4,0,386.2,8,1,4.0,0
1190,Home,6099.0,28.3,Prepaid_Card,73,3,0,186.4,2,0,3.0,0
1191,Electronics,13559.0,51.8,Prepaid_Card,218,4,0,126.1,3,1,3.0,0
1192,Electronics,44055.0,23.5,COD,77,3,1,188.6,3,0,4.0,0
1193,Footwear,1232.0,0.0,Prepaid_Card,14,4,1,58.5,7,0,1.0,0
1194,Beauty,983.0,46.7,Prepaid_Card,129,3,0,210.9,4,0,4.0,0
1195,Footwear,2000.0,3.7,Prepaid_UPI,120,7,0,200.6,8,1,1.0,0
1196,Apparel,1300.0,13.6,Wallet,40,0,0,210.2,6,0,5.0,0
1197,Apparel,1967.0,26.1,COD,147,4,1,97.6,2,1,4.0,0
1198,Home,6728.0,28.3,Prepaid_UPI,1011,23,1,279.0,4,1,4.0,0
1199,Apparel,418.0,0.3,Prepaid_UPI,426,7,2,220.7,3,0,5.0,0
1200,Footwear,2137.0,10.8,Prepaid_UPI,946,23,2,510.2,8,1,2.0,0
1201,Home,6675.0,0.0,COD,206,8,1,404.0,6,0,1.0,0
1202,Home,302.0,31.3,COD,108,7,2,145.6,1,1,5.0,0
1203,Footwear,2635.0,39.8,COD,1499,34,6,142.2,6,0,5.0,1
1204,Home,2298.0,3.7,Wallet,260,2,0,411.5,4,1,3.0,0
1205,Apparel,1143.0,36.9,Prepaid_Card,246,6,1,129.3,2,1,3.0,0
1206,Apparel,1157.0,36.0,COD,161,5,0,135.7,3,1,,1
1207,Home,3317.0,12.1,Prepaid_Card,654,14,0,291.8,4,1,2.0,0
1208,Electronics,40267.0,0.0,COD,15,1,0,169.2,1,0,,0
1209,Apparel,1366.0,5.9,COD,64,0,0,293.3,5,0,1.0,1
1210,Electronics,40784.0,13.1,Prepaid_Card,81,2,0,73.8,5,1,1.0,0
1211,Footwear,3407.0,45.1,Prepaid_Card,133,5,1,187.7,4,0,2.0,0
1212,Footwear,1904.0,20.2,Prepaid_UPI,808,21,3,434.9,5,0,2.0,0
1213,Home,4100.0,6.9,Prepaid_Card,310,4,2,139.8,4,0,,0
1214,Electronics,18276.0,24.2,Prepaid_Card,671,14,2,173.7,2,1,1.0,0
1215,Apparel,1891.0,2.6,Prepaid_UPI,834,15,3,207.8,3,0,2.0,0
1216,Electronics,9417.0,29.7,COD,108,6,2,179.2,3,1,1.0,1
1217,Apparel,2086.0,7.3,Prepaid_UPI,196,6,2,73.8,6,1,4.0,0
1218,Home,4769.0,9.5,Prepaid_UPI,433,6,0,415.5,2,1,2.0,0
1219,Home,5011.0,27.6,COD,444,10,2,217.7,3,1,1.0,1
1220,Apparel,1330.0,48.3,COD,10,0,0,306.2,5,0,4.0,0
1221,Apparel,1398.0,55.0,COD,165,2,0,451.0,1,0,,1
1222,Apparel,1602.0,6.4,COD,105,4,1,172.7,3,0,3.0,1
1223,Footwear,3120.0,13.1,Prepaid_Card,43,3,0,281.9,5,1,4.0,0
1224,Home,1949.0,29.7,COD,342,8,1,26.2,5,1,3.0,1
1225,Apparel,1448.0,39.5,Prepaid_Card,96,1,0,43.3,5,1,1.0,0
1226,Footwear,1919.0,0.0,COD,359,7,1,235.2,3,1,3.0,0
1227,Electronics,29102.0,23.3,COD,300,7,0,88.2,2,0,,0
1228,Electronics,25195.0,14.7,COD,156,3,0,310.2,3,1,1.0,0
1229,Beauty,572.0,0.0,COD,126,3,0,344.2,5,0,4.0,1
1230,Apparel,1723.0,1.9,Wallet,38,2,0,153.0,4,0,4.0,0
1231,Apparel,1223.0,13.5,COD,17,0,0,330.5,2,1,4.0,0
1232,Home,4546.0,22.9,COD,199,3,0,197.0,9,0,3.0,0
1233,Apparel,1611.0,37.1,COD,169,4,0,493.1,3,1,4.0,0
1234,Home,5327.0,27.3,COD,197,8,1,103.2,2,0,1.0,1
1235,Apparel,1748.0,36.2,Prepaid_Card,279,8,1,216.8,3,1,1.0,0
1236,Apparel,772.0,22.4,Prepaid_UPI,279,6,0,271.6,6,0,3.0,0
1237,Apparel,599.0,11.4,COD,672,16,3,373.5,6,0,4.0,0
1238,Electronics,30510.0,19.2,Prepaid_Card,718,16,1,356.7,8,0,1.0,0
1239,Apparel,825.0,32.4,Prepaid_Card,400,11,3,182.4,2,1,4.0,0
1240,Apparel,606.0,37.5,Prepaid_UPI,53,2,1,201.6,4,0,4.0,1
1241,Footwear,1025.0,19.8,Prepaid_Card,214,7,1,136.8,7,0,5.0,0
1242,Electronics,14901.0,8.1,COD,132,0,0,462.7,2,1,2.0,0
1243,Electronics,44640.0,27.0,Prepaid_UPI,91,0,0,574.6,7,0,4.0,0
1244,Apparel,683.0,29.2,Prepaid_UPI,751,17,3,65.0,5,0,,0
1245,Electronics,14276.0,40.5,Prepaid_Card,135,4,0,407.3,3,0,4.0,0
1246,Apparel,2057.0,11.8,Wallet,35,6,0,344.6,1,0,1.0,1
1247,Home,7717.0,12.0,Prepaid_UPI,29,0,0,38.3,6,0,,0
1248,Apparel,812.0,33.3,COD,253,6,1,388.5,8,0,3.0,0
1249,Footwear,4022.0,15.9,Prepaid_UPI,1732,38,12,507.1,5,0,5.0,1
1250,Beauty,476.0,15.3,Prepaid_Card,27,1,0,367.0,5,1,4.0,0
1251,Apparel,1771.0,40.8,Prepaid_Card,641,18,1,130.3,5,1,,0
1252,Apparel,423.0,1.4,Prepaid_Card,598,15,3,631.1,7,0,2.0,0
1253,Apparel,1132.0,52.8,Prepaid_UPI,120,0,0,421.4,7,0,5.0,0
1254,Home,2204.0,12.8,Prepaid_Card,136,6,0,135.6,1,1,2.0,0
1255,Apparel,1667.0,35.0,Prepaid_Card,819,21,3,316.0,4,0,5.0,0
1256,Footwear,564.0,20.4,COD,355,8,1,304.9,3,0,3.0,1
1257,Footwear,2360.0,26.1,Prepaid_Card,1919,39,4,100.8,5,1,1.0,0
1258,Footwear,3287.0,18.1,Wallet,556,12,3,254.8,4,0,,0
1259,Electronics,3246.0,34.8,Prepaid_UPI,1164,27,8,295.6,5,1,1.0,0
1260,Beauty,2259.0,16.8,COD,398,11,3,176.8,5,1,,0
1261,Apparel,1050.0,13.4,Prepaid_UPI,334,4,0,539.3,1,0,4.0,1
1262,Electronics,8439.0,49.2,Prepaid_UPI,499,10,1,208.8,1,0,5.0,0
1263,Electronics,11075.0,22.4,Prepaid_Card,219,7,0,331.2,6,0,5.0,0
1264,Beauty,946.0,11.9,COD,442,13,0,247.3,3,1,,0
1265,Home,1827.0,0.0,Prepaid_Card,61,2,0,152.2,8,0,1.0,0
1266,Footwear,2542.0,50.0,COD,498,13,1,283.1,6,0,3.0,1
1267,Apparel,1539.0,13.7,COD,177,5,1,230.4,1,1,,0
1268,Beauty,1169.0,52.9,Prepaid_Card,130,5,0,625.0,3,1,3.0,0
1269,Electronics,19904.0,28.0,Wallet,109,3,0,410.2,5,0,,0
1270,Electronics,35438.0,24.1,COD,304,8,3,82.0,4,0,3.0,1
1271,Beauty,857.0,24.5,Prepaid_UPI,1167,23,2,148.3,4,1,2.0,0
1272,Electronics,28477.0,55.2,Wallet,126,4,0,134.1,2,0,5.0,0
1273,Electronics,40310.0,0.0,COD,257,3,0,37.7,5,0,1.0,0
1274,Home,2006.0,25.2,COD,447,11,1,349.2,5,1,4.0,1
1275,Apparel,1516.0,18.0,Prepaid_UPI,164,3,1,310.8,6,0,1.0,0
1276,Electronics,42721.0,18.8,Prepaid_UPI,7,1,0,116.4,4,1,3.0,0
1277,Apparel,1354.0,24.2,COD,134,1,0,119.5,3,1,5.0,1
1278,Apparel,2158.0,18.0,Prepaid_Card,296,6,1,55.3,5,0,4.0,0
1279,Footwear,1740.0,24.8,Prepaid_Card,196,5,1,141.0,5,1,5.0,0
1280,Home,4645.0,21.6,Prepaid_UPI,35,2,0,302.3,5,1,5.0,0
1281,Electronics,14823.0,2.3,Prepaid_UPI,318,9,2,666.7,7,0,3.0,0
1282,Electronics,1363.0,27.7,COD,906,18,6,84.3,2,0,,0
1283,Electronics,44882.0,32.7,COD,604,10,0,286.4,6,1,4.0,0
1284,Home,2148.0,13.9,COD,57,0,0,720.9,2,1,5.0,0
1285,Beauty,2437.0,50.0,Wallet,20,0,0,218.3,6,0,4.0,1
1286,Beauty,1685.0,42.0,Wallet,32,4,1,215.0,1,1,2.0,0
1287,Electronics,40792.0,34.7,Prepaid_UPI,1178,29,0,243.7,4,0,1.0,1
1288,Electronics,43563.0,34.5,COD,5,0,0,226.0,7,0,2.0,0
1289,Electronics,26071.0,22.5,Prepaid_Card,24,4,0,359.5,4,0,4.0,0
1290,Home,7998.0,39.1,COD,178,7,0,849.9,4,1,2.0,1
1291,Electronics,34809.0,45.6,COD,128,0,0,151.8,5,0,2.0,0
1292,Home,4333.0,34.1,COD,39,0,0,95.9,1,1,,0
1293,Home,5343.0,13.4,Prepaid_UPI,514,8,3,122.0,5,1,2.0,0
1294,Electronics,9709.0,21.4,COD,385,8,1,375.7,2,1,3.0,0
1295,Electronics,1683.0,30.6,Prepaid_Card,334,7,2,269.5,7,0,4.0,0
1296,Electronics,12447.0,34.6,Wallet,63,1,0,412.9,4,0,1.0,0
1297,Apparel,1183.0,20.8,Prepaid_UPI,107,0,0,65.3,5,0,5.0,0
1298,Apparel,810.0,13.5,COD,85,0,0,209.8,2,1,,0
1299,Footwear,2556.0,45.8,Wallet,25,1,0,352.4,6,0,4.0,0
1300,Electronics,30018.0,5.9,Prepaid_Card,191,5,1,63.8,4,0,,0
1301,Apparel,1580.0,7.9,Prepaid_Card,178,0,0,284.8,1,0,3.0,0
1302,Home,7182.0,2.1,Prepaid_Card,5,0,0,214.6,3,0,1.0,0
1303,Footwear,4365.0,7.8,Prepaid_UPI,795,20,2,575.9,6,0,1.0,0
1304,Apparel,2003.0,40.7,Prepaid_Card,963,19,2,89.8,5,0,4.0,0
1305,Footwear,2981.0,41.2,Prepaid_Card,24,1,0,433.1,6,0,1.0,1
1306,Beauty,634.0,20.9,Prepaid_Card,1175,23,1,180.5,4,0,2.0,0
1307,Home,7565.0,29.4,COD,2050,47,0,62.0,7,1,,1
1308,Home,1646.0,21.8,Prepaid_UPI,492,7,1,157.8,7,1,5.0,1
1309,Apparel,673.0,4.1,COD,68,1,0,403.0,1,0,5.0,0
1310,Beauty,896.0,55.3,COD,960,23,3,382.8,6,0,2.0,0
1311,Electronics,26324.0,42.6,COD,1,1,0,329.9,8,1,3.0,0
1312,Beauty,1751.0,27.3,COD,311,6,1,122.2,5,0,,0
1313,Home,402.0,9.2,COD,843,17,2,584.6,4,0,1.0,0
1314,Apparel,1800.0,18.6,Prepaid_Card,511,11,2,242.3,1,0,5.0,0
1315,Apparel,715.0,11.6,COD,23,0,0,209.4,4,0,4.0,0
1316,Home,2583.0,23.5,COD,1180,26,1,241.0,3,1,1.0,0
1317,Home,2780.0,26.6,Prepaid_UPI,695,15,2,97.9,6,1,1.0,0
1318,Apparel,998.0,16.9,Wallet,156,3,0,65.3,7,1,4.0,0
1319,Footwear,3541.0,0.2,Prepaid_Card,162,6,1,217.7,4,0,2.0,0
1320,Footwear,664.0,54.0,COD,83,0,0,51.9,2,0,3.0,1
1321,Electronics,9807.0,25.6,COD,445,6,1,392.7,1,1,3.0,0
1322,Electronics,2178.0,28.8,COD,226,4,0,523.1,6,0,,0
1323,Apparel,1801.0,15.7,COD,137,3,0,819.6,5,1,5.0,0
1324,Footwear,4435.0,0.0,Wallet,325,7,2,148.1,1,0,5.0,0
1325,Electronics,30088.0,20.8,Prepaid_UPI,106,2,0,383.3,6,1,2.0,0
1326,Footwear,2861.0,17.2,COD,282,4,1,33.1,6,0,,0
1327,Electronics,40973.0,32.6,Wallet,156,2,0,371.3,1,1,2.0,0
1328,Home,2263.0,35.6,Prepaid_Card,29,0,0,221.6,2,0,4.0,0
1329,Apparel,520.0,33.5,COD,56,0,0,318.3,10,0,2.0,1
1330,Apparel,1318.0,36.8,Prepaid_Card,11,2,0,479.5,5,1,4.0,0
1331,Footwear,1541.0,49.1,COD,43,1,0,190.0,9,0,,0
1332,Electronics,20957.0,27.8,Prepaid_UPI,62,0,0,336.9,5,1,3.0,0
1333,Electronics,21186.0,38.5,COD,719,18,6,313.0,7,0,1.0,1
1334,Beauty,899.0,29.4,Prepaid_Card,12,1,0,276.6,4,0,1.0,0
1335,Beauty,1293.0,0.0,COD,94,0,0,135.8,3,1,5.0,0
1336,Footwear,2021.0,19.7,Wallet,428,3,0,116.8,1,0,1.0,0
1337,Apparel,604.0,9.0,Prepaid_Card,455,7,0,191.4,6,1,3.0,0
1338,Home,6974.0,25.5,Prepaid_Card,704,17,2,395.6,3,1,3.0,0
1339,Footwear,3305.0,10.1,COD,466,12,2,277.7,2,0,4.0,1
1340,Electronics,3009.0,31.1,Wallet,228,2,0,332.7,1,0,4.0,0
1341,Apparel,608.0,36.7,Prepaid_Card,1,1,0,317.9,5,0,3.0,0
1342,Footwear,886.0,40.1,COD,5,1,0,785.1,6,1,3.0,0
1343,Electronics,3904.0,46.3,Prepaid_UPI,36,4,0,372.5,4,1,4.0,0
1344,Home,755.0,0.0,COD,1352,32,6,135.5,4,1,1.0,1
1345,Beauty,519.0,4.0,COD,178,7,2,218.6,8,0,2.0,1
1346,Home,6829.0,65.9,Prepaid_Card,952,22,2,416.5,1,0,,1
1347,Electronics,37477.0,37.1,COD,593,14,0,57.6,8,0,2.0,0
1348,Electronics,35502.0,25.4,Prepaid_Card,921,20,5,235.9,2,0,2.0,0
1349,Electronics,28124.0,22.5,COD,227,7,3,184.7,4,0,1.0,1
1350,Apparel,1702.0,21.1,COD,316,4,1,123.4,5,0,1.0,1
1351,Footwear,3454.0,0.0,COD,228,5,0,118.4,7,0,,0
1352,Footwear,4057.0,10.4,COD,17,1,0,363.5,1,1,1.0,0
1353,Apparel,1718.0,20.3,Wallet,202,7,1,394.6,5,1,,0
1354,Apparel,1726.0,11.3,Prepaid_Card,768,16,1,188.2,3,0,4.0,0
1355,Footwear,3716.0,13.2,Prepaid_Card,1235,29,7,198.6,7,1,3.0,1
1356,Apparel,1401.0,60.4,COD,327,7,1,224.4,3,0,,0
1357,Electronics,10531.0,18.2,Prepaid_UPI,414,11,1,32.8,1,1,5.0,0
1358,Electronics,4903.0,26.2,COD,435,8,2,635.5,5,0,4.0,0
1359,Home,3527.0,25.6,COD,136,4,0,350.7,4,1,5.0,0
1360,Apparel,565.0,30.8,Prepaid_Card,352,8,2,415.9,8,0,2.0,0
1361,Home,1604.0,14.8,Prepaid_Card,42,0,0,190.1,7,1,,0
1362,Electronics,2244.0,40.7,Prepaid_UPI,35,0,0,347.9,3,1,1.0,0
1363,Home,2612.0,28.7,Prepaid_UPI,1162,28,1,100.7,7,1,3.0,0
1364,Apparel,2146.0,2.7,Prepaid_UPI,667,13,2,337.3,5,0,1.0,0
1365,Electronics,17797.0,20.4,COD,121,0,0,245.2,6,1,2.0,0
1366,Electronics,11751.0,19.4,COD,34,2,1,103.1,3,0,1.0,0
1367,Apparel,1126.0,18.7,COD,55,0,0,566.2,4,1,2.0,0
1368,Apparel,942.0,29.6,Prepaid_UPI,368,11,4,357.6,6,1,5.0,0
1369,Apparel,1613.0,31.5,Wallet,311,10,2,829.3,6,1,4.0,0
1370,Electronics,28990.0,29.7,Wallet,916,22,0,134.3,1,0,5.0,1
1371,Apparel,449.0,27.1,COD,31,1,0,213.3,6,0,5.0,1
1372,Beauty,1352.0,23.3,Prepaid_UPI,71,5,0,361.6,3,0,1.0,1
1373,Electronics,2786.0,0.0,Prepaid_Card,778,20,1,49.5,5,1,1.0,0
1374,Footwear,3209.0,33.7,Prepaid_UPI,324,6,1,282.5,1,0,5.0,1
1375,Beauty,2349.0,29.3,Prepaid_Card,9,3,0,364.9,6,1,5.0,0
1376,Apparel,2033.0,7.2,COD,109,1,0,120.6,6,1,,1
1377,Home,1884.0,26.2,COD,213,4,0,250.0,3,1,2.0,0
1378,Footwear,3471.0,31.7,Wallet,38,0,0,152.6,5,1,4.0,0
1379,Home,6407.0,39.6,Prepaid_Card,82,2,0,301.6,4,1,3.0,0
1380,Electronics,39059.0,29.7,COD,1010,22,1,343.3,6,1,,0
1381,Electronics,12570.0,26.8,COD,204,4,0,242.8,1,0,2.0,0
1382,Apparel,1212.0,36.2,COD,372,8,1,390.7,2,1,4.0,0
1383,Electronics,10902.0,17.4,Wallet,367,7,2,100.5,3,1,5.0,0
1384,Beauty,207.0,28.2,COD,119,3,0,398.7,4,1,5.0,0
1385,Beauty,1699.0,12.7,COD,505,14,2,634.5,8,1,4.0,0
1386,Apparel,1177.0,38.7,Prepaid_UPI,517,9,1,111.9,5,0,5.0,1
1387,Home,2210.0,0.0,Prepaid_Card,209,6,2,107.8,7,1,1.0,0
1388,Apparel,1925.0,34.3,COD,573,13,1,526.1,3,1,5.0,0
1389,Beauty,1315.0,22.3,COD,47,2,1,276.8,3,0,2.0,0
1390,Apparel,2190.0,36.5,COD,85,2,0,370.8,3,1,2.0,0
1391,Beauty,2014.0,10.3,COD,72,0,0,156.9,4,0,5.0,0
1392,Footwear,3977.0,23.3,COD,354,9,2,182.0,6,1,4.0,0
1393,Apparel,1792.0,22.9,COD,104,3,1,465.6,4,1,1.0,1
1394,Apparel,591.0,28.5,Prepaid_UPI,62,0,0,199.9,4,1,2.0,1
1395,Footwear,760.0,6.3,Prepaid_UPI,137,0,0,169.1,6,1,4.0,0
1396,Apparel,2047.0,31.5,Prepaid_UPI,386,9,1,63.8,3,1,1.0,1
1397,Electronics,7253.0,0.0,COD,20,2,1,180.3,3,0,1.0,1
1398,Beauty,1069.0,12.0,COD,34,3,0,108.8,4,1,2.0,0
1399,Home,4996.0,0.0,Wallet,275,9,2,124.8,9,1,2.0,0
1400,Electronics,10481.0,34.4,Prepaid_UPI,35,2,0,146.3,6,1,2.0,0
1401,Electronics,11067.0,28.0,Prepaid_Card,296,6,1,412.6,9,1,4.0,0
1402,Apparel,1239.0,28.8,COD,663,15,0,60.6,2,0,3.0,0
1403,Beauty,998.0,44.1,COD,269,3,1,258.4,5,1,,1
1404,Apparel,1618.0,17.3,Prepaid_Card,990,21,8,186.9,4,1,4.0,1
1405,Apparel,535.0,31.1,Prepaid_Card,61,1,0,290.0,4,1,5.0,0
1406,Apparel,1280.0,23.0,COD,75,1,0,316.9,1,0,2.0,0
1407,Beauty,560.0,20.7,Wallet,117,3,0,145.0,7,0,3.0,0
1408,Apparel,1492.0,41.6,Prepaid_Card,410,6,1,423.5,1,1,,0
1409,Footwear,965.0,53.2,Prepaid_Card,334,5,1,651.9,6,1,2.0,0
1410,Home,1822.0,15.5,COD,307,8,3,103.5,4,0,1.0,1
1411,Footwear,3716.0,34.5,Prepaid_UPI,151,2,0,353.2,2,0,4.0,0
1412,Beauty,703.0,26.8,Prepaid_UPI,100,1,0,223.3,2,1,5.0,0
1413,Footwear,3448.0,27.0,COD,10,0,0,246.0,5,0,4.0,0
1414,Beauty,792.0,25.7,Prepaid_Card,170,2,0,430.5,4,0,4.0,0
1415,Apparel,823.0,17.0,Prepaid_Card,248,8,2,351.5,5,0,1.0,0
1416,Footwear,1697.0,0.0,Prepaid_UPI,97,0,0,197.9,1,1,2.0,0
1417,Home,7083.0,45.0,COD,432,10,2,461.6,1,0,,0
1418,Home,3358.0,11.6,Prepaid_UPI,190,3,1,227.4,1,1,4.0,0
1419,Footwear,1475.0,18.4,Prepaid_Card,53,1,0,146.2,6,0,2.0,0
1420,Beauty,1411.0,18.7,COD,342,7,0,268.3,8,1,3.0,1
1421,Home,3269.0,10.2,COD,42,1,0,496.1,4,1,1.0,1
1422,Electronics,35811.0,25.6,COD,319,10,2,82.0,6,1,1.0,1
1423,Electronics,44582.0,21.3,COD,280,5,1,335.3,5,1,2.0,1
1424,Electronics,24264.0,11.3,Prepaid_Card,547,11,1,52.8,7,1,5.0,0
1425,Electronics,20987.0,24.2,Prepaid_UPI,450,9,1,370.2,7,1,1.0,0
1426,Electronics,16225.0,21.5,COD,1728,41,1,304.2,2,1,,0
1427,Apparel,2152.0,35.9,Wallet,1621,36,4,555.9,5,1,3.0,0
1428,Apparel,1270.0,1.9,COD,71,4,0,93.2,6,0,5.0,1
1429,Footwear,1212.0,9.9,Prepaid_Card,609,13,3,283.1,6,0,1.0,1
1430,Electronics,43652.0,32.9,Wallet,48,3,0,142.4,6,1,4.0,1
1431,Beauty,2408.0,12.4,Prepaid_UPI,194,5,1,191.6,4,1,4.0,0
1432,Home,3655.0,8.4,Prepaid_Card,220,6,1,611.1,6,1,4.0,0
1433,Apparel,1027.0,13.1,Prepaid_UPI,6,0,0,292.9,1,0,,0
1434,Apparel,1625.0,20.5,COD,535,9,2,334.1,1,0,,0
1435,Apparel,1892.0,20.5,COD,60,3,0,186.7,8,0,1.0,0
1436,Beauty,1322.0,18.9,Prepaid_Card,45,3,0,238.8,7,1,5.0,0
1437,Apparel,995.0,6.6,COD,447,15,3,436.8,8,0,5.0,0
1438,Electronics,14401.0,33.6,COD,428,7,0,554.7,4,1,,0
1439,Beauty,918.0,41.9,COD,264,7,2,241.2,2,1,,0
1440,Beauty,427.0,0.0,Wallet,709,14,0,493.5,4,1,,0
1441,Apparel,1802.0,0.0,Prepaid_UPI,121,1,0,236.7,9,1,5.0,0
1442,Apparel,589.0,37.0,Prepaid_UPI,97,1,0,149.7,3,0,2.0,0
1443,Apparel,1117.0,45.5,Prepaid_UPI,125,4,1,274.2,4,0,1.0,1
1444,Apparel,1903.0,0.0,COD,686,14,3,139.1,7,0,,1
1445,Apparel,1127.0,34.2,COD,106,2,0,286.8,5,0,5.0,0
1446,Home,2570.0,46.6,Prepaid_Card,439,11,2,103.4,4,1,2.0,0
1447,Beauty,2378.0,9.1,Prepaid_Card,774,19,1,359.2,6,1,,0
1448,Electronics,6743.0,45.7,COD,18,2,0,108.6,3,0,4.0,0
1449,Home,7113.0,19.3,Prepaid_Card,198,5,0,150.3,6,0,1.0,1
1450,Apparel,512.0,26.7,Prepaid_Card,524,11,1,167.3,1,1,5.0,0
1451,Footwear,2154.0,11.2,COD,116,1,0,117.0,1,0,,0
1452,Home,5164.0,37.0,COD,67,3,0,234.2,4,1,,0
1453,Footwear,1980.0,34.5,COD,621,12,2,29.5,7,0,5.0,0
1454,Beauty,1406.0,47.9,Prepaid_Card,803,18,2,216.2,4,0,2.0,0
1455,Electronics,10135.0,43.6,Wallet,64,0,0,15.7,4,0,1.0,0
1456,Apparel,1424.0,21.9,Prepaid_Card,168,4,0,293.1,5,0,4.0,0
1457,Apparel,642.0,68.6,Prepaid_UPI,1244,26,6,101.3,4,1,3.0,0
1458,Electronics,36069.0,42.3,Prepaid_UPI,394,8,1,307.8,1,1,3.0,0
1459,Beauty,1522.0,30.1,COD,445,9,3,483.0,6,1,1.0,0
1460,Electronics,22309.0,7.0,Prepaid_Card,1260,26,1,169.1,5,1,2.0,0
1461,Footwear,719.0,0.0,Prepaid_Card,374,8,1,250.6,5,0,4.0,0
1462,Home,4148.0,0.3,Prepaid_Card,137,0,0,89.2,2,0,5.0,0
1463,Apparel,1414.0,8.0,COD,3,0,0,309.4,8,1,1.0,0
1464,Electronics,12836.0,42.7,Wallet,300,8,4,350.7,4,1,,0
1465,Home,5517.0,29.3,Wallet,497,11,3,80.2,8,1,1.0,0
1466,Home,891.0,12.8,COD,121,1,0,355.7,1,0,5.0,0
1467,Electronics,10341.0,20.0,COD,179,6,0,715.7,4,1,3.0,0
1468,Apparel,1728.0,18.1,COD,4,0,0,196.7,8,0,,1
1469,Footwear,1089.0,34.0,Prepaid_UPI,432,8,1,174.1,4,0,4.0,0
1470,Apparel,842.0,8.8,Prepaid_Card,1574,33,1,426.0,1,0,4.0,0
1471,Beauty,1680.0,27.2,COD,18,4,1,164.5,2,1,1.0,0
1472,Apparel,1712.0,26.5,Prepaid_UPI,535,12,2,93.6,5,0,2.0,0
1473,Apparel,493.0,9.3,COD,47,1,0,220.8,8,0,2.0,0
1474,Electronics,6745.0,45.8,Prepaid_Card,473,11,1,378.5,4,0,,0
1475,Electronics,20740.0,17.6,COD,207,1,0,227.6,7,1,,0
1476,Electronics,27164.0,7.1,Prepaid_Card,1407,30,4,197.5,5,0,4.0,0
1477,Electronics,21076.0,34.8,Prepaid_Card,473,11,1,321.6,4,0,3.0,0
1478,Beauty,1671.0,22.8,COD,1344,30,7,132.8,6,1,2.0,1
1479,Electronics,34312.0,28.1,Prepaid_Card,474,15,2,258.0,7,1,1.0,0
1480,Electronics,42790.0,4.2,Wallet,607,12,3,54.6,4,1,2.0,0
1481,Electronics,16525.0,34.2,Prepaid_Card,15,2,0,310.7,3,1,3.0,0
1482,Apparel,694.0,54.6,Wallet,853,21,3,443.3,1,0,4.0,0
1483,Home,2333.0,3.1,Prepaid_Card,1527,34,3,540.3,5,0,5.0,1
1484,Apparel,667.0,27.3,Prepaid_UPI,983,22,1,398.0,3,0,1.0,0
1485,Home,3336.0,10.2,COD,115,2,0,347.2,6,1,5.0,0
1486,Apparel,1971.0,62.3,Prepaid_UPI,575,9,1,225.8,5,0,2.0,0
1487,Beauty,966.0,40.6,COD,1328,30,5,359.4,5,1,,1
1488,Electronics,7718.0,26.2,COD,555,13,3,244.2,4,0,,0
1489,Footwear,2591.0,3.6,COD,383,10,1,101.7,2,0,5.0,0
1490,Electronics,44647.0,7.2,COD,561,13,2,455.9,6,1,3.0,0
1491,Apparel,739.0,33.2,Wallet,62,3,1,54.6,6,1,4.0,1
1492,Footwear,3611.0,1.6,Wallet,266,4,0,177.3,10,1,2.0,0
1493,Home,6640.0,2.0,Prepaid_UPI,642,17,4,144.4,3,1,5.0,0
1494,Footwear,2105.0,22.1,COD,336,5,0,247.9,2,1,4.0,0
1495,Electronics,28336.0,24.0,Prepaid_UPI,271,6,0,389.3,2,0,2.0,0
1496,Home,3629.0,27.7,Prepaid_UPI,360,9,1,339.3,4,0,4.0,0
1497,Footwear,1549.0,15.4,COD,231,4,1,70.3,6,1,1.0,0
1498,Home,3581.0,35.8,Prepaid_Card,897,21,2,103.3,6,0,2.0,0
1499,Electronics,5374.0,9.1,Prepaid_UPI,7,0,0,348.8,8,0,1.0,0
1500,Home,5744.0,31.4,COD,267,6,0,764.6,5,1,3.0,0
1501,Home,6685.0,25.2,Prepaid_Card,70,1,0,163.9,2,1,4.0,0
1502,Beauty,872.0,31.0,Prepaid_UPI,173,3,0,96.1,5,1,3.0,0
1503,Electronics,26012.0,39.7,COD,65,6,1,187.7,1,0,4.0,0
1504,Electronics,11368.0,15.2,Prepaid_Card,544,10,3,86.9,4,1,2.0,0
1505,Footwear,1010.0,12.1,Prepaid_Card,228,0,0,213.7,4,1,4.0,0
1506,Electronics,30266.0,0.0,Prepaid_UPI,904,18,1,250.9,6,0,4.0,0
1507,Footwear,1036.0,0.0,Wallet,1020,23,6,440.2,5,0,5.0,0
1508,Electronics,35451.0,19.4,Prepaid_UPI,684,14,1,323.0,3,0,2.0,0
1509,Apparel,889.0,20.4,Prepaid_Card,661,17,1,380.6,3,0,2.0,0
1510,Footwear,3774.0,5.7,Prepaid_Card,365,10,3,212.5,5,0,3.0,0
1511,Apparel,1063.0,8.9,Prepaid_Card,270,5,1,618.5,6,0,1.0,1
1512,Apparel,1064.0,44.9,Prepaid_Card,595,10,1,87.2,6,0,5.0,1
1513,Home,6079.0,35.1,COD,123,0,0,218.1,3,0,3.0,0
1514,Footwear,2541.0,3.1,Prepaid_UPI,429,9,3,213.0,4,1,4.0,0
1515,Footwear,1304.0,15.4,Prepaid_UPI,20,0,0,149.5,2,1,2.0,0
1516,Apparel,1931.0,28.1,Prepaid_Card,379,8,1,486.5,2,1,2.0,1
1517,Apparel,1012.0,12.6,Prepaid_UPI,116,5,1,29.7,1,1,3.0,1
1518,Beauty,392.0,9.9,Prepaid_UPI,491,12,1,115.7,3,1,3.0,0
1519,Apparel,1149.0,16.9,COD,472,11,1,250.5,7,1,,0
1520,Apparel,1433.0,38.4,COD,353,6,1,194.4,8,0,5.0,1
1521,Apparel,1498.0,39.7,COD,259,6,1,222.3,6,0,4.0,0
1522,Electronics,37800.0,11.0,COD,94,2,0,123.7,7,0,4.0,0
1523,Footwear,2666.0,28.9,Prepaid_Card,348,8,1,166.4,6,1,1.0,0
1524,Footwear,1395.0,21.9,COD,7,2,1,427.4,5,1,3.0,0
1525,Home,2315.0,6.9,COD,193,6,1,337.9,1,0,1.0,0
1526,Apparel,582.0,17.5,COD,230,5,1,231.6,9,0,,1
1527,Electronics,33433.0,3.0,Prepaid_UPI,40,2,1,370.4,4,0,5.0,0
1528,Electronics,5840.0,39.4,Prepaid_UPI,131,2,0,416.5,4,0,4.0,0
1529,Apparel,1490.0,45.3,COD,687,18,3,681.7,8,1,,1
1530,Apparel,1475.0,15.8,COD,918,19,3,358.6,5,0,1.0,0
1531,Apparel,1814.0,12.3,COD,223,5,1,406.2,10,0,2.0,1
1532,Apparel,534.0,37.8,COD,1640,39,13,140.9,3,0,4.0,1
1533,Home,1862.0,40.2,COD,140,2,0,306.4,7,0,2.0,0
1534,Home,7304.0,5.3,COD,428,7,1,242.9,4,0,3.0,1
1535,Apparel,1430.0,19.8,COD,53,0,0,413.5,5,1,,0
1536,Electronics,21247.0,21.1,Wallet,1574,38,5,400.4,3,0,1.0,0
1537,Footwear,3491.0,10.4,Prepaid_Card,308,2,1,392.3,3,0,4.0,0
1538,Footwear,4110.0,27.8,Prepaid_UPI,240,6,0,471.4,7,1,5.0,1
1539,Footwear,1552.0,11.5,COD,335,6,0,323.7,6,1,3.0,0
1540,Electronics,40685.0,13.9,COD,1067,23,5,149.1,5,1,3.0,0
1541,Footwear,935.0,20.5,Wallet,800,17,3,343.3,1,0,4.0,0
1542,Apparel,2160.0,0.0,COD,161,5,1,410.0,1,0,4.0,0
1543,Electronics,8421.0,0.0,Prepaid_Card,115,3,0,418.0,2,0,2.0,0
1544,Apparel,879.0,35.8,Wallet,21,2,0,180.0,4,0,3.0,0
1545,Electronics,5431.0,10.9,Prepaid_Card,802,20,4,55.3,4,0,3.0,0
1546,Electronics,36401.0,54.0,COD,95,2,0,523.2,5,0,5.0,0
1547,Apparel,2172.0,51.6,Prepaid_Card,129,2,0,169.3,7,1,5.0,0
1548,Footwear,1688.0,14.4,COD,155,4,2,217.0,8,1,3.0,0
1549,Apparel,986.0,57.1,COD,45,2,0,193.0,5,1,5.0,0
1550,Apparel,902.0,36.1,COD,178,2,0,269.4,3,1,4.0,0
1551,Apparel,679.0,12.3,Prepaid_UPI,552,13,3,195.0,6,0,3.0,0
1552,Electronics,35690.0,0.0,Prepaid_UPI,393,8,0,255.1,5,0,3.0,0
1553,Apparel,509.0,32.3,COD,240,4,0,139.6,6,0,,1
1554,Electronics,43589.0,22.5,COD,391,7,2,487.3,7,1,5.0,1
1555,Apparel,2069.0,28.5,Prepaid_UPI,648,13,1,331.4,4,1,1.0,0
1556,Footwear,974.0,18.6,Wallet,47,4,0,253.8,8,1,4.0,0
1557,Beauty,1394.0,4.8,COD,208,4,1,41.2,1,1,5.0,0
1558,Electronics,44687.0,15.6,COD,197,7,1,123.3,6,0,5.0,0
1559,Home,6865.0,32.6,Prepaid_UPI,421,10,1,369.5,3,0,,1
1560,Footwear,3361.0,16.7,Prepaid_UPI,18,0,0,135.4,5,1,3.0,0
1561,Beauty,203.0,16.6,Wallet,631,14,1,312.8,5,0,3.0,0
1562,Home,827.0,0.0,COD,128,0,0,198.9,4,1,,0
1563,Footwear,3676.0,23.4,COD,122,4,0,254.0,3,0,,0
1564,Beauty,1035.0,5.3,Prepaid_Card,167,3,0,203.9,3,0,5.0,0
1565,Footwear,3174.0,35.8,COD,222,7,1,215.2,5,0,1.0,0
1566,Electronics,33576.0,11.0,Prepaid_UPI,772,20,1,363.4,6,1,,0
1567,Apparel,1160.0,17.6,COD,55,0,0,370.3,9,0,2.0,1
1568,Apparel,658.0,54.5,Prepaid_Card,63,0,0,269.0,4,0,4.0,0
1569,Electronics,18137.0,17.4,Wallet,921,18,0,375.4,1,1,,0
1570,Electronics,39352.0,15.4,Wallet,943,25,1,97.7,6,1,4.0,0
1571,Electronics,15702.0,30.8,Prepaid_Card,657,14,2,239.5,1,1,1.0,0
1572,Home,782.0,0.0,Wallet,45,0,0,183.5,8,0,3.0,0
1573,Home,7685.0,40.8,COD,190,9,0,179.4,6,1,,1
1574,Footwear,3223.0,36.9,COD,106,1,0,167.7,2,0,,0
1575,Apparel,1374.0,29.9,COD,15,0,0,454.5,1,1,2.0,0
1576,Apparel,1892.0,0.0,Wallet,169,1,0,119.9,3,1,5.0,0
1577,Footwear,2145.0,18.1,Wallet,1945,44,9,168.4,6,1,2.0,1
1578,Footwear,4440.0,2.9,COD,313,7,2,268.0,3,0,4.0,0
1579,Beauty,2165.0,38.9,COD,160,2,0,174.4,6,1,2.0,0
1580,Footwear,1622.0,37.8,COD,60,0,0,172.8,7,1,,1
1581,Footwear,1984.0,27.8,COD,7,0,0,189.3,3,1,2.0,0
1582,Apparel,896.0,4.0,Prepaid_UPI,70,4,1,335.6,6,1,4.0,0
1583,Electronics,30079.0,44.4,COD,42,2,0,470.0,7,1,1.0,0
1584,Apparel,1551.0,18.1,Prepaid_UPI,402,8,0,367.7,6,1,4.0,0
1585,Home,4323.0,49.1,Prepaid_Card,113,2,0,653.1,6,0,3.0,0
1586,Beauty,2420.0,26.0,COD,455,12,2,580.6,3,0,4.0,1
1587,Electronics,21886.0,29.6,COD,1115,28,8,67.7,9,0,5.0,0
1588,Home,6335.0,15.1,Wallet,279,4,0,460.0,2,0,5.0,0
1589,Apparel,1585.0,43.1,Prepaid_Card,102,4,1,570.2,4,1,3.0,0
1590,Apparel,1333.0,31.1,Prepaid_Card,128,2,0,327.5,7,1,4.0,0
1591,Apparel,476.0,43.6,COD,486,8,2,216.8,4,1,1.0,0
1592,Apparel,1583.0,24.7,Wallet,25,0,0,136.6,4,0,1.0,0
1593,Beauty,1660.0,21.3,Prepaid_UPI,52,4,1,351.3,2,1,2.0,0
1594,Electronics,6669.0,30.9,Prepaid_UPI,332,10,1,102.4,3,1,2.0,0
1595,Footwear,3684.0,43.6,Prepaid_Card,399,8,1,260.2,10,0,3.0,0
1596,Home,3896.0,37.3,Prepaid_UPI,780,17,4,889.9,4,1,2.0,0
1597,Apparel,983.0,24.1,COD,741,13,1,88.2,7,0,3.0,0
1598,Apparel,1883.0,0.0,Prepaid_UPI,58,3,0,264.7,3,1,4.0,1
1599,Footwear,1873.0,34.2,COD,186,4,1,418.3,2,0,3.0,0
1600,Apparel,1519.0,0.4,Prepaid_Card,19,0,0,284.4,3,1,1.0,0
1601,Beauty,1602.0,22.5,Wallet,85,2,1,354.6,6,0,3.0,0
1602,Apparel,495.0,20.3,Wallet,224,2,1,89.9,1,1,5.0,1
1603,Home,3556.0,0.7,Prepaid_Card,221,6,1,639.7,8,0,4.0,0
1604,Footwear,1391.0,27.6,Prepaid_Card,155,1,0,278.4,6,1,1.0,0
1605,Apparel,759.0,54.3,Prepaid_UPI,232,6,1,105.5,4,0,5.0,0
1606,Apparel,1579.0,17.3,Wallet,241,4,0,406.5,3,1,5.0,0
1607,Beauty,177.0,33.5,Prepaid_UPI,223,0,0,630.8,3,1,4.0,0
1608,Apparel,2144.0,57.3,COD,928,23,10,203.7,7,0,5.0,1
1609,Electronics,18518.0,34.9,COD,88,4,0,232.9,1,0,3.0,0
1610,Electronics,14288.0,12.3,Prepaid_UPI,233,4,0,462.1,4,1,5.0,0
1611,Apparel,2056.0,25.6,Prepaid_UPI,266,6,2,395.0,7,0,1.0,0
1612,Footwear,2447.0,29.2,Prepaid_UPI,287,7,1,149.4,1,1,1.0,1
1613,Footwear,2957.0,43.5,Prepaid_UPI,26,2,0,54.4,3,0,3.0,0
1614,Electronics,31678.0,40.2,COD,1085,28,6,638.2,1,1,,1
1615,Footwear,3986.0,0.0,COD,751,18,5,190.3,2,1,3.0,0
1616,Apparel,634.0,9.2,Prepaid_UPI,199,4,1,115.5,5,1,4.0,1
1617,Apparel,547.0,20.9,COD,103,3,0,156.8,6,1,,0
1618,Home,7952.0,6.8,Prepaid_UPI,364,7,1,521.3,4,1,5.0,0
1619,Beauty,171.0,0.0,Prepaid_UPI,688,13,1,20.9,1,0,2.0,0
1620,Apparel,1675.0,11.1,Prepaid_UPI,1534,37,6,455.2,3,0,3.0,0
1621,Apparel,1500.0,21.9,COD,16,1,0,328.4,5,1,4.0,0
1622,Electronics,25402.0,14.1,Prepaid_UPI,57,0,0,211.8,4,1,2.0,0
1623,Footwear,3643.0,7.0,COD,720,15,1,266.8,2,1,3.0,0
1624,Apparel,2186.0,22.6,COD,658,16,3,380.6,3,0,2.0,0
1625,Electronics,3254.0,27.1,COD,43,0,0,197.2,6,0,2.0,0
1626,Footwear,2958.0,15.0,COD,1289,27,4,156.7,5,0,3.0,0
1627,Electronics,32595.0,42.6,Wallet,1612,41,10,367.9,2,1,3.0,1
1628,Apparel,951.0,22.9,Wallet,903,19,2,285.3,5,0,4.0,0
1629,Apparel,2007.0,8.9,COD,316,9,1,540.9,3,1,1.0,1
1630,Electronics,21216.0,5.1,Prepaid_UPI,296,10,3,515.0,3,1,,0
1631,Electronics,8404.0,18.8,Prepaid_Card,20,0,0,212.3,5,0,2.0,0
1632,Footwear,3918.0,38.7,Prepaid_UPI,840,19,2,245.7,2,1,3.0,0
1633,Home,7561.0,9.6,Prepaid_UPI,716,20,5,497.2,4,0,4.0,0
1634,Home,1066.0,30.9,Prepaid_Card,147,4,1,421.7,7,1,5.0,0
1635,Beauty,1916.0,23.4,COD,1005,27,3,335.3,10,0,1.0,1
1636,Electronics,10618.0,51.9,COD,94,1,0,466.0,1,1,4.0,0
1637,Electronics,1494.0,27.9,Prepaid_Card,82,5,0,96.1,3,0,,0
1638,Beauty,762.0,11.5,Wallet,614,14,1,333.1,7,1,3.0,0
1639,Apparel,1939.0,33.0,Prepaid_Card,437,9,3,141.7,2,1,3.0,0
1640,Footwear,1065.0,33.6,COD,166,5,0,402.9,4,0,,1
1641,Footwear,1023.0,16.0,COD,826,18,1,329.9,8,1,1.0,0
1642,Apparel,1730.0,4.5,Wallet,657,14,3,454.4,3,1,3.0,0
1643,Electronics,18999.0,30.0,COD,105,3,0,522.2,4,0,4.0,1
1644,Apparel,667.0,23.0,Prepaid_UPI,680,11,2,110.0,2,1,2.0,0
1645,Apparel,814.0,0.0,Prepaid_UPI,375,7,1,336.0,6,0,4.0,0
1646,Electronics,36004.0,25.8,COD,220,6,2,178.7,1,1,1.0,0
1647,Apparel,1522.0,12.4,COD,617,16,3,380.6,3,1,4.0,1
1648,Footwear,3544.0,0.0,COD,7,1,0,173.9,2,0,5.0,1
1649,Beauty,380.0,16.7,COD,79,2,0,182.4,4,1,1.0,0
1650,Footwear,2332.0,41.2,Prepaid_UPI,301,7,1,278.1,9,0,1.0,0
1651,Apparel,1835.0,40.1,Prepaid_UPI,306,9,1,106.6,5,1,4.0,1
1652,Apparel,878.0,36.2,COD,310,4,0,143.1,5,0,5.0,0
1653,Apparel,705.0,26.0,Prepaid_Card,160,3,1,353.4,5,0,4.0,1
1654,Apparel,1087.0,30.9,COD,264,6,1,592.5,4,0,1.0,1
1655,Beauty,933.0,23.5,COD,853,19,1,68.8,7,0,1.0,0
1656,Electronics,9324.0,5.4,Prepaid_UPI,106,0,0,166.8,6,1,1.0,0
1657,Apparel,2117.0,8.4,Prepaid_UPI,163,1,0,316.7,2,1,1.0,0
1658,Footwear,2432.0,12.9,Prepaid_UPI,187,4,0,81.1,7,1,4.0,0
1659,Electronics,27834.0,43.0,COD,390,11,0,216.8,5,1,,0
1660,Apparel,618.0,38.2,Prepaid_Card,167,3,0,296.8,6,1,5.0,0
1661,Apparel,1498.0,5.8,Prepaid_Card,35,0,0,252.1,1,0,1.0,0
1662,Home,4576.0,22.8,Wallet,58,2,0,189.8,5,1,1.0,0
1663,Footwear,4228.0,16.0,Prepaid_Card,142,2,0,96.6,4,0,5.0,0
1664,Apparel,1142.0,19.7,Wallet,199,6,1,806.1,3,1,2.0,0
1665,Beauty,1988.0,14.0,COD,1690,37,4,161.9,7,0,4.0,1
1666,Footwear,1717.0,43.1,Prepaid_Card,1821,38,2,396.1,1,1,3.0,0
1667,Footwear,2816.0,21.7,Prepaid_UPI,998,25,5,358.0,11,0,4.0,0
1668,Apparel,2069.0,25.2,COD,893,22,3,218.2,2,0,5.0,0
1669,Apparel,1525.0,25.4,Prepaid_Card,271,4,0,192.2,6,1,1.0,0
1670,Footwear,3345.0,6.6,Prepaid_Card,112,3,0,101.9,5,1,3.0,1
1671,Apparel,1977.0,23.6,Wallet,580,12,0,431.9,7,1,1.0,1
1672,Home,7426.0,37.9,COD,1151,27,9,453.2,8,0,,0
1673,Footwear,1333.0,44.1,Wallet,348,6,0,224.4,4,1,5.0,0
1674,Apparel,753.0,4.8,COD,332,9,4,169.1,5,1,2.0,1
1675,Footwear,2702.0,0.0,Prepaid_Card,144,6,0,133.4,4,1,3.0,0
1676,Beauty,2489.0,22.9,Prepaid_Card,209,3,1,235.1,2,0,1.0,1
1677,Footwear,2461.0,38.6,COD,415,9,2,148.4,5,1,1.0,1
1678,Electronics,15694.0,27.4,Wallet,66,4,1,276.8,4,0,,0
1679,Footwear,2649.0,32.2,Wallet,926,19,3,301.2,5,1,2.0,0
1680,Electronics,4021.0,1.6,Wallet,68,0,0,302.6,4,1,4.0,1
1681,Footwear,1209.0,13.4,Wallet,704,17,2,136.4,5,0,1.0,0
1682,Footwear,1096.0,0.0,Prepaid_UPI,56,1,0,145.5,6,1,5.0,0
1683,Footwear,612.0,19.9,Prepaid_Card,188,1,0,222.5,2,1,4.0,0
1684,Apparel,1700.0,0.0,Prepaid_UPI,943,20,4,426.1,6,0,1.0,1
1685,Apparel,986.0,42.0,COD,1235,31,6,301.8,8,1,,0
1686,Apparel,703.0,45.3,Prepaid_UPI,1009,27,5,129.5,2,1,3.0,0
1687,Electronics,23636.0,24.1,Prepaid_Card,136,2,0,307.0,5,1,5.0,0
1688,Electronics,15367.0,0.0,Prepaid_UPI,273,4,0,11.4,5,0,,0
1689,Home,3326.0,27.6,COD,697,15,0,373.3,6,1,5.0,0
1690,Electronics,15020.0,49.9,COD,1631,40,9,464.9,6,0,2.0,1
1691,Footwear,516.0,29.1,COD,41,3,0,183.9,7,1,1.0,1
1692,Beauty,1768.0,39.8,Prepaid_Card,3,3,0,260.5,5,0,2.0,0
1693,Apparel,599.0,14.7,COD,369,10,1,142.4,2,1,5.0,0
1694,Footwear,1377.0,8.9,COD,29,0,0,118.2,4,1,5.0,0
1695,Home,1765.0,20.9,COD,554,10,2,417.5,8,1,3.0,0
1696,Electronics,15714.0,0.0,Prepaid_Card,742,15,1,146.6,3,1,2.0,0
1697,Apparel,688.0,56.0,COD,272,5,1,255.4,6,0,3.0,1
1698,Footwear,1888.0,24.1,Prepaid_UPI,216,3,1,338.8,6,1,2.0,1
1699,Beauty,722.0,35.0,COD,1223,26,2,277.8,6,1,1.0,0
1700,Footwear,745.0,15.1,Prepaid_Card,686,17,1,93.6,7,0,1.0,0
1701,Beauty,2196.0,0.0,COD,204,5,1,226.3,4,1,5.0,1
1702,Beauty,868.0,43.4,Prepaid_Card,568,15,1,367.5,4,1,,0
1703,Electronics,5373.0,5.1,Prepaid_Card,814,19,4,227.8,8,0,,0
1704,Home,4316.0,27.2,Prepaid_Card,244,4,1,234.3,9,1,3.0,1
1705,Electronics,6599.0,28.6,Prepaid_Card,402,9,1,399.6,8,0,2.0,0
1706,Beauty,1967.0,23.1,Prepaid_Card,798,15,1,349.6,6,0,5.0,0
1707,Apparel,511.0,10.2,COD,566,8,1,186.2,3,0,5.0,0
1708,Electronics,21551.0,19.8,Prepaid_Card,138,4,1,527.3,5,1,3.0,0
1709,Footwear,4275.0,7.7,COD,149,5,0,151.0,4,0,5.0,0
1710,Apparel,686.0,34.1,Prepaid_UPI,543,12,2,180.2,7,0,2.0,0
1711,Footwear,1305.0,30.6,Prepaid_Card,301,6,2,253.3,5,0,1.0,1
1712,Electronics,27500.0,21.7,Prepaid_UPI,670,12,2,339.3,6,1,1.0,0
1713,Beauty,2453.0,13.5,Prepaid_Card,508,14,2,484.2,4,0,2.0,1
1714,Footwear,2043.0,53.6,COD,605,14,4,184.2,1,1,5.0,1
1715,Apparel,1568.0,2.5,COD,398,9,1,258.5,7,1,,0
1716,Footwear,1109.0,0.0,COD,817,18,1,528.2,4,1,4.0,0
1717,Electronics,29293.0,20.8,Prepaid_Card,347,7,1,415.4,7,0,1.0,0
1718,Home,2245.0,18.1,Prepaid_UPI,23,0,0,310.0,4,0,,0
1719,Home,5022.0,38.5,Prepaid_UPI,186,5,2,277.7,8,0,5.0,1
1720,Footwear,855.0,31.7,Prepaid_Card,974,21,4,85.9,3,0,3.0,0
1721,Apparel,1345.0,22.4,COD,83,1,0,336.3,4,1,3.0,1
1722,Apparel,827.0,29.5,Prepaid_UPI,670,18,3,193.3,5,0,1.0,0
1723,Home,5549.0,29.2,COD,242,5,1,445.2,1,1,5.0,0
1724,Home,6057.0,53.6,COD,99,0,0,270.7,5,0,3.0,0
1725,Electronics,38349.0,25.8,Prepaid_UPI,66,0,0,105.0,6,1,3.0,0
1726,Apparel,2186.0,11.8,COD,790,16,2,129.8,5,0,,1
1727,Electronics,21320.0,25.0,COD,759,17,2,696.1,10,1,1.0,1
1728,Footwear,3182.0,0.0,COD,319,4,1,348.5,3,1,,0
1729,Apparel,433.0,21.5,Prepaid_Card,368,9,1,179.8,1,1,5.0,0
1730,Electronics,40843.0,38.4,COD,448,9,3,279.1,2,0,5.0,0
1731,Beauty,1597.0,31.0,Prepaid_Card,677,14,1,221.6,5,0,3.0,0
1732,Apparel,1158.0,26.5,Prepaid_Card,239,6,0,441.5,7,1,5.0,1
1733,Footwear,2237.0,31.7,COD,474,10,1,369.7,5,1,4.0,0
1734,Apparel,1764.0,38.5,COD,57,1,0,882.3,3,1,1.0,0
1735,Footwear,3834.0,43.4,Prepaid_UPI,308,6,0,301.4,8,0,3.0,0
1736,Footwear,3732.0,28.7,COD,147,3,0,117.8,4,0,3.0,0
1737,Footwear,2542.0,17.3,Prepaid_UPI,111,3,0,66.3,1,0,4.0,1
1738,Apparel,1068.0,0.0,Prepaid_Card,562,13,1,46.7,7,1,4.0,0
1739,Electronics,42615.0,36.7,COD,124,5,0,419.0,6,0,,1
1740,Footwear,3037.0,29.7,Prepaid_Card,278,5,0,267.9,5,0,3.0,0
1741,Apparel,1379.0,24.3,Prepaid_Card,594,14,1,221.7,8,0,,0
1742,Apparel,1477.0,11.7,Prepaid_Card,193,9,0,137.3,4,1,4.0,0
1743,Apparel,1534.0,36.5,Prepaid_UPI,95,2,0,240.8,5,0,3.0,0
1744,Beauty,1826.0,18.1,Wallet,44,1,0,368.1,2,1,3.0,0
1745,Home,4560.0,21.5,Prepaid_UPI,770,15,2,224.9,3,0,5.0,0
1746,Home,7040.0,21.2,Prepaid_Card,569,11,3,459.0,3,1,,0
1747,Footwear,3939.0,28.7,Prepaid_Card,346,7,1,607.1,6,0,2.0,0
1748,Electronics,20571.0,4.8,Prepaid_Card,41,2,0,279.3,3,0,1.0,0
1749,Electronics,8582.0,30.4,COD,80,3,0,212.2,4,1,,0
1750,Electronics,26458.0,11.2,Prepaid_UPI,41,2,0,200.8,4,1,4.0,0
1751,Home,5080.0,11.7,Prepaid_UPI,20,2,0,271.0,4,1,3.0,0
1752,Apparel,1342.0,35.3,COD,686,13,2,277.7,3,1,5.0,0
1753,Footwear,4062.0,7.1,Wallet,94,3,1,302.1,4,1,,1
1754,Footwear,872.0,35.3,Prepaid_UPI,46,1,0,84.9,2,1,1.0,0
1755,Electronics,13789.0,23.5,Prepaid_Card,745,17,5,295.2,4,0,5.0,0
1756,Home,6967.0,0.0,Wallet,133,2,1,291.3,4,1,2.0,0
1757,Apparel,2091.0,42.5,COD,986,20,0,361.2,5,1,5.0,1
1758,Beauty,1151.0,26.7,COD,505,9,0,392.8,6,0,2.0,1
1759,Beauty,603.0,27.9,COD,142,4,1,477.1,8,1,,1
1760,Beauty,1138.0,37.1,Prepaid_Card,19,1,0,309.1,1,1,5.0,0
1761,Electronics,21180.0,44.5,COD,93,2,0,395.0,4,0,1.0,0
1762,Apparel,1335.0,25.0,Wallet,165,4,0,311.2,2,1,2.0,0
1763,Apparel,894.0,31.3,COD,112,1,0,472.0,5,0,4.0,1
1764,Apparel,963.0,27.6,COD,42,2,0,246.0,6,1,3.0,1
1765,Apparel,1580.0,16.9,Prepaid_Card,135,3,0,182.3,2,1,2.0,1
1766,Apparel,1519.0,0.0,COD,120,2,0,264.0,5,0,4.0,1
1767,Beauty,1706.0,25.2,Prepaid_UPI,133,5,1,531.7,6,1,2.0,0
1768,Apparel,1079.0,42.7,COD,374,10,0,189.9,5,0,1.0,0
1769,Apparel,1006.0,30.7,Wallet,1059,20,2,526.0,4,0,3.0,0
1770,Footwear,1906.0,6.0,Prepaid_UPI,214,5,0,317.8,6,1,2.0,0
1771,Home,7624.0,38.5,COD,32,0,0,417.0,4,0,1.0,1
1772,Footwear,2081.0,17.4,COD,616,14,4,334.7,6,1,5.0,0
1773,Home,4967.0,0.0,COD,366,2,0,275.8,5,0,1.0,0
1774,Footwear,2591.0,37.3,Wallet,73,2,0,82.5,4,0,4.0,0
1775,Home,7047.0,7.8,Prepaid_UPI,404,10,2,181.1,2,1,3.0,0
1776,Electronics,17367.0,48.7,Prepaid_Card,462,10,3,836.4,5,1,3.0,0
1777,Home,3643.0,39.2,COD,57,0,0,98.0,2,1,,0
1778,Electronics,38114.0,18.6,Prepaid_UPI,154,7,0,450.8,2,0,4.0,0
1779,Electronics,8250.0,28.9,COD,263,8,0,76.0,4,1,2.0,0
1780,Electronics,27230.0,58.4,Prepaid_UPI,177,3,0,578.8,4,0,4.0,0
1781,Apparel,1120.0,37.0,Prepaid_UPI,47,1,0,368.4,2,1,2.0,0
1782,Footwear,4443.0,25.6,COD,812,14,0,150.3,4,0,2.0,0
1783,Apparel,1698.0,65.3,Prepaid_Card,67,2,0,158.2,4,0,5.0,0
1784,Apparel,419.0,23.8,COD,33,0,0,264.6,3,0,5.0,0
1785,Apparel,1911.0,30.7,COD,314,8,3,71.5,4,1,2.0,1
1786,Footwear,3313.0,8.0,Wallet,1327,32,9,467.7,6,1,2.0,0
1787,Electronics,25770.0,0.0,Prepaid_UPI,520,11,3,171.1,4,0,3.0,0
1788,Home,2118.0,17.7,Prepaid_UPI,222,3,0,107.2,6,1,3.0,0
1789,Footwear,1097.0,22.6,Prepaid_Card,221,7,1,425.3,4,1,2.0,0
1790,Apparel,1531.0,26.9,COD,372,8,3,61.7,7,1,1.0,0
1791,Footwear,2260.0,0.7,Prepaid_UPI,757,17,3,247.5,6,1,5.0,1
1792,Apparel,1951.0,31.9,Prepaid_Card,1234,26,2,131.8,4,0,3.0,0
1793,Apparel,872.0,9.5,COD,49,1,0,328.6,3,1,2.0,0
1794,Home,5209.0,31.1,COD,67,1,0,473.1,6,1,4.0,1
1795,Beauty,735.0,36.0,Prepaid_Card,228,2,1,69.5,3,1,1.0,0
1796,Apparel,1545.0,16.1,Prepaid_UPI,321,10,2,475.5,1,1,3.0,0
1797,Home,672.0,7.5,COD,557,16,4,227.3,6,1,4.0,0
1798,Apparel,1105.0,45.2,Prepaid_UPI,262,8,1,120.9,3,1,4.0,0
1799,Home,1630.0,35.1,COD,407,11,1,115.6,1,1,4.0,0
1800,Home,4966.0,24.3,COD,772,21,1,228.2,4,0,,0
1801,Home,2739.0,44.0,COD,690,13,2,61.7,7,0,5.0,1
1802,Home,6241.0,23.2,Prepaid_UPI,579,11,1,221.9,3,1,3.0,0
1803,Apparel,606.0,12.7,COD,34,0,0,240.7,4,1,4.0,1
1804,Home,4583.0,7.0,Prepaid_Card,756,17,1,342.9,6,0,2.0,0
1805,Home,4871.0,20.4,COD,227,4,0,449.9,3,1,1.0,0
1806,Home,470.0,33.6,Prepaid_UPI,34,0,0,360.9,4,1,5.0,0
1807,Apparel,465.0,42.8,Prepaid_UPI,61,1,0,534.8,6,0,,0
1808,Electronics,14701.0,22.4,COD,148,3,1,133.9,6,0,4.0,0
1809,Electronics,27878.0,40.2,Wallet,174,6,1,317.4,5,1,2.0,0
1810,Apparel,2133.0,18.8,COD,357,8,1,333.5,1,1,,0
1811,Apparel,563.0,10.3,COD,1966,40,7,527.9,6,1,3.0,1
1812,Electronics,31999.0,2.4,Prepaid_Card,98,3,1,330.7,4,1,1.0,0
1813,Footwear,3271.0,14.4,Prepaid_UPI,500,14,2,159.0,6,1,3.0,0
1814,Apparel,1605.0,3.0,COD,541,12,1,251.4,1,0,,0
1815,Footwear,2565.0,52.1,Prepaid_Card,879,22,2,320.0,7,0,4.0,0
1816,Home,7745.0,28.6,COD,190,3,1,90.4,3,1,1.0,0
1817,Footwear,2507.0,20.6,Prepaid_Card,390,10,1,566.8,5,0,1.0,0
1818,Electronics,37917.0,47.8,Prepaid_Card,99,1,0,254.1,7,0,4.0,0
1819,Electronics,12698.0,2.5,Wallet,145,3,1,705.6,5,0,,0
1820,Home,6509.0,19.9,Prepaid_Card,108,2,0,101.0,5,1,1.0,0
1821,Beauty,2492.0,52.0,Prepaid_Card,509,12,2,139.3,5,0,4.0,0
1822,Electronics,41062.0,19.8,Prepaid_Card,892,18,4,340.5,2,1,2.0,0
1823,Electronics,14518.0,58.7,COD,318,4,0,202.2,7,1,5.0,0
1824,Home,6815.0,33.8,COD,70,2,0,439.1,7,0,3.0,0
1825,Footwear,881.0,41.6,Wallet,584,14,1,265.6,4,0,1.0,0
1826,Apparel,1620.0,42.0,COD,560,13,1,257.8,1,1,1.0,1
1827,Electronics,16186.0,22.0,Prepaid_UPI,39,3,0,251.7,7,1,1.0,0
1828,Electronics,30050.0,14.7,COD,1056,23,1,109.6,1,1,2.0,0
1829,Beauty,1119.0,20.3,Prepaid_UPI,226,6,2,269.8,6,0,2.0,0
1830,Electronics,1596.0,7.2,COD,13,0,0,133.6,3,1,,0
1831,Electronics,11330.0,21.0,Wallet,569,12,2,721.5,6,1,3.0,0
1832,Beauty,250.0,21.9,Prepaid_UPI,79,2,0,52.1,2,1,5.0,0
1833,Electronics,19914.0,47.3,COD,1075,28,9,291.3,5,1,2.0,1
1834,Apparel,1912.0,30.9,Prepaid_UPI,72,3,0,312.8,1,0,3.0,0
1835,Apparel,1728.0,57.4,Prepaid_Card,336,9,0,342.4,5,0,5.0,0
1836,Apparel,1820.0,0.0,COD,594,15,2,395.0,4,0,4.0,0
1837,Apparel,1853.0,3.7,COD,29,0,0,77.9,6,0,5.0,1
1838,Electronics,17491.0,16.7,Prepaid_UPI,1051,24,4,319.6,3,1,5.0,1
1839,Footwear,2524.0,44.4,Prepaid_UPI,684,17,2,242.5,5,0,1.0,0
1840,Footwear,2534.0,20.4,COD,24,1,0,221.1,4,0,,0
1841,Apparel,604.0,0.0,Prepaid_UPI,1114,25,3,424.4,5,0,1.0,0
1842,Home,4906.0,18.3,COD,125,1,0,498.9,5,1,5.0,0
1843,Apparel,1696.0,4.0,COD,699,15,0,97.8,6,0,4.0,1
1844,Beauty,1586.0,1.1,Prepaid_Card,1017,21,5,253.4,2,1,5.0,0
1845,Apparel,1743.0,52.0,COD,347,10,2,383.1,4,1,4.0,0
1846,Home,1215.0,16.7,COD,23,4,0,268.2,5,1,4.0,0
1847,Electronics,34550.0,24.6,Prepaid_Card,844,23,3,477.8,9,1,1.0,1
1848,Home,1903.0,20.6,COD,1560,33,1,155.7,9,1,3.0,0
1849,Electronics,39605.0,18.2,COD,208,3,0,455.4,2,1,,0
1850,Footwear,1480.0,9.4,Prepaid_UPI,179,2,0,203.5,3,1,3.0,1
1851,Apparel,1286.0,17.3,Prepaid_Card,76,0,0,132.1,1,1,,0
1852,Beauty,1295.0,27.1,Prepaid_UPI,603,11,4,269.5,9,0,1.0,1
1853,Electronics,12976.0,43.3,Prepaid_Card,356,7,1,228.9,5,0,,0
1854,Footwear,1947.0,36.2,Prepaid_Card,51,3,0,90.5,6,0,4.0,0
1855,Footwear,1242.0,3.7,COD,109,1,0,255.2,4,0,,0
1856,Beauty,1490.0,36.8,Prepaid_UPI,138,5,1,414.3,4,1,4.0,0
1857,Apparel,2043.0,29.1,COD,1,3,0,516.2,7,1,4.0,1
1858,Apparel,970.0,12.6,COD,298,7,1,381.6,2,1,4.0,0
1859,Apparel,1315.0,24.7,Prepaid_UPI,40,3,0,148.3,2,1,3.0,0
1860,Apparel,1951.0,30.6,Prepaid_UPI,405,6,0,309.4,4,0,5.0,0
1861,Home,3784.0,22.7,Prepaid_Card,156,2,0,81.0,5,1,4.0,0
1862,Beauty,2103.0,29.2,COD,101,3,0,353.9,6,0,,0
1863,Beauty,1199.0,9.1,COD,247,6,1,336.3,5,1,5.0,0
1864,Electronics,20483.0,51.9,Prepaid_Card,23,3,0,147.3,3,0,3.0,0
1865,Home,1511.0,0.0,Prepaid_UPI,94,0,0,200.0,4,0,,0
1866,Footwear,1000.0,30.7,Prepaid_Card,55,0,0,291.9,5,0,2.0,1
1867,Beauty,1587.0,27.5,COD,791,17,2,333.9,6,1,5.0,0
1868,Apparel,1889.0,31.6,COD,717,15,3,424.0,7,0,3.0,0
1869,Electronics,7131.0,11.4,Prepaid_Card,162,2,0,79.9,4,0,5.0,0
1870,Footwear,4140.0,39.5,Prepaid_UPI,26,0,0,75.2,3,1,1.0,0
1871,Apparel,1046.0,20.4,COD,490,10,1,69.4,3,1,3.0,0
1872,Electronics,19826.0,4.2,COD,229,8,1,297.1,7,1,,1
1873,Beauty,2252.0,5.6,COD,138,1,0,374.7,4,0,4.0,0
1874,Beauty,2256.0,23.9,COD,77,3,1,209.7,3,0,1.0,0
1875,Beauty,1383.0,0.0,Prepaid_Card,118,5,0,196.3,5,0,1.0,0
1876,Footwear,1607.0,49.0,COD,1060,23,6,130.5,8,1,,0
1877,Apparel,709.0,37.7,Prepaid_Card,368,9,2,391.8,2,1,5.0,0
1878,Electronics,13095.0,49.4,Prepaid_UPI,278,7,1,278.5,6,1,5.0,0
1879,Home,6311.0,47.8,Wallet,320,8,0,327.5,3,1,2.0,0
1880,Home,2799.0,16.7,Wallet,30,1,0,221.3,5,1,1.0,0
1881,Electronics,31622.0,9.0,COD,735,15,2,202.5,6,0,2.0,0
1882,Home,1803.0,0.0,COD,210,6,2,244.2,7,0,5.0,0
1883,Electronics,22158.0,15.9,COD,616,13,0,230.3,3,1,4.0,0
1884,Footwear,1908.0,48.5,Prepaid_UPI,181,4,0,494.6,6,0,4.0,0
1885,Electronics,23258.0,9.6,COD,245,6,0,121.3,5,0,1.0,0
1886,Electronics,26164.0,18.9,COD,247,7,1,395.8,5,0,5.0,1
1887,Apparel,2184.0,13.7,COD,10,4,1,170.9,7,1,4.0,0
1888,Apparel,2020.0,27.6,COD,154,2,0,197.1,3,1,4.0,0
1889,Footwear,3283.0,41.3,Prepaid_UPI,30,1,0,296.7,6,0,2.0,0
1890,Electronics,7934.0,0.0,Prepaid_Card,1363,27,1,369.1,5,0,3.0,0
1891,Apparel,2054.0,1.8,Prepaid_Card,223,8,0,224.0,7,0,1.0,0
1892,Footwear,4070.0,44.3,Wallet,544,12,3,114.3,5,0,3.0,1
1893,Home,7128.0,33.0,COD,471,10,3,595.4,4,0,4.0,0
1894,Apparel,1262.0,18.1,COD,271,6,1,85.7,6,1,1.0,0
1895,Apparel,707.0,47.6,COD,603,14,2,118.7,3,0,5.0,0
1896,Apparel,1758.0,1.5,Prepaid_Card,658,13,1,528.4,4,1,3.0,0
1897,Home,3292.0,36.0,Prepaid_Card,382,11,1,453.5,3,0,4.0,0
1898,Apparel,1020.0,21.0,COD,57,3,1,553.4,3,1,,1
1899,Apparel,1103.0,31.1,Wallet,197,6,2,170.4,1,0,4.0,1
1900,Apparel,1406.0,0.0,COD,129,2,0,141.4,3,1,4.0,0
1901,Home,2868.0,18.1,COD,1260,27,3,417.4,4,1,3.0,0
1902,Apparel,1642.0,33.1,Prepaid_Card,54,1,0,112.3,6,0,3.0,0
1903,Footwear,3091.0,21.1,Wallet,391,10,3,143.3,2,0,2.0,0
1904,Apparel,1316.0,40.8,Prepaid_UPI,643,15,2,88.7,3,0,2.0,0
1905,Home,716.0,40.3,Wallet,138,2,1,163.8,4,1,4.0,1
1906,Electronics,42221.0,7.6,COD,13,2,1,129.7,6,0,2.0,1
1907,Electronics,19232.0,34.4,Prepaid_Card,137,1,0,102.3,5,0,4.0,0
1908,Apparel,1209.0,7.1,Prepaid_UPI,207,3,1,257.6,5,0,4.0,0
1909,Footwear,2324.0,22.8,Prepaid_Card,89,2,0,191.1,6,1,3.0,1
1910,Footwear,1960.0,31.8,COD,219,3,0,320.7,6,0,,0
1911,Apparel,1614.0,9.5,Wallet,431,8,3,116.4,3,0,2.0,1
1912,Apparel,425.0,33.8,COD,615,17,0,160.8,8,1,1.0,1
1913,Beauty,2203.0,14.4,COD,19,3,0,78.4,1,1,1.0,0
1914,Home,1089.0,13.3,Prepaid_UPI,419,14,1,186.4,6,0,4.0,0
1915,Apparel,2199.0,32.6,Wallet,268,7,1,416.7,5,0,1.0,0
1916,Apparel,1531.0,9.5,Wallet,337,9,2,372.4,7,1,2.0,0
1917,Home,810.0,8.7,Prepaid_UPI,170,3,0,227.3,4,0,5.0,0
1918,Footwear,2750.0,37.6,COD,1262,27,1,702.8,3,1,2.0,1
1919,Home,2851.0,23.6,Wallet,28,2,0,81.7,2,0,,0
1920,Beauty,2390.0,0.2,Prepaid_Card,102,5,0,448.9,2,0,1.0,0
1921,Electronics,34290.0,34.8,Prepaid_Card,152,5,0,121.5,4,0,3.0,0
1922,Apparel,1313.0,15.9,COD,301,5,1,237.4,3,0,1.0,0
1923,Electronics,20024.0,1.0,Prepaid_UPI,1220,28,5,342.5,3,1,4.0,0
1924,Electronics,44819.0,0.0,Prepaid_Card,90,0,0,150.1,2,0,1.0,0
1925,Apparel,1601.0,35.6,Prepaid_UPI,235,5,0,169.3,7,0,2.0,0
1926,Apparel,1325.0,9.1,COD,504,14,3,449.5,3,0,4.0,1
1927,Electronics,18630.0,3.3,COD,33,0,0,254.2,5,1,,1
1928,Home,2799.0,31.6,Prepaid_Card,280,11,3,88.8,4,1,4.0,0
1929,Apparel,1670.0,34.1,COD,689,16,4,194.6,5,0,2.0,0
1930,Electronics,26949.0,10.2,Prepaid_UPI,635,13,2,156.4,4,1,5.0,1
1931,Home,6831.0,35.7,COD,213,5,1,73.4,6,0,,0
1932,Home,4562.0,52.8,Prepaid_Card,714,14,2,89.6,6,1,1.0,0
1933,Footwear,2829.0,42.2,COD,66,0,0,290.8,7,0,5.0,0
1934,Footwear,2409.0,39.9,COD,6,0,0,131.3,3,0,2.0,0
1935,Home,6172.0,26.7,Prepaid_Card,182,3,1,736.4,3,1,2.0,0
1936,Apparel,1147.0,15.3,COD,36,0,0,302.6,4,0,4.0,0
1937,Electronics,38515.0,21.2,COD,217,4,0,420.6,5,0,3.0,0
1938,Home,2818.0,28.6,COD,129,0,0,62.2,6,1,3.0,0
1939,Apparel,1647.0,3.1,COD,1259,25,4,302.5,3,1,4.0,0
1940,Apparel,2007.0,10.5,Prepaid_Card,65,0,0,262.6,5,0,3.0,0
1941,Apparel,1784.0,0.6,COD,191,8,3,331.4,4,1,1.0,0
1942,Electronics,16206.0,25.5,COD,428,10,3,36.0,4,0,,0
1943,Electronics,32138.0,23.2,Prepaid_UPI,162,5,0,622.5,4,0,3.0,0
1944,Apparel,773.0,12.2,Prepaid_Card,862,19,4,228.3,8,0,1.0,0
1945,Footwear,733.0,34.3,Prepaid_Card,903,21,5,227.5,6,1,5.0,1
1946,Beauty,2010.0,6.3,COD,223,7,1,252.5,7,0,4.0,0
1947,Apparel,1854.0,11.7,Wallet,59,2,0,144.5,5,1,,0
1948,Beauty,204.0,33.7,COD,940,24,7,566.7,8,0,,1
1949,Apparel,2106.0,35.9,COD,205,4,1,52.0,6,1,2.0,1
1950,Beauty,1198.0,10.1,Wallet,386,10,0,181.4,1,1,1.0,0
1951,Beauty,2277.0,25.5,Prepaid_Card,100,4,0,185.6,6,1,5.0,0
1952,Apparel,1819.0,10.3,Prepaid_Card,1115,23,2,144.8,5,1,,0
1953,Footwear,4103.0,19.0,Prepaid_UPI,312,7,1,211.8,6,1,4.0,0
1954,Beauty,2108.0,24.2,COD,2465,51,2,180.9,1,1,4.0,0
1955,Beauty,2439.0,30.4,Prepaid_UPI,46,1,0,127.7,1,0,1.0,0
1956,Beauty,1628.0,26.8,Prepaid_UPI,161,3,0,236.0,4,0,2.0,0
1957,Home,2050.0,26.1,COD,650,14,4,265.2,1,1,2.0,0
1958,Apparel,1101.0,5.8,COD,40,0,0,794.5,6,0,3.0,1
1959,Footwear,3508.0,27.8,COD,9,1,0,126.2,5,1,4.0,0
1960,Home,1509.0,30.3,Wallet,386,7,1,302.2,9,0,2.0,0
1961,Home,7460.0,32.3,COD,37,5,0,297.4,5,1,3.0,1
1962,Electronics,10191.0,11.2,COD,616,15,5,401.7,6,0,,0
1963,Home,7045.0,35.7,Prepaid_UPI,945,19,6,367.3,6,1,2.0,0
1964,Apparel,1271.0,2.2,Prepaid_UPI,280,8,0,64.7,5,1,1.0,0
1965,Footwear,3862.0,15.5,COD,48,3,0,205.3,5,0,5.0,0
1966,Apparel,2125.0,17.9,Prepaid_UPI,241,6,0,119.5,4,0,5.0,0
1967,Footwear,2189.0,3.1,Prepaid_Card,386,7,1,133.2,1,0,5.0,0
1968,Footwear,3286.0,17.6,Prepaid_UPI,1179,31,6,90.6,7,0,4.0,0
1969,Electronics,11130.0,25.3,COD,56,3,1,204.0,7,1,4.0,0
1970,Electronics,36274.0,0.0,COD,1,0,0,309.7,6,1,,0
1971,Apparel,1876.0,16.1,Prepaid_Card,70,2,1,523.0,5,0,4.0,1
1972,Beauty,844.0,0.0,COD,198,4,1,250.3,4,0,5.0,0
1973,Footwear,597.0,52.6,Prepaid_Card,19,0,0,135.2,2,1,,1
1974,Electronics,20087.0,25.2,COD,124,0,0,268.6,2,0,5.0,0
1975,Apparel,706.0,23.9,Prepaid_UPI,144,3,0,326.0,3,0,1.0,1
1976,Apparel,1873.0,25.5,Prepaid_UPI,48,0,0,479.5,5,0,4.0,0
1977,Electronics,12636.0,31.1,Prepaid_UPI,192,4,1,120.9,5,1,1.0,0
1978,Beauty,2368.0,36.7,Wallet,125,4,1,89.1,3,0,3.0,0
1979,Footwear,4387.0,0.0,Wallet,79,1,0,280.4,2,0,1.0,0
1980,Apparel,2036.0,41.7,Prepaid_Card,205,4,1,234.5,3,0,4.0,1
1981,Footwear,2898.0,40.7,COD,464,12,0,193.8,4,1,,1
1982,Electronics,12913.0,21.0,Prepaid_UPI,384,7,1,225.9,1,1,4.0,0
1983,Footwear,3729.0,20.2,Wallet,347,6,1,123.1,5,1,4.0,0
1984,Apparel,1663.0,0.0,Wallet,1040,21,2,58.5,8,1,1.0,0
1985,Home,7824.0,3.3,Prepaid_UPI,31,0,0,361.3,3,0,5.0,0
1986,Beauty,1037.0,29.8,COD,180,4,1,348.9,9,0,3.0,0
1987,Apparel,506.0,40.0,Wallet,49,2,0,95.8,3,1,1.0,0
1988,Home,7988.0,32.9,Wallet,831,17,2,218.8,4,1,5.0,0
1989,Beauty,2120.0,20.9,Prepaid_UPI,621,15,4,338.3,6,1,5.0,1
1990,Apparel,799.0,50.9,Prepaid_UPI,776,17,1,314.0,4,1,4.0,1
1991,Apparel,1706.0,37.1,Prepaid_Card,225,2,1,147.4,1,1,4.0,0
1992,Home,305.0,16.1,Wallet,177,4,1,263.6,5,0,1.0,0
1993,Electronics,25632.0,54.7,COD,165,6,0,112.1,5,0,2.0,0
1994,Apparel,1053.0,5.6,Prepaid_UPI,347,4,1,381.8,4,1,5.0,0
1995,Electronics,17902.0,0.0,COD,365,12,3,208.7,5,1,1.0,0
1996,Footwear,1478.0,15.7,COD,491,10,1,270.1,5,0,1.0,0
1997,Apparel,895.0,10.6,COD,140,0,0,297.9,3,1,1.0,0
1998,Electronics,21114.0,16.5,Prepaid_Card,722,16,4,210.5,6,1,4.0,0
1999,Footwear,1493.0,34.0,COD,808,20,5,297.9,3,1,,0
2000,Electronics,21630.0,21.5,Wallet,103,2,1,389.2,8,0,2.0,1
2001,Footwear,2809.0,21.9,Prepaid_Card,276,7,2,122.3,7,0,5.0,0
2002,Electronics,32347.0,22.9,Prepaid_UPI,425,14,3,440.4,2,0,,0
2003,Beauty,1741.0,0.0,COD,284,7,3,174.2,7,0,2.0,1
2004,Home,2163.0,0.0,COD,1788,46,19,307.2,5,1,3.0,1
2005,Apparel,471.0,16.2,Prepaid_UPI,749,19,6,206.7,6,0,2.0,0
2006,Footwear,3831.0,9.4,Prepaid_UPI,146,3,1,278.6,4,0,1.0,0
2007,Electronics,39407.0,18.5,Prepaid_Card,117,3,1,421.9,4,0,3.0,0
2008,Apparel,2162.0,43.1,Prepaid_UPI,99,2,0,235.9,4,1,5.0,0
2009,Apparel,2127.0,20.9,Prepaid_UPI,109,3,0,295.3,2,1,2.0,1
2010,Home,5180.0,2.2,Prepaid_Card,25,2,0,491.6,1,1,5.0,0
2011,Apparel,2010.0,10.1,Wallet,577,12,0,177.8,3,0,5.0,0
2012,Apparel,1206.0,47.7,Prepaid_UPI,17,0,0,137.7,3,1,1.0,0
2013,Apparel,1817.0,45.0,Prepaid_UPI,78,4,1,404.9,2,1,5.0,1
2014,Electronics,43044.0,30.9,COD,768,19,0,214.1,6,1,,0
2015,Electronics,36077.0,0.0,COD,193,1,0,195.8,5,0,4.0,0
2016,Electronics,19411.0,26.6,COD,616,14,5,443.9,3,1,,0
2017,Apparel,1080.0,27.8,Prepaid_UPI,329,9,1,148.9,4,1,2.0,0
2018,Apparel,925.0,22.4,Prepaid_UPI,74,3,0,309.5,5,1,1.0,0
2019,Home,3126.0,13.4,COD,165,2,1,539.6,3,0,1.0,0
2020,Electronics,37141.0,16.6,Prepaid_Card,224,7,1,115.0,1,1,1.0,0
2021,Home,5702.0,12.4,COD,543,12,0,548.2,7,1,5.0,0
2022,Apparel,850.0,4.8,COD,77,2,1,186.8,4,1,,1
2023,Apparel,1681.0,42.5,Wallet,1007,21,3,195.2,5,1,3.0,0
2024,Apparel,1083.0,35.2,COD,123,0,0,86.2,5,0,2.0,0
2025,Electronics,25630.0,17.7,COD,436,8,1,275.9,1,0,3.0,0
2026,Electronics,17422.0,27.3,Prepaid_Card,352,9,0,123.4,3,0,3.0,1
2027,Footwear,2587.0,27.8,COD,815,18,0,317.1,4,0,3.0,0
2028,Electronics,33165.0,57.1,Prepaid_UPI,132,4,1,224.0,4,1,3.0,0
2029,Electronics,33224.0,35.1,Wallet,323,9,1,273.1,2,1,2.0,0
2030,Home,6100.0,34.5,Prepaid_Card,550,12,4,343.8,5,0,4.0,0
2031,Apparel,1104.0,22.6,Prepaid_Card,305,6,1,624.7,6,0,1.0,0
2032,Electronics,31444.0,15.5,COD,380,4,0,237.6,4,0,4.0,1
2033,Electronics,11656.0,42.7,Prepaid_Card,306,4,1,319.4,7,0,1.0,1
2034,Electronics,22111.0,31.8,COD,1093,22,1,293.0,6,1,3.0,1
2035,Apparel,1450.0,9.6,COD,1238,29,3,270.8,5,1,4.0,0
2036,Footwear,3246.0,28.8,Prepaid_UPI,120,2,0,96.8,3,0,3.0,0
2037,Beauty,2293.0,34.6,Prepaid_Card,263,5,1,142.7,4,0,5.0,0
2038,Apparel,949.0,0.0,Prepaid_Card,275,5,2,101.7,6,0,5.0,0
2039,Home,6809.0,8.2,COD,509,10,3,509.8,1,0,5.0,0
2040,Footwear,1744.0,27.4,Prepaid_UPI,196,6,0,515.4,1,1,2.0,0
2041,Apparel,1393.0,0.0,COD,316,7,0,344.7,4,0,5.0,0
2042,Footwear,3812.0,0.0,COD,154,5,0,406.6,4,0,1.0,0
2043,Home,5868.0,17.9,Prepaid_UPI,383,4,3,103.8,4,1,2.0,1
2044,Beauty,2178.0,29.4,Prepaid_Card,257,7,0,319.1,6,1,2.0,0
2045,Beauty,2065.0,30.1,Wallet,375,7,0,161.6,5,0,2.0,0
2046,Apparel,897.0,45.7,COD,41,0,0,122.2,5,0,4.0,0
2047,Electronics,44691.0,23.2,Prepaid_UPI,321,10,2,406.8,4,0,4.0,1
2048,Home,7515.0,16.4,Wallet,173,3,0,318.1,6,0,2.0,0
2049,Apparel,1174.0,2.4,Prepaid_Card,809,19,0,110.9,7,1,4.0,0
2050,Electronics,3268.0,16.2,Prepaid_UPI,75,0,0,482.9,4,1,4.0,0
2051,Beauty,863.0,32.6,COD,693,15,1,225.3,5,1,5.0,0
2052,Apparel,1905.0,33.3,Prepaid_UPI,35,0,0,355.3,4,1,,0
2053,Electronics,42848.0,26.0,Wallet,21,0,0,175.4,2,1,,0
2054,Footwear,3827.0,30.2,Prepaid_UPI,500,12,1,277.0,1,0,2.0,0
2055,Electronics,18577.0,41.1,Wallet,78,4,0,368.6,7,0,,0
2056,Electronics,3676.0,23.1,Prepaid_Card,1,0,0,116.8,6,1,4.0,0
2057,Beauty,1366.0,42.5,Prepaid_Card,163,3,1,557.9,5,0,5.0,0
2058,Electronics,17686.0,11.1,COD,242,4,1,348.1,7,1,1.0,0
2059,Apparel,621.0,20.9,Prepaid_UPI,95,2,0,294.5,3,0,5.0,0
2060,Apparel,591.0,14.8,Prepaid_UPI,284,4,0,45.9,6,0,4.0,0
2061,Beauty,510.0,33.9,Prepaid_Card,271,2,0,238.7,5,1,4.0,0
2062,Apparel,770.0,6.8,COD,534,10,0,410.5,4,1,3.0,0
2063,Electronics,34216.0,17.2,Prepaid_Card,704,16,0,55.1,1,0,1.0,0
2064,Apparel,1087.0,0.0,Prepaid_UPI,534,12,0,512.3,1,1,5.0,0
2065,Electronics,20338.0,30.9,Wallet,489,12,2,84.0,8,0,2.0,0
2066,Beauty,1556.0,40.7,COD,414,11,2,275.5,8,0,5.0,0
2067,Electronics,43254.0,35.7,COD,291,6,1,574.9,1,1,5.0,0
2068,Beauty,1928.0,34.2,COD,12,0,0,301.3,1,0,,1
2069,Apparel,1562.0,34.6,COD,487,12,1,381.6,7,0,,1
2070,Electronics,33780.0,32.5,Wallet,116,3,0,407.3,4,0,2.0,0
2071,Footwear,3377.0,31.2,Prepaid_Card,40,0,0,328.6,3,0,5.0,0
2072,Electronics,31433.0,32.2,Prepaid_Card,14,3,1,138.1,2,0,1.0,1
2073,Apparel,1294.0,12.2,COD,55,2,0,206.3,2,0,2.0,0
2074,Footwear,2767.0,19.0,Prepaid_Card,73,2,1,139.5,7,1,5.0,1
2075,Electronics,21413.0,23.1,Wallet,24,1,0,542.8,5,1,4.0,0
2076,Electronics,18499.0,17.0,Prepaid_Card,509,13,1,209.2,1,0,4.0,0
2077,Beauty,786.0,0.0,COD,285,5,0,428.9,3,0,1.0,0
2078,Apparel,1039.0,3.5,COD,60,0,0,354.4,8,0,5.0,0
2079,Apparel,1171.0,25.4,Wallet,273,6,0,268.5,5,1,1.0,0
2080,Apparel,1443.0,35.6,Wallet,9,0,0,134.9,1,0,5.0,1
2081,Electronics,23095.0,22.1,COD,653,14,2,155.9,3,0,,0
2082,Apparel,594.0,63.5,Prepaid_Card,256,6,1,169.0,4,1,5.0,0
2083,Home,2918.0,8.2,COD,269,6,1,106.0,7,0,3.0,0
2084,Apparel,1077.0,28.7,Prepaid_Card,87,1,0,657.5,4,0,2.0,1
2085,Home,5743.0,41.4,COD,271,9,1,341.0,8,0,1.0,1
2086,Apparel,999.0,38.0,Prepaid_UPI,235,7,1,268.0,5,1,3.0,0
2087,Electronics,1548.0,31.8,Wallet,676,15,2,65.3,1,1,4.0,0
2088,Electronics,4894.0,38.1,COD,117,3,1,218.0,6,1,2.0,0
2089,Home,4127.0,22.8,Prepaid_Card,779,20,7,229.5,4,1,2.0,0
2090,Electronics,9456.0,46.9,COD,1187,25,0,255.9,3,0,3.0,0
2091,Electronics,22864.0,41.2,COD,225,3,0,259.4,5,1,1.0,0
2092,Footwear,2797.0,9.2,COD,1288,29,1,60.6,4,0,3.0,0
2093,Home,7487.0,26.8,COD,811,19,3,329.2,5,1,2.0,0
2094,Apparel,1580.0,0.0,Wallet,294,8,1,100.7,3,1,,0
2095,Beauty,223.0,44.8,COD,394,10,1,180.1,3,0,,0
2096,Electronics,17876.0,25.4,Prepaid_UPI,257,4,0,315.8,7,0,4.0,0
2097,Apparel,1828.0,42.2,COD,480,8,3,319.8,5,0,4.0,1
2098,Electronics,12613.0,20.4,Prepaid_Card,16,0,0,273.2,5,1,4.0,0
2099,Apparel,2065.0,0.0,Prepaid_Card,252,7,1,387.5,3,1,3.0,0
2100,Apparel,1352.0,61.6,Wallet,14,0,0,205.1,7,0,4.0,0
2101,Footwear,870.0,24.0,COD,1418,28,3,239.4,5,1,3.0,0
2102,Apparel,835.0,7.0,COD,879,20,5,389.9,4,0,3.0,0
2103,Footwear,4125.0,39.2,Prepaid_UPI,73,0,0,107.0,7,1,3.0,0
2104,Beauty,2480.0,52.5,Prepaid_UPI,87,0,0,549.2,4,0,2.0,0
2105,Home,6945.0,19.0,Prepaid_UPI,196,5,0,364.7,5,1,2.0,0
2106,Home,2769.0,20.5,COD,407,8,1,169.7,2,0,5.0,0
2107,Home,6220.0,25.6,COD,369,12,1,398.7,3,1,,0
2108,Beauty,672.0,5.3,Prepaid_UPI,121,3,0,117.6,6,0,2.0,0
2109,Electronics,18042.0,11.6,Prepaid_Card,174,5,0,503.5,4,0,3.0,0
2110,Apparel,1655.0,48.7,Prepaid_Card,58,1,0,68.9,5,0,3.0,0
2111,Electronics,43638.0,20.0,COD,80,1,0,99.4,4,1,,1
2112,Electronics,20437.0,9.4,COD,98,1,0,146.0,4,0,1.0,0
2113,Apparel,1293.0,15.2,Wallet,988,24,4,154.4,3,1,4.0,0
2114,Home,1995.0,38.1,Prepaid_UPI,822,20,3,289.3,3,0,3.0,0
2115,Apparel,1126.0,0.0,COD,442,7,1,382.1,4,1,1.0,1
2116,Beauty,298.0,25.8,Wallet,428,7,0,79.2,4,0,3.0,0
2117,Apparel,1945.0,58.9,Prepaid_Card,187,2,0,521.6,6,1,4.0,1
2118,Apparel,442.0,52.5,COD,25,3,1,318.8,5,0,5.0,0
2119,Apparel,1630.0,30.6,COD,282,3,0,650.8,7,0,1.0,1
2120,Apparel,892.0,41.7,Prepaid_UPI,33,2,0,233.3,6,1,2.0,0
2121,Apparel,1257.0,41.6,COD,1,1,0,553.4,3,0,4.0,0
2122,Apparel,907.0,20.1,Prepaid_Card,89,2,0,683.1,3,0,2.0,0
2123,Apparel,1120.0,35.9,Prepaid_UPI,286,5,0,154.4,7,0,1.0,0
2124,Apparel,1384.0,48.8,COD,601,16,1,142.5,6,1,,0
2125,Electronics,29271.0,3.0,Wallet,198,5,0,199.5,7,0,4.0,0
2126,Electronics,42385.0,30.6,COD,502,8,1,190.3,4,1,,0
2127,Electronics,15750.0,27.4,COD,34,0,0,284.2,4,1,2.0,1
2128,Electronics,26817.0,23.5,Prepaid_UPI,160,0,0,193.7,5,1,4.0,1
2129,Apparel,2023.0,22.2,Prepaid_Card,476,13,2,398.1,1,0,1.0,0
2130,Apparel,922.0,25.5,Prepaid_Card,110,5,0,337.9,4,1,4.0,0
2131,Apparel,1957.0,26.7,Prepaid_Card,646,17,3,146.7,9,0,5.0,0
2132,Footwear,4330.0,38.8,Wallet,14,0,0,232.0,4,0,1.0,1
2133,Beauty,2142.0,29.1,Prepaid_UPI,1528,31,5,411.8,4,1,3.0,0
2134,Beauty,1489.0,19.3,Prepaid_UPI,943,19,1,303.3,4,0,2.0,0
2135,Electronics,32829.0,9.4,COD,625,12,2,351.1,8,1,,0
2136,Electronics,22271.0,14.9,COD,140,3,0,142.5,2,1,2.0,0
2137,Apparel,1475.0,25.9,Prepaid_Card,16,3,0,249.2,6,1,4.0,0
2138,Footwear,4398.0,11.4,COD,100,5,0,111.7,4,1,4.0,0
2139,Footwear,1504.0,36.2,Prepaid_UPI,415,8,0,268.2,3,1,4.0,0
2140,Footwear,3670.0,28.5,COD,278,2,0,224.1,1,1,4.0,1
2141,Footwear,2525.0,39.2,COD,41,0,0,279.0,8,0,,1
2142,Electronics,8947.0,12.4,COD,39,3,0,135.5,6,0,,1
2143,Footwear,3074.0,9.5,COD,677,16,2,320.1,2,0,5.0,0
2144,Footwear,3670.0,39.0,COD,175,3,0,418.9,2,1,,1
2145,Apparel,1424.0,23.9,Prepaid_Card,168,3,0,49.0,3,1,1.0,0
2146,Beauty,2118.0,19.0,Prepaid_Card,231,4,0,93.0,6,0,1.0,0
2147,Apparel,1059.0,32.5,COD,1175,24,3,153.3,4,1,3.0,0
2148,Beauty,2297.0,31.9,COD,767,21,3,197.8,2,0,,0
2149,Footwear,3093.0,3.2,Prepaid_UPI,1358,34,8,170.3,4,1,4.0,0
2150,Apparel,1846.0,42.8,COD,903,18,0,107.7,7,1,4.0,0
2151,Home,2402.0,15.8,Prepaid_Card,256,2,0,280.3,6,1,1.0,0
2152,Apparel,1203.0,47.5,Prepaid_Card,311,7,2,271.3,1,1,4.0,0
2153,Footwear,4138.0,2.0,Prepaid_Card,341,7,1,170.3,2,1,4.0,0
2154,Footwear,704.0,26.8,Prepaid_UPI,282,8,2,305.3,4,1,5.0,0
2155,Home,3411.0,19.2,Prepaid_Card,374,10,1,218.2,5,0,3.0,1
2156,Footwear,3621.0,0.0,Wallet,400,7,1,567.7,7,0,2.0,0
2157,Apparel,1739.0,31.9,Prepaid_UPI,600,16,0,82.1,4,0,2.0,1
2158,Apparel,1933.0,0.0,COD,244,5,1,139.1,6,0,5.0,1
2159,Electronics,33585.0,17.6,COD,510,13,0,205.3,1,0,2.0,0
2160,Apparel,2105.0,38.6,COD,255,5,2,429.2,4,0,4.0,1
2161,Electronics,23024.0,14.0,COD,1237,29,6,365.6,6,0,3.0,0
2162,Apparel,1524.0,8.4,Prepaid_Card,426,5,0,319.0,9,0,1.0,0
2163,Electronics,38330.0,34.0,COD,386,10,4,97.6,2,1,3.0,0
2164,Electronics,31934.0,18.3,COD,211,3,0,159.0,4,0,5.0,0
2165,Footwear,908.0,15.9,COD,65,2,0,218.4,1,1,,0
2166,Apparel,1061.0,41.1,Prepaid_UPI,43,3,1,397.1,4,0,2.0,1
2167,Footwear,2710.0,4.5,Prepaid_UPI,70,0,0,228.7,7,1,3.0,1
2168,Electronics,34257.0,15.1,Wallet,794,16,0,335.4,7,0,1.0,0
2169,Electronics,25008.0,35.0,COD,71,1,0,309.2,4,1,2.0,0
2170,Electronics,35257.0,3.5,COD,775,16,3,336.8,4,1,3.0,0
2171,Electronics,37887.0,48.6,Wallet,210,3,1,150.7,10,0,3.0,0
2172,Apparel,877.0,18.7,Prepaid_UPI,627,14,1,370.7,4,0,3.0,0
2173,Electronics,28185.0,35.1,Prepaid_Card,341,8,2,325.0,3,0,3.0,0
2174,Apparel,1403.0,35.1,Prepaid_Card,366,9,5,544.1,3,0,3.0,0
2175,Electronics,11156.0,19.7,COD,526,10,2,187.7,1,1,,1
2176,Home,4072.0,14.8,Prepaid_UPI,155,2,0,268.4,5,0,4.0,0
2177,Electronics,25227.0,21.4,Prepaid_Card,29,0,0,106.8,6,0,2.0,0
2178,Footwear,3769.0,32.7,Prepaid_Card,401,8,0,80.7,6,1,1.0,0
2179,Apparel,1230.0,7.2,Prepaid_Card,178,4,1,589.7,6,1,4.0,0
2180,Beauty,340.0,4.0,COD,320,6,0,300.8,3,0,5.0,1
2181,Footwear,2449.0,44.3,COD,446,11,0,75.9,4,0,1.0,0
2182,Beauty,2119.0,11.0,Prepaid_UPI,96,0,0,321.0,7,1,3.0,0
2183,Footwear,2785.0,27.3,Prepaid_Card,205,4,1,186.8,3,0,1.0,0
2184,Apparel,974.0,19.0,COD,161,3,0,333.5,3,1,1.0,1
2185,Electronics,41539.0,19.6,COD,31,1,0,380.4,7,0,4.0,0
2186,Apparel,680.0,43.5,Wallet,224,7,1,285.7,3,0,5.0,0
2187,Footwear,1808.0,20.7,COD,438,7,2,202.2,2,1,1.0,0
2188,Home,3666.0,16.6,COD,3,0,0,244.4,2,1,5.0,0
2189,Apparel,1728.0,18.0,Prepaid_Card,196,3,0,341.6,10,1,2.0,0
2190,Beauty,2114.0,14.4,Prepaid_UPI,157,1,0,369.4,7,0,2.0,0
2191,Apparel,505.0,11.9,Prepaid_UPI,328,1,0,147.0,6,1,3.0,1
2192,Home,6399.0,14.5,Prepaid_UPI,55,5,2,93.1,2,1,3.0,0
2193,Footwear,3382.0,46.9,COD,96,3,1,112.3,6,1,1.0,0
2194,Apparel,2010.0,32.7,Wallet,416,11,1,209.3,8,1,2.0,0
2195,Home,7233.0,16.8,Wallet,215,4,0,362.6,5,1,3.0,0
2196,Footwear,3610.0,36.7,Prepaid_Card,276,7,1,216.7,2,0,3.0,1
2197,Apparel,742.0,0.0,Prepaid_Card,363,7,0,103.8,6,0,3.0,0
2198,Electronics,14948.0,42.6,COD,37,2,0,281.0,4,0,,0
2199,Apparel,2085.0,41.4,Prepaid_Card,385,9,1,231.2,5,0,2.0,0
2200,Home,4906.0,55.5,COD,435,10,2,376.2,2,1,2.0,0
2201,Apparel,1370.0,37.2,COD,244,6,2,128.4,3,0,2.0,0
2202,Beauty,2302.0,28.6,Wallet,326,10,2,295.4,3,1,2.0,1
2203,Footwear,3997.0,41.4,COD,863,20,4,276.3,3,1,2.0,0
2204,Apparel,1709.0,12.6,Prepaid_Card,798,16,3,329.2,4,0,3.0,1
2205,Electronics,39843.0,16.1,COD,399,10,3,407.5,3,1,5.0,0
2206,Home,1177.0,21.0,COD,555,13,3,59.0,8,0,1.0,1
2207,Home,6133.0,42.5,COD,794,17,2,160.9,6,0,1.0,0
2208,Electronics,43495.0,9.2,COD,638,14,3,220.5,6,1,3.0,0
2209,Apparel,488.0,7.6,Prepaid_Card,435,8,1,159.7,4,1,4.0,0
2210,Apparel,801.0,25.5,Wallet,546,12,1,263.0,1,1,2.0,0
2211,Beauty,2016.0,32.8,Prepaid_Card,464,8,1,222.3,6,0,,0
2212,Electronics,23978.0,11.5,Wallet,309,6,2,104.4,4,0,1.0,0
2213,Footwear,846.0,32.1,Prepaid_UPI,277,5,1,336.9,5,1,5.0,0
2214,Electronics,12937.0,42.5,Prepaid_Card,714,18,5,123.4,4,1,2.0,0
2215,Beauty,912.0,40.0,COD,583,16,3,265.2,1,0,,0
2216,Apparel,978.0,27.3,COD,119,0,0,113.4,4,0,,1
2217,Apparel,1980.0,20.6,Prepaid_UPI,655,15,2,264.7,3,0,1.0,0
2218,Beauty,1706.0,48.0,Prepaid_Card,1575,34,5,220.5,5,1,2.0,0
2219,Beauty,1877.0,22.2,COD,296,8,1,239.7,6,0,2.0,0
2220,Apparel,424.0,36.1,Prepaid_UPI,281,6,2,274.3,9,1,4.0,0
2221,Electronics,19925.0,51.4,COD,211,4,0,385.0,6,0,1.0,0
2222,Electronics,15121.0,34.5,Prepaid_UPI,506,11,1,180.5,3,0,5.0,1
2223,Electronics,38514.0,7.0,COD,88,2,0,99.2,4,0,2.0,0
2224,Apparel,2117.0,3.4,Wallet,46,4,1,209.2,6,0,5.0,0
2225,Footwear,2193.0,17.5,COD,205,3,0,391.4,6,0,1.0,0
2226,Apparel,2152.0,32.6,COD,1170,27,4,37.9,2,1,2.0,0
2227,Home,411.0,28.7,Prepaid_UPI,337,9,2,98.4,4,0,1.0,0
2228,Apparel,986.0,55.1,COD,550,13,4,215.9,4,0,5.0,1
2229,Apparel,1795.0,28.5,Wallet,481,10,2,412.9,1,1,4.0,1
2230,Home,3073.0,17.1,Prepaid_Card,142,6,2,167.0,6,0,5.0,1
2231,Electronics,41538.0,5.0,COD,445,6,1,210.4,5,1,1.0,0
2232,Home,1982.0,39.7,COD,80,0,0,155.2,4,1,1.0,0
2233,Apparel,1832.0,21.9,Wallet,25,2,0,183.3,5,1,3.0,0
2234,Beauty,624.0,0.0,Prepaid_Card,84,0,0,346.3,6,1,5.0,0
2235,Footwear,1288.0,22.3,Prepaid_UPI,366,6,1,376.8,9,1,2.0,0
2236,Footwear,2283.0,7.1,COD,180,3,0,359.3,6,0,5.0,1
2237,Apparel,2101.0,15.6,Wallet,244,4,0,328.7,2,0,,0
2238,Electronics,26843.0,22.1,Prepaid_Card,228,6,1,117.4,11,1,4.0,0
2239,Electronics,29014.0,8.4,Prepaid_UPI,224,7,2,549.6,2,1,,0
2240,Electronics,1626.0,14.7,COD,520,12,1,522.3,5,0,4.0,0
2241,Apparel,502.0,10.8,COD,357,10,0,220.5,4,1,4.0,1
2242,Apparel,520.0,11.2,Wallet,1323,27,7,404.2,4,0,5.0,0
2243,Electronics,37100.0,6.9,Wallet,238,5,2,52.3,5,0,2.0,0
2244,Apparel,826.0,14.8,COD,380,11,1,426.8,6,1,,0
2245,Electronics,15603.0,8.6,Wallet,650,16,2,260.6,8,0,3.0,0
2246,Apparel,1498.0,30.8,COD,12,3,0,125.6,3,1,4.0,0
2247,Apparel,1451.0,25.0,COD,24,0,0,437.5,5,0,1.0,0
2248,Home,3461.0,39.9,COD,378,10,2,516.2,6,0,,0
2249,Electronics,1388.0,50.3,COD,41,0,0,61.4,10,1,5.0,0
2250,Electronics,20893.0,32.2,COD,151,5,2,359.6,6,0,3.0,1
2251,Electronics,33563.0,28.7,COD,948,24,2,434.3,2,0,5.0,0
2252,Footwear,1441.0,33.1,COD,973,20,0,475.2,8,0,2.0,0
2253,Electronics,32226.0,29.0,Prepaid_UPI,27,0,0,50.5,4,1,5.0,1
2254,Home,417.0,22.8,Prepaid_UPI,224,9,1,83.5,3,1,3.0,1
2255,Beauty,2284.0,21.6,Prepaid_UPI,298,8,1,90.4,7,1,5.0,0
2256,Electronics,42812.0,6.7,COD,774,17,6,340.7,5,1,5.0,1
2257,Beauty,156.0,34.6,Prepaid_UPI,703,15,1,537.0,4,1,1.0,0
2258,Footwear,2331.0,21.5,COD,265,2,1,299.1,8,1,4.0,0
2259,Apparel,1145.0,43.7,Prepaid_UPI,244,6,1,172.5,3,0,2.0,0
2260,Electronics,38074.0,35.7,Prepaid_Card,183,3,0,505.7,3,1,3.0,0
2261,Home,4464.0,12.6,COD,426,10,1,518.3,6,1,,0
2262,Beauty,1587.0,40.7,COD,193,4,1,565.3,1,1,,0
2263,Electronics,10070.0,0.0,Prepaid_UPI,47,0,0,125.1,5,0,4.0,0
2264,Apparel,539.0,51.0,Wallet,246,6,1,99.9,5,1,4.0,0
2265,Home,5631.0,1.9,Prepaid_UPI,151,4,0,75.7,3,0,3.0,0
2266,Apparel,1517.0,29.4,Wallet,935,21,3,98.9,4,1,2.0,1
2267,Footwear,3829.0,28.4,Wallet,168,3,0,57.3,5,1,2.0,0
2268,Electronics,38197.0,38.9,COD,57,1,0,401.1,4,1,5.0,0
2269,Footwear,3024.0,17.1,Prepaid_UPI,1218,27,4,294.3,6,1,5.0,0
2270,Footwear,2653.0,0.0,COD,897,20,3,1021.9,5,0,3.0,0
2271,Home,7338.0,17.1,Prepaid_Card,169,5,1,232.0,4,0,5.0,0
2272,Home,6470.0,18.7,COD,127,3,0,249.9,6,1,,0
2273,Footwear,4030.0,0.0,Wallet,189,8,2,33.3,5,1,3.0,0
2274,Footwear,4483.0,22.7,Prepaid_UPI,588,12,2,442.8,11,1,5.0,0
2275,Footwear,2114.0,5.9,COD,583,12,2,182.9,7,1,,0
2276,Apparel,1690.0,31.7,COD,5,3,0,127.7,3,1,4.0,1
2277,Home,5598.0,18.3,Prepaid_Card,469,10,3,284.5,1,1,1.0,0
2278,Apparel,713.0,51.4,Prepaid_UPI,33,3,0,221.6,3,1,,1
2279,Footwear,3046.0,18.2,Wallet,200,5,1,278.2,1,1,3.0,0
2280,Home,3596.0,28.5,COD,96,2,0,568.6,6,0,,0
2281,Electronics,20938.0,18.8,Prepaid_Card,78,4,0,148.0,4,0,4.0,0
2282,Apparel,724.0,0.0,Prepaid_Card,310,8,1,151.7,3,0,,0
2283,Electronics,33820.0,18.9,COD,583,10,2,378.7,6,1,,0
2284,Home,5674.0,33.3,Prepaid_Card,223,5,1,154.3,4,1,5.0,0
2285,Apparel,1358.0,31.0,COD,528,10,1,920.7,5,0,,0
2286,Apparel,682.0,17.6,COD,292,9,1,214.1,4,0,3.0,0
2287,Footwear,2727.0,0.1,COD,343,11,1,293.2,5,0,3.0,0
2288,Footwear,901.0,31.7,Wallet,131,7,1,445.8,7,1,,0
2289,Apparel,1011.0,28.3,COD,981,23,1,256.9,7,1,3.0,1
2290,Apparel,1070.0,34.7,COD,962,20,1,221.3,8,0,4.0,1
2291,Beauty,2226.0,17.9,Prepaid_UPI,271,7,2,414.3,5,0,1.0,0
2292,Home,3500.0,0.0,Wallet,247,4,0,143.3,1,1,1.0,0
2293,Home,4908.0,30.0,Prepaid_Card,5,5,1,287.1,3,1,3.0,1
2294,Apparel,1975.0,21.9,COD,157,6,0,123.9,1,0,2.0,0
2295,Apparel,1166.0,42.9,Prepaid_UPI,819,19,1,393.8,7,0,4.0,0
2296,Apparel,1991.0,22.4,COD,730,18,2,211.3,5,0,1.0,0
2297,Footwear,1046.0,21.3,Prepaid_UPI,204,4,0,290.4,7,0,2.0,0
2298,Apparel,1057.0,28.3,COD,19,0,0,466.4,7,0,,1
2299,Apparel,571.0,13.0,COD,937,16,3,133.5,4,1,2.0,0
2300,Footwear,2744.0,12.3,COD,109,3,0,320.3,8,0,,0
2301,Beauty,2400.0,20.5,Prepaid_UPI,76,1,0,397.1,7,1,2.0,0
2302,Footwear,3128.0,8.2,COD,1261,29,5,367.4,5,1,,0
2303,Electronics,28622.0,18.6,COD,255,6,1,209.6,5,1,3.0,0
2304,Electronics,13383.0,51.1,Prepaid_Card,635,15,4,90.0,8,1,5.0,1
2305,Electronics,41982.0,37.6,Prepaid_UPI,646,16,1,476.6,5,0,5.0,0
2306,Electronics,21853.0,26.6,COD,884,17,2,90.0,3,1,2.0,0
2307,Electronics,12895.0,45.3,Prepaid_UPI,76,3,0,78.4,2,1,1.0,0
2308,Electronics,44461.0,9.6,Prepaid_UPI,182,3,1,237.6,4,1,5.0,0
2309,Home,3558.0,59.4,COD,21,2,0,158.1,3,0,5.0,1
2310,Footwear,1986.0,15.1,Wallet,372,10,2,303.6,5,0,1.0,0
2311,Beauty,232.0,52.1,Prepaid_UPI,1393,33,1,380.1,3,0,5.0,0
2312,Apparel,721.0,52.0,COD,353,8,0,208.3,4,1,,0
2313,Electronics,36643.0,0.0,COD,373,9,1,737.6,7,0,4.0,0
2314,Apparel,1269.0,44.0,COD,583,15,2,138.7,8,1,2.0,1
2315,Electronics,43024.0,17.7,COD,280,3,0,68.9,3,1,4.0,0
2316,Apparel,551.0,13.5,Prepaid_Card,219,3,0,234.1,4,0,5.0,0
2317,Apparel,1509.0,29.9,Wallet,303,6,0,247.2,4,0,5.0,0
2318,Footwear,3380.0,6.9,Prepaid_UPI,122,0,0,334.4,5,0,4.0,0
2319,Electronics,28408.0,29.5,COD,127,2,0,187.9,5,0,3.0,0
2320,Beauty,1395.0,7.9,Prepaid_Card,209,4,1,87.9,3,0,5.0,0
2321,Apparel,1441.0,24.7,COD,244,6,1,254.5,6,1,,0
2322,Apparel,1641.0,42.0,Prepaid_Card,536,12,2,304.1,3,1,2.0,0
2323,Electronics,39011.0,27.8,COD,262,8,1,265.9,4,0,1.0,0
2324,Apparel,1005.0,16.6,Wallet,899,21,0,309.6,2,1,1.0,0
2325,Apparel,1227.0,30.1,Prepaid_UPI,396,9,1,284.6,7,0,4.0,0
2326,Beauty,1644.0,0.9,COD,652,14,3,266.5,6,1,3.0,1
2327,Apparel,966.0,9.4,Prepaid_UPI,107,2,0,172.7,5,1,,1
2328,Apparel,722.0,15.5,Prepaid_Card,364,8,0,165.7,6,0,1.0,0
2329,Home,7739.0,33.8,Prepaid_UPI,1321,34,5,586.7,7,0,2.0,0
2330,Electronics,9729.0,28.1,Prepaid_Card,12,0,0,130.3,6,1,3.0,0
2331,Home,2092.0,30.0,COD,291,5,1,593.7,6,1,,1
2332,Electronics,28298.0,21.6,Prepaid_Card,206,2,0,153.2,4,1,5.0,0
2333,Footwear,809.0,10.2,COD,28,1,0,510.9,1,0,3.0,1
2334,Apparel,461.0,44.3,Prepaid_Card,38,1,0,390.4,3,0,,0
2335,Electronics,4004.0,11.5,COD,328,6,1,341.3,9,1,,0
2336,Home,1249.0,28.3,Prepaid_UPI,477,12,1,23.3,4,0,,0
2337,Footwear,2217.0,20.3,Prepaid_UPI,905,21,6,169.5,8,0,,0
2338,Electronics,37522.0,30.4,COD,628,16,5,278.6,6,0,1.0,0
2339,Home,2933.0,12.9,COD,1246,30,3,409.0,4,0,2.0,1
2340,Apparel,1170.0,37.8,Prepaid_UPI,12,0,0,232.8,3,1,3.0,1
2341,Apparel,1480.0,42.7,COD,1334,31,1,99.0,3,0,,0
2342,Apparel,944.0,36.9,Prepaid_Card,364,6,0,243.2,4,1,3.0,0
2343,Footwear,2230.0,24.4,Prepaid_UPI,342,8,2,310.0,4,0,4.0,0
2344,Apparel,1095.0,15.5,COD,165,4,1,212.2,6,1,3.0,0
2345,Footwear,1868.0,64.3,Prepaid_UPI,444,10,0,563.9,3,1,4.0,0
2346,Apparel,1099.0,7.1,Prepaid_Card,1146,23,1,253.9,3,0,,0
2347,Footwear,544.0,35.2,Prepaid_Card,397,11,0,424.9,6,0,5.0,0
2348,Footwear,4045.0,27.0,COD,114,0,0,169.6,9,0,,1
2349,Apparel,2159.0,21.1,COD,402,10,1,365.4,5,1,4.0,0
2350,Apparel,1952.0,24.8,COD,278,3,0,151.5,5,1,,0
2351,Apparel,410.0,14.3,Wallet,145,3,1,371.1,4,0,4.0,0
2352,Footwear,3504.0,28.4,Prepaid_UPI,303,10,3,210.2,4,0,2.0,0
2353,Apparel,1432.0,26.8,Prepaid_UPI,211,9,2,101.9,4,1,5.0,1
2354,Home,1025.0,62.2,COD,116,0,0,189.1,4,1,1.0,0
2355,Electronics,42059.0,38.1,Prepaid_Card,18,0,0,135.0,6,0,3.0,0
2356,Footwear,3605.0,29.7,Prepaid_UPI,61,0,0,198.9,6,0,3.0,0
2357,Electronics,7564.0,30.6,Prepaid_UPI,750,21,2,103.7,4,1,3.0,0
2358,Electronics,43425.0,49.6,COD,218,5,1,89.7,3,0,1.0,0
2359,Beauty,447.0,7.4,Prepaid_UPI,133,5,0,129.5,3,1,,0
2360,Apparel,1218.0,19.3,COD,299,7,0,61.4,6,1,2.0,1
2361,Footwear,1136.0,0.0,COD,429,7,1,457.8,3,0,2.0,1
2362,Apparel,670.0,30.4,Wallet,379,5,0,240.9,2,0,2.0,0
2363,Electronics,43590.0,34.7,Prepaid_Card,126,2,1,257.5,5,1,2.0,0
2364,Footwear,2788.0,7.1,COD,1880,46,8,202.7,4,1,4.0,1
2365,Home,2296.0,43.5,Prepaid_Card,126,3,0,116.1,4,1,2.0,0
2366,Home,6278.0,11.2,Wallet,142,5,0,310.8,6,1,5.0,0
2367,Apparel,1975.0,16.9,COD,204,2,0,287.2,4,0,2.0,0
2368,Electronics,41391.0,23.8,Prepaid_UPI,881,19,2,120.9,3,0,3.0,1
2369,Electronics,42065.0,45.9,COD,319,9,2,376.7,5,1,5.0,1
2370,Electronics,40864.0,9.1,COD,79,0,0,105.5,3,0,4.0,0
2371,Electronics,29185.0,26.4,Prepaid_Card,184,4,0,252.8,6,0,4.0,0
2372,Electronics,16200.0,33.6,Prepaid_Card,94,0,0,410.5,5,0,3.0,0
2373,Apparel,2066.0,30.5,COD,206,6,0,505.3,2,0,5.0,1
2374,Apparel,620.0,31.1,COD,185,5,1,212.6,5,1,2.0,1
2375,Electronics,8593.0,33.4,Prepaid_Card,25,2,0,142.4,3,1,5.0,0
2376,Apparel,1181.0,13.7,Prepaid_Card,139,5,0,80.0,7,1,1.0,0
2377,Footwear,1635.0,47.3,Prepaid_UPI,430,9,1,191.7,4,0,3.0,0
2378,Home,5041.0,20.3,Prepaid_UPI,743,19,9,186.9,6,1,2.0,0
2379,Apparel,2030.0,18.3,COD,170,3,1,424.8,3,1,4.0,0
2380,Home,4081.0,42.2,Prepaid_Card,215,6,1,255.1,4,1,4.0,0
2381,Footwear,2715.0,12.5,Prepaid_Card,664,11,2,101.9,5,0,1.0,0
2382,Apparel,1162.0,26.8,Prepaid_Card,461,9,1,373.1,4,1,4.0,0
2383,Apparel,1674.0,11.2,COD,1011,27,2,414.5,3,0,,0
2384,Apparel,581.0,59.8,COD,217,6,1,274.0,6,0,2.0,0
2385,Apparel,487.0,56.6,COD,49,2,0,379.5,5,1,4.0,0
2386,Footwear,3065.0,20.3,COD,58,0,0,234.0,2,1,4.0,0
2387,Beauty,1407.0,29.8,Wallet,193,2,0,358.0,4,0,1.0,0
2388,Apparel,1133.0,22.1,Prepaid_Card,588,13,2,169.2,3,1,1.0,0
2389,Footwear,1836.0,16.8,Prepaid_Card,643,14,2,26.3,3,1,2.0,0
2390,Apparel,493.0,23.8,Prepaid_Card,124,7,1,514.9,4,1,1.0,0
2391,Home,5540.0,21.4,Prepaid_UPI,91,4,1,108.6,4,0,2.0,0
2392,Footwear,2186.0,0.0,Prepaid_Card,737,17,2,861.2,1,0,1.0,0
2393,Electronics,20703.0,25.9,Prepaid_Card,452,10,2,645.7,4,0,5.0,0
2394,Apparel,2008.0,21.4,Prepaid_UPI,43,2,0,524.9,7,1,4.0,1
2395,Home,5979.0,26.7,COD,211,2,0,143.7,8,1,,0
2396,Beauty,666.0,20.8,Prepaid_Card,358,4,1,195.5,2,0,,0
2397,Apparel,1583.0,16.6,Prepaid_Card,775,19,4,175.9,7,0,4.0,0
2398,Apparel,638.0,35.1,Prepaid_UPI,48,1,0,149.3,9,0,5.0,0
2399,Apparel,749.0,30.0,Wallet,759,14,1,170.1,4,0,5.0,0
2400,Home,5799.0,42.9,Prepaid_UPI,72,0,0,324.4,6,0,1.0,0
2401,Home,1269.0,29.4,Prepaid_Card,139,5,1,201.3,7,1,4.0,0
2402,Footwear,1621.0,19.0,COD,568,12,1,120.4,4,0,5.0,0
2403,Footwear,4092.0,31.3,Prepaid_Card,1397,32,1,72.3,7,0,5.0,1
2404,Footwear,3453.0,0.0,Prepaid_UPI,18,0,0,394.5,4,0,1.0,0
2405,Footwear,4218.0,53.6,Wallet,1127,25,4,267.2,7,0,1.0,1
2406,Apparel,1987.0,26.1,Prepaid_UPI,126,2,0,243.9,8,0,5.0,0
2407,Home,2707.0,54.8,COD,385,8,1,37.7,7,1,,0
2408,Apparel,1538.0,9.0,Prepaid_UPI,186,5,1,122.1,4,0,1.0,0
2409,Electronics,17787.0,5.2,Prepaid_UPI,360,7,1,247.5,6,1,1.0,1
2410,Beauty,1788.0,27.5,Prepaid_UPI,416,9,1,311.9,3,0,1.0,0
2411,Home,2983.0,27.4,Prepaid_UPI,531,13,5,29.3,2,1,3.0,1
2412,Beauty,153.0,27.1,Prepaid_Card,4,1,0,241.6,4,1,2.0,0
2413,Electronics,5314.0,24.8,Prepaid_Card,376,6,1,280.7,6,0,1.0,0
2414,Electronics,34970.0,12.6,COD,169,4,0,132.9,4,0,2.0,0
2415,Electronics,4879.0,0.0,COD,250,5,1,451.0,8,0,2.0,0
2416,Apparel,1479.0,26.2,Prepaid_UPI,1092,24,0,101.4,5,1,4.0,1
2417,Apparel,1944.0,2.8,Wallet,529,15,4,284.3,2,1,1.0,0
2418,Electronics,33660.0,1.3,Prepaid_UPI,209,5,0,179.5,4,1,5.0,0
2419,Apparel,1144.0,16.3,COD,341,12,2,330.7,3,1,1.0,0
2420,Beauty,640.0,28.5,COD,696,16,2,236.3,7,1,2.0,1
2421,Apparel,2061.0,51.8,COD,888,19,3,426.5,6,0,,1
2422,Apparel,1420.0,36.7,Prepaid_UPI,170,4,1,120.5,4,0,2.0,0
2423,Footwear,2122.0,43.5,Prepaid_Card,39,1,0,179.1,6,1,5.0,0
2424,Apparel,2096.0,31.8,Wallet,438,10,1,333.9,3,0,2.0,0
2425,Beauty,655.0,27.5,COD,196,2,1,258.3,2,0,1.0,1
2426,Footwear,2269.0,59.6,Prepaid_Card,50,1,0,337.4,2,1,5.0,0
2427,Apparel,596.0,2.2,Prepaid_UPI,382,7,1,371.3,1,1,4.0,0
2428,Home,1262.0,15.8,COD,75,4,0,361.6,2,0,1.0,1
2429,Home,3369.0,17.0,Wallet,67,0,0,280.0,6,0,3.0,0
2430,Footwear,3299.0,35.4,Prepaid_Card,607,14,4,367.7,6,1,3.0,1
2431,Footwear,1856.0,7.3,COD,303,4,1,222.4,3,1,4.0,1
2432,Home,5610.0,33.5,COD,269,7,1,321.5,1,1,2.0,0
2433,Home,6500.0,30.7,Prepaid_UPI,107,2,0,111.9,4,1,2.0,0
2434,Electronics,39638.0,34.2,Prepaid_Card,453,6,2,263.7,6,0,2.0,0
2435,Home,644.0,33.9,Prepaid_UPI,291,8,1,272.8,6,0,5.0,0
2436,Beauty,1968.0,45.1,Prepaid_UPI,295,2,0,549.7,5,0,2.0,0
2437,Home,1433.0,21.3,Prepaid_Card,92,2,0,207.7,2,1,2.0,1
2438,Home,5677.0,30.0,Prepaid_UPI,1296,30,6,92.0,6,1,4.0,0
2439,Electronics,17479.0,11.0,Wallet,452,13,1,90.9,5,0,1.0,0
2440,Footwear,3331.0,7.5,COD,93,0,0,548.3,6,0,2.0,1
2441,Beauty,652.0,48.5,Prepaid_UPI,212,4,1,487.9,3,1,3.0,0
2442,Apparel,1561.0,9.8,COD,836,21,2,293.4,6,0,5.0,1
2443,Apparel,626.0,31.6,COD,881,22,1,75.0,6,1,2.0,0
2444,Electronics,8635.0,30.0,COD,266,8,1,296.6,2,0,4.0,1
2445,Electronics,28113.0,39.6,Prepaid_UPI,1359,35,1,311.4,3,0,2.0,0
2446,Home,2893.0,0.0,COD,346,7,0,243.1,1,1,2.0,1
2447,Apparel,1667.0,35.4,Prepaid_Card,200,5,1,295.5,3,0,5.0,1
2448,Electronics,31210.0,21.1,Prepaid_UPI,87,1,0,190.3,4,0,1.0,0
2449,Home,5087.0,13.0,COD,238,1,0,75.7,1,0,1.0,0
2450,Home,5925.0,18.2,Prepaid_UPI,1093,24,3,391.6,7,1,1.0,1
2451,Home,6413.0,37.6,Wallet,897,16,3,287.8,7,0,1.0,0
2452,Footwear,4146.0,33.0,COD,874,18,5,488.8,4,0,3.0,1
2453,Home,920.0,20.1,COD,91,0,0,356.9,3,1,,0
2454,Footwear,2786.0,4.9,Wallet,434,11,1,142.0,4,0,5.0,1
2455,Home,6066.0,6.0,COD,806,16,3,63.1,8,0,,0
2456,Electronics,10702.0,33.3,COD,932,17,1,306.0,6,0,2.0,0
2457,Home,2330.0,2.8,Wallet,293,8,2,243.7,1,0,3.0,1
2458,Apparel,881.0,20.2,Prepaid_UPI,410,8,0,254.3,1,0,3.0,0
2459,Apparel,1430.0,62.2,Prepaid_Card,13,0,0,290.3,3,0,,0
2460,Electronics,17238.0,28.9,Prepaid_Card,713,14,2,56.6,4,0,5.0,1
2461,Footwear,3164.0,33.1,Wallet,582,15,2,220.8,1,0,2.0,1
2462,Home,4999.0,6.1,Prepaid_Card,685,16,2,141.7,4,1,3.0,0
2463,Apparel,1583.0,3.6,Prepaid_Card,45,0,0,265.3,1,1,2.0,0
2464,Home,2243.0,33.9,Prepaid_UPI,1361,26,4,147.2,5,0,1.0,0
2465,Apparel,1781.0,17.8,Prepaid_Card,129,8,1,190.2,5,0,4.0,0
2466,Footwear,3156.0,39.6,Prepaid_Card,220,9,1,183.3,8,0,1.0,0
2467,Footwear,1023.0,24.1,COD,350,11,1,190.7,4,1,4.0,0
2468,Home,1841.0,75.0,Prepaid_Card,452,9,1,377.8,4,0,5.0,0
2469,Home,2617.0,14.9,Prepaid_Card,384,8,1,182.7,7,0,,0
2470,Electronics,42199.0,27.8,COD,143,4,1,396.7,6,1,,1
2471,Electronics,15494.0,10.1,Prepaid_Card,757,15,4,42.7,5,1,4.0,0
2472,Footwear,580.0,39.0,Prepaid_UPI,107,0,0,149.7,4,1,4.0,0
2473,Footwear,1067.0,30.1,COD,68,4,0,54.2,8,1,,0
2474,Electronics,2609.0,9.1,COD,271,6,0,346.1,3,0,3.0,1
2475,Electronics,18844.0,18.7,COD,59,0,0,227.8,1,1,,0
2476,Apparel,1835.0,44.1,COD,1313,31,1,204.1,4,0,2.0,0
2477,Apparel,1211.0,42.3,Prepaid_UPI,460,9,1,162.6,4,0,1.0,0
2478,Apparel,1910.0,2.3,Prepaid_Card,139,0,0,380.0,7,0,2.0,0
2479,Electronics,3282.0,16.5,COD,151,1,0,274.7,5,0,2.0,0
2480,Beauty,1254.0,50.8,Prepaid_UPI,699,15,2,164.8,7,0,1.0,0
2481,Electronics,35674.0,21.0,COD,145,4,0,668.7,1,1,5.0,0
2482,Apparel,1614.0,26.3,COD,297,7,3,188.7,4,0,1.0,0
2483,Apparel,1935.0,38.9,Prepaid_UPI,785,20,2,73.7,8,1,2.0,0
2484,Electronics,13194.0,3.5,Prepaid_Card,271,6,1,424.2,2,0,4.0,0
2485,Footwear,2503.0,9.4,Prepaid_UPI,281,5,1,168.7,4,1,,0
2486,Electronics,30847.0,18.6,Prepaid_UPI,141,6,1,128.4,6,1,4.0,0
2487,Footwear,1174.0,41.6,Wallet,341,10,2,335.7,3,1,,0
2488,Footwear,3763.0,38.8,COD,344,7,0,290.1,6,0,4.0,0
2489,Apparel,961.0,34.3,Prepaid_UPI,1499,34,3,160.4,3,1,4.0,0
2490,Home,1018.0,21.4,Prepaid_UPI,572,12,3,153.9,4,1,5.0,0
2491,Beauty,1949.0,40.4,COD,488,9,4,368.9,6,1,3.0,1
2492,Electronics,32080.0,21.2,Wallet,30,5,0,251.0,2,0,5.0,0
2493,Apparel,1991.0,32.2,COD,460,9,1,369.4,3,0,5.0,1
2494,Beauty,2246.0,37.2,Prepaid_UPI,87,3,0,220.7,7,1,5.0,0
2495,Footwear,1614.0,49.0,Prepaid_Card,385,6,0,114.7,3,0,5.0,0
2496,Electronics,29292.0,22.7,Prepaid_Card,22,2,0,290.0,5,1,4.0,0
2497,Home,7993.0,18.1,COD,50,0,0,314.2,7,0,5.0,0
2498,Apparel,839.0,42.9,Wallet,835,22,7,201.4,5,0,3.0,0
2499,Footwear,2392.0,44.1,Prepaid_Card,251,9,1,220.6,5,1,1.0,1
2500,Electronics,41065.0,15.3,COD,290,8,2,128.2,8,1,2.0,0
2501,Apparel,586.0,6.9,COD,756,17,2,86.1,10,1,,1
2502,Home,7448.0,41.8,Prepaid_UPI,652,14,1,343.2,5,1,1.0,1
2503,Beauty,1297.0,0.0,COD,409,9,1,109.6,4,1,3.0,1
2504,Footwear,4072.0,0.0,Prepaid_Card,199,5,0,285.8,6,1,5.0,1
2505,Apparel,1518.0,19.5,Prepaid_UPI,376,9,1,385.9,3,1,5.0,0
2506,Apparel,1609.0,23.5,COD,615,16,4,316.9,7,1,2.0,0
2507,Beauty,1967.0,6.1,Prepaid_Card,1068,22,4,355.2,3,1,2.0,0
2508,Beauty,308.0,25.3,COD,506,14,2,450.9,4,0,,1
2509,Electronics,28696.0,26.0,Wallet,33,0,0,67.4,2,1,3.0,0
2510,Home,7414.0,14.8,Prepaid_UPI,912,19,7,315.6,3,0,1.0,1
2511,Electronics,43078.0,52.5,COD,2,1,0,257.2,7,0,,0
2512,Electronics,43612.0,28.4,Prepaid_Card,667,16,1,255.0,5,0,2.0,0
2513,Apparel,1562.0,38.9,Prepaid_Card,302,3,0,316.2,4,1,4.0,0
2514,Apparel,1540.0,0.2,Wallet,511,10,2,94.4,9,1,5.0,1
2515,Apparel,1394.0,0.0,COD,57,0,0,489.6,5,1,5.0,0
2516,Footwear,2930.0,28.9,Prepaid_Card,282,5,1,298.0,4,0,5.0,0
2517,Apparel,1502.0,49.8,Wallet,259,4,0,62.4,2,1,1.0,0
2518,Apparel,476.0,6.9,COD,208,5,2,331.0,3,1,,0
2519,Home,984.0,24.2,Prepaid_Card,228,3,0,66.6,2,0,3.0,0
2520,Apparel,1515.0,3.5,COD,596,12,4,386.6,3,1,,0
2521,Apparel,966.0,11.2,Prepaid_Card,521,14,5,381.7,3,0,1.0,0
2522,Home,2621.0,24.9,COD,131,7,1,109.8,4,0,3.0,0
2523,Electronics,9673.0,14.6,Wallet,197,3,0,74.2,6,1,1.0,0
2524,Home,6468.0,2.4,COD,301,9,2,307.8,4,0,2.0,0
2525,Beauty,2416.0,2.1,COD,176,5,1,68.0,8,1,4.0,0
2526,Apparel,1530.0,0.0,Prepaid_UPI,1782,36,1,201.3,6,0,2.0,0
2527,Beauty,2372.0,29.1,Prepaid_UPI,116,1,0,527.8,3,1,4.0,0
2528,Beauty,2227.0,31.0,Prepaid_UPI,195,0,0,212.7,5,1,2.0,0
2529,Footwear,1372.0,30.9,Prepaid_UPI,679,16,3,377.0,5,1,5.0,1
2530,Home,1482.0,8.4,COD,1654,35,5,462.8,8,1,1.0,0
2531,Home,1929.0,37.1,Prepaid_Card,211,5,1,427.5,6,1,2.0,0
2532,Home,1041.0,32.6,COD,260,11,0,262.1,5,1,4.0,0
2533,Home,4788.0,22.1,COD,713,19,3,139.9,8,1,5.0,1
2534,Apparel,909.0,19.6,Wallet,1,0,0,463.4,6,1,1.0,1
2535,Beauty,2295.0,12.3,Prepaid_UPI,77,0,0,5.3,6,1,4.0,0
2536,Home,5023.0,24.9,COD,708,18,2,34.8,8,0,5.0,0
2537,Footwear,1938.0,46.3,COD,110,0,0,88.5,6,1,,0
2538,Electronics,44327.0,39.1,Wallet,286,8,1,255.8,5,1,4.0,0
2539,Apparel,2116.0,18.2,COD,1516,39,6,517.3,4,0,3.0,0
2540,Electronics,35303.0,30.1,COD,83,3,0,453.2,1,1,,0
2541,Electronics,35876.0,5.5,COD,140,5,1,204.2,1,0,4.0,0
2542,Electronics,44004.0,33.0,COD,1327,32,7,386.3,4,1,3.0,0
2543,Electronics,27500.0,9.5,COD,930,20,5,228.7,3,0,2.0,0
2544,Apparel,1984.0,32.4,Wallet,216,5,1,181.6,5,0,3.0,0
2545,Electronics,4039.0,66.5,COD,230,3,0,314.7,7,1,1.0,1
2546,Electronics,25468.0,13.4,Prepaid_Card,69,4,1,208.9,3,0,5.0,0
2547,Beauty,1331.0,65.8,Prepaid_UPI,559,10,2,301.0,1,1,1.0,0
2548,Apparel,468.0,29.4,Prepaid_Card,28,2,1,405.9,2,0,3.0,0
2549,Apparel,557.0,10.8,Prepaid_UPI,1187,29,4,340.0,2,0,,0
2550,Apparel,439.0,10.1,Prepaid_UPI,200,3,0,107.6,2,0,5.0,0
2551,Home,2564.0,57.5,Prepaid_Card,28,0,0,154.5,5,0,3.0,0
2552,Electronics,3544.0,29.4,Prepaid_Card,488,11,2,522.9,8,1,4.0,1
2553,Home,3558.0,13.5,Prepaid_UPI,622,12,0,388.2,6,0,3.0,0
2554,Beauty,2060.0,18.9,Prepaid_UPI,209,5,1,262.0,6,1,4.0,0
2555,Apparel,1505.0,28.5,Prepaid_UPI,406,7,1,187.2,5,1,2.0,0
2556,Home,5488.0,21.9,COD,306,5,1,379.6,2,1,,1
2557,Apparel,457.0,27.2,Prepaid_UPI,773,18,4,169.9,9,1,5.0,1
2558,Apparel,1911.0,48.6,Prepaid_UPI,253,7,0,306.7,4,0,4.0,0
2559,Electronics,7603.0,5.1,COD,1147,25,8,221.2,6,1,3.0,0
2560,Apparel,945.0,31.7,Prepaid_UPI,593,10,1,265.7,1,0,2.0,0
2561,Home,4279.0,20.9,COD,338,10,1,199.0,4,1,3.0,0
2562,Home,7461.0,14.5,COD,121,2,0,353.7,4,0,1.0,0
2563,Footwear,4493.0,38.1,Prepaid_UPI,92,6,1,49.5,4,1,1.0,0
2564,Electronics,35481.0,0.1,COD,726,16,5,102.1,1,0,,0
2565,Home,5916.0,0.0,COD,103,3,0,203.5,5,1,2.0,0
2566,Electronics,24312.0,25.4,COD,253,5,2,250.8,7,0,4.0,1
2567,Apparel,1598.0,19.9,Prepaid_UPI,137,4,0,479.7,9,0,2.0,0
2568,Apparel,660.0,1.7,Prepaid_Card,210,12,0,399.6,8,1,1.0,1
2569,Home,2373.0,0.0,Prepaid_UPI,10,0,0,82.3,7,1,,0
2570,Beauty,2464.0,51.0,Prepaid_UPI,92,5,1,268.3,8,1,3.0,0
2571,Apparel,2163.0,28.9,Prepaid_Card,415,9,0,245.4,9,0,2.0,1
2572,Home,2787.0,22.3,Wallet,519,14,0,67.7,2,1,2.0,0
2573,Footwear,1464.0,54.9,Prepaid_UPI,856,15,1,306.4,5,1,3.0,0
2574,Footwear,1418.0,37.3,COD,107,6,1,272.7,2,0,3.0,0
2575,Home,4033.0,48.5,Wallet,36,1,0,404.5,6,0,4.0,0
2576,Home,2023.0,4.3,Prepaid_Card,77,1,0,253.2,4,1,2.0,0
2577,Home,5293.0,3.7,COD,269,8,0,141.6,4,0,,0
2578,Footwear,799.0,31.3,COD,78,2,0,252.9,4,1,4.0,1
2579,Apparel,587.0,28.2,Prepaid_Card,243,3,0,106.3,1,0,1.0,0
2580,Beauty,801.0,40.7,COD,624,9,1,205.9,1,0,4.0,0
2581,Apparel,1799.0,0.0,Prepaid_Card,742,20,2,130.9,6,1,3.0,1
2582,Footwear,1793.0,32.6,COD,405,9,2,471.0,3,1,,0
2583,Apparel,1247.0,36.8,Prepaid_Card,287,5,1,224.2,7,1,3.0,0
2584,Apparel,1582.0,36.0,COD,258,5,0,130.0,4,0,,1
2585,Apparel,1819.0,15.9,Prepaid_UPI,330,10,1,542.5,1,1,5.0,0
2586,Electronics,14651.0,29.8,COD,241,4,1,236.7,1,0,,1
2587,Electronics,33216.0,10.4,COD,6,1,0,147.3,3,0,,0
2588,Apparel,915.0,17.6,Prepaid_Card,236,5,1,190.3,2,0,1.0,0
2589,Electronics,29428.0,6.4,Prepaid_Card,120,0,0,362.5,4,1,2.0,1
2590,Electronics,20949.0,10.6,Prepaid_Card,6,2,0,310.7,5,1,5.0,0
2591,Footwear,4207.0,18.4,Prepaid_Card,99,4,0,265.9,5,1,4.0,0
2592,Footwear,4428.0,14.6,COD,358,7,2,99.1,5,1,2.0,0
2593,Home,6261.0,10.6,Prepaid_UPI,1,0,0,521.7,6,1,3.0,1
2594,Apparel,2048.0,2.5,Prepaid_Card,37,1,0,393.9,7,1,,0
2595,Apparel,646.0,51.4,COD,141,4,0,685.8,2,0,4.0,0
2596,Beauty,1688.0,14.5,Prepaid_UPI,317,11,2,225.5,1,0,3.0,0
2597,Apparel,757.0,26.9,Prepaid_UPI,303,6,0,235.5,3,1,1.0,0
2598,Electronics,13331.0,0.0,Prepaid_Card,274,5,1,46.1,5,0,4.0,1
2599,Beauty,1379.0,42.4,Prepaid_Card,377,8,1,205.2,3,0,5.0,1
2600,Beauty,1894.0,24.5,COD,6,0,0,74.4,6,1,4.0,0
2601,Electronics,32801.0,15.3,Prepaid_Card,41,0,0,193.7,2,0,2.0,0
2602,Home,6995.0,15.5,COD,901,20,3,440.3,8,0,2.0,1
2603,Electronics,25696.0,35.0,COD,121,4,0,306.8,6,0,,0
2604,Footwear,4205.0,0.0,Wallet,517,11,0,460.6,4,1,3.0,0
2605,Apparel,1998.0,9.6,Prepaid_UPI,23,0,0,377.3,3,1,2.0,0
2606,Apparel,1928.0,20.2,COD,195,3,0,203.5,4,0,5.0,1
2607,Home,2067.0,20.0,COD,237,6,1,109.4,7,0,,0
2608,Apparel,1357.0,59.6,Prepaid_UPI,382,9,0,387.8,4,1,1.0,0
2609,Home,5969.0,16.9,COD,751,18,2,225.6,3,1,4.0,0
2610,Electronics,43953.0,36.9,COD,198,5,0,424.1,4,1,3.0,1
2611,Footwear,547.0,49.2,COD,64,2,0,278.5,2,0,4.0,0
2612,Footwear,1808.0,32.1,Prepaid_UPI,239,8,1,309.3,7,1,1.0,0
2613,Electronics,16195.0,11.9,Prepaid_Card,21,2,0,371.9,6,0,5.0,0
2614,Footwear,1654.0,2.7,COD,612,15,1,489.5,6,1,1.0,0
2615,Apparel,1871.0,33.2,COD,232,2,0,220.8,8,0,2.0,0
2616,Electronics,3174.0,46.7,Prepaid_Card,40,3,0,225.1,3,0,1.0,0
2617,Apparel,1047.0,30.2,Prepaid_Card,109,2,0,361.3,5,0,4.0,0
2618,Footwear,3347.0,40.5,Prepaid_UPI,406,9,1,147.3,4,0,2.0,0
2619,Footwear,2127.0,60.9,COD,364,6,0,347.1,8,1,3.0,0
2620,Beauty,489.0,34.6,Prepaid_UPI,55,5,0,378.7,4,1,3.0,0
2621,Footwear,2943.0,5.5,Wallet,21,0,0,735.5,1,1,2.0,1
2622,Beauty,1378.0,22.8,Prepaid_Card,635,17,6,337.7,3,1,4.0,1
2623,Apparel,2167.0,42.6,COD,2,1,0,468.7,6,1,2.0,1
2624,Beauty,1909.0,18.3,Prepaid_UPI,169,0,0,199.6,6,0,5.0,0
2625,Home,7894.0,44.6,COD,154,7,2,189.7,4,0,4.0,1
2626,Electronics,9362.0,21.0,COD,155,4,1,236.4,4,0,,0
2627,Home,6164.0,27.0,COD,119,0,0,167.4,5,0,1.0,0
2628,Electronics,25362.0,16.7,Wallet,356,7,2,344.5,6,0,5.0,0
2629,Apparel,1683.0,24.4,COD,689,16,2,139.3,5,1,5.0,1
2630,Apparel,1242.0,25.2,Prepaid_UPI,340,11,0,134.1,4,0,3.0,1
2631,Apparel,782.0,0.0,Prepaid_Card,214,4,1,126.6,4,1,5.0,1
2632,Electronics,3203.0,15.4,Prepaid_Card,501,6,1,311.5,3,1,,0
2633,Footwear,3853.0,3.5,COD,112,5,2,134.5,7,0,,1
2634,Home,6574.0,15.9,Prepaid_Card,159,5,1,134.0,4,1,3.0,0
2635,Electronics,8319.0,10.1,COD,241,1,0,135.5,2,0,4.0,0
2636,Electronics,29459.0,37.2,Prepaid_Card,745,17,3,46.5,9,0,5.0,1
2637,Electronics,33513.0,37.4,COD,21,1,0,183.4,3,0,2.0,0
2638,Apparel,1404.0,30.4,COD,64,1,0,350.6,3,1,3.0,0
2639,Footwear,1769.0,3.0,Prepaid_Card,263,4,0,328.1,2,1,3.0,0
2640,Apparel,1986.0,20.5,COD,26,0,0,334.1,3,1,4.0,1
2641,Home,5247.0,1.8,COD,363,7,2,376.5,6,1,3.0,1
2642,Footwear,3381.0,19.8,Wallet,23,1,0,354.9,1,1,1.0,0
2643,Home,5321.0,31.7,COD,154,5,0,199.7,5,1,5.0,1
2644,Footwear,3385.0,36.9,COD,507,7,3,360.3,3,1,5.0,1
2645,Apparel,661.0,29.1,COD,364,9,1,122.7,3,0,5.0,0
2646,Footwear,4190.0,40.9,COD,411,10,2,263.3,1,0,3.0,1
2647,Footwear,1643.0,25.9,Prepaid_UPI,608,14,0,126.5,4,0,2.0,1
2648,Footwear,3846.0,18.5,COD,540,11,0,170.1,1,1,,0
2649,Home,7179.0,35.1,Prepaid_Card,673,18,0,486.9,4,1,5.0,0
2650,Footwear,3105.0,35.6,Prepaid_Card,424,12,3,202.2,5,0,5.0,1
2651,Beauty,1556.0,14.1,COD,61,1,0,169.6,1,1,3.0,0
2652,Electronics,5976.0,27.7,Wallet,91,2,0,404.5,6,1,1.0,0
2653,Footwear,2245.0,17.6,Wallet,474,12,1,159.4,1,0,2.0,0
2654,Footwear,2947.0,0.0,COD,884,22,5,322.3,8,1,1.0,0
2655,Electronics,4786.0,28.6,COD,205,3,0,278.7,4,0,3.0,0
2656,Beauty,412.0,2.6,COD,309,5,0,231.2,3,0,5.0,0
2657,Electronics,44714.0,26.9,COD,689,16,4,148.3,5,0,4.0,1
2658,Home,2858.0,0.0,Prepaid_Card,472,8,2,562.4,3,0,2.0,0
2659,Apparel,1030.0,11.2,Prepaid_Card,583,9,1,165.0,1,1,1.0,0
2660,Apparel,853.0,15.5,Prepaid_Card,66,0,0,501.8,7,0,1.0,0
2661,Footwear,3084.0,40.0,COD,47,2,0,334.8,4,0,2.0,1
2662,Electronics,21921.0,14.0,COD,919,24,2,401.1,5,0,5.0,0
2663,Electronics,35821.0,5.9,Wallet,142,2,0,276.0,4,0,,0
2664,Apparel,1322.0,27.5,Wallet,93,2,0,573.2,3,0,2.0,0
2665,Electronics,1875.0,18.7,COD,25,1,0,656.5,2,1,2.0,0
2666,Footwear,2431.0,33.9,Prepaid_Card,32,0,0,216.2,6,1,5.0,1
2667,Footwear,721.0,6.8,Prepaid_Card,341,6,1,171.1,6,1,4.0,0
2668,Apparel,1888.0,25.2,Prepaid_UPI,1304,30,7,260.4,4,1,5.0,1
2669,Home,1175.0,59.0,Prepaid_Card,173,1,0,210.6,7,0,5.0,0
2670,Electronics,10703.0,18.4,Prepaid_UPI,725,15,0,459.2,4,0,1.0,0
2671,Home,3842.0,24.8,COD,703,15,3,344.4,7,1,,1
2672,Electronics,9749.0,0.0,COD,191,5,1,115.5,8,1,,1
2673,Electronics,24818.0,9.2,Wallet,212,2,0,113.3,7,1,4.0,0
2674,Electronics,21379.0,28.9,COD,230,5,1,285.0,5,1,1.0,1
2675,Home,7634.0,17.1,COD,936,18,1,457.5,2,0,4.0,0
2676,Electronics,5071.0,31.2,Prepaid_UPI,113,1,0,153.7,5,0,2.0,0
2677,Electronics,26461.0,28.4,Prepaid_UPI,37,2,0,328.9,3,0,4.0,0
2678,Footwear,3382.0,2.2,Prepaid_UPI,100,2,0,377.9,6,0,1.0,0
2679,Footwear,1011.0,37.2,Prepaid_UPI,367,11,3,339.1,8,0,2.0,0
2680,Electronics,29077.0,3.4,Prepaid_UPI,384,8,1,98.6,4,1,5.0,0
2681,Footwear,3957.0,10.5,COD,608,15,2,194.6,2,0,,1
2682,Footwear,3650.0,25.4,Prepaid_Card,334,9,0,196.1,6,0,5.0,0
2683,Apparel,2083.0,45.5,Prepaid_UPI,5,0,0,378.3,4,1,4.0,1
2684,Home,5849.0,6.9,Prepaid_UPI,1196,24,2,184.1,8,1,,0
2685,Apparel,1109.0,24.2,COD,1605,35,0,118.1,5,0,2.0,1
2686,Footwear,4182.0,24.3,COD,264,5,1,364.8,4,1,2.0,0
2687,Apparel,806.0,31.9,Prepaid_UPI,156,2,0,139.7,5,1,3.0,0
2688,Home,4795.0,39.8,COD,48,1,0,78.3,5,1,3.0,0
2689,Apparel,1778.0,15.9,COD,19,0,0,190.8,1,0,1.0,0
2690,Electronics,39406.0,37.2,Prepaid_UPI,44,0,0,84.6,3,0,,0
2691,Beauty,2304.0,42.0,Prepaid_Card,981,20,0,68.3,7,1,2.0,0
2692,Electronics,4922.0,48.8,COD,1192,26,5,41.5,3,0,,0
2693,Footwear,3404.0,29.5,COD,91,0,0,316.2,4,0,1.0,0
2694,Beauty,630.0,24.4,COD,119,1,0,249.5,4,0,,0
2695,Footwear,3616.0,14.9,Prepaid_UPI,403,9,1,723.5,3,0,4.0,0
2696,Apparel,1661.0,0.1,Prepaid_Card,274,5,0,171.6,4,0,2.0,1
2697,Footwear,1225.0,17.8,COD,1518,34,2,535.0,2,1,,1
2698,Apparel,1899.0,23.7,COD,301,4,1,326.3,1,1,,0
2699,Electronics,21426.0,20.4,COD,149,2,0,178.9,5,0,3.0,0
2700,Footwear,2675.0,31.0,COD,1096,28,6,124.3,8,1,4.0,0
2701,Home,7780.0,0.2,COD,39,0,0,284.0,6,1,,0
2702,Electronics,29960.0,19.3,Prepaid_Card,49,0,0,136.5,6,0,5.0,0
2703,Electronics,26979.0,51.9,COD,133,4,1,280.7,7,1,1.0,1
2704,Footwear,567.0,36.9,COD,311,5,0,133.7,5,0,1.0,0
2705,Home,1834.0,31.2,Prepaid_Card,1472,33,7,109.6,5,1,2.0,0
2706,Electronics,2364.0,27.9,Prepaid_Card,415,9,0,65.1,3,0,2.0,0
2707,Footwear,1833.0,16.5,COD,95,3,1,269.1,6,1,5.0,0
2708,Apparel,1020.0,0.0,COD,578,13,4,234.8,5,0,2.0,1
2709,Apparel,1355.0,28.9,COD,122,2,1,107.1,3,1,4.0,0
2710,Home,5611.0,0.0,COD,236,8,1,220.8,4,0,1.0,0
2711,Beauty,571.0,17.1,Prepaid_UPI,762,12,1,85.8,2,0,3.0,0
2712,Apparel,1483.0,21.9,COD,1,0,0,246.1,6,0,4.0,0
2713,Apparel,2051.0,15.3,Prepaid_UPI,606,12,0,224.9,8,0,4.0,0
2714,Apparel,733.0,54.6,Prepaid_UPI,348,4,0,355.2,2,0,3.0,0
2715,Footwear,3136.0,49.4,COD,331,6,2,82.4,7,0,3.0,1
2716,Apparel,482.0,37.5,COD,500,10,1,40.1,7,0,4.0,1
2717,Electronics,24464.0,8.1,COD,139,5,1,509.4,2,0,3.0,0
2718,Beauty,1893.0,50.8,COD,30,0,0,299.6,1,0,3.0,0
2719,Apparel,461.0,31.3,Prepaid_Card,11,0,0,153.9,5,1,5.0,1
2720,Home,2869.0,7.9,COD,861,18,2,486.6,4,0,2.0,0
2721,Electronics,39655.0,22.5,Prepaid_UPI,490,9,2,713.8,4,1,5.0,0
2722,Footwear,1402.0,36.4,Prepaid_Card,141,5,1,311.2,7,0,1.0,0
2723,Electronics,32862.0,13.0,Prepaid_UPI,213,7,0,221.0,4,0,3.0,0
2724,Electronics,28016.0,24.1,Prepaid_UPI,697,13,1,99.8,10,0,5.0,0
2725,Apparel,695.0,26.7,Prepaid_Card,121,6,1,186.3,1,1,2.0,0
2726,Footwear,3467.0,5.5,Wallet,182,3,0,99.7,3,0,1.0,0
2727,Footwear,2628.0,17.9,Wallet,445,8,1,307.5,3,0,4.0,1
2728,Apparel,602.0,6.6,COD,164,5,1,837.5,4,1,3.0,0
2729,Electronics,42782.0,35.0,COD,185,5,0,327.4,8,0,3.0,0
2730,Footwear,2468.0,8.4,COD,1059,23,2,487.0,2,0,,0
2731,Apparel,1741.0,26.4,COD,151,3,0,216.4,3,1,2.0,0
2732,Apparel,792.0,1.1,Prepaid_Card,230,7,2,301.8,3,0,2.0,0
2733,Home,1356.0,5.0,COD,336,6,1,198.2,4,0,2.0,0
2734,Electronics,33669.0,4.3,Prepaid_Card,56,1,0,79.2,5,0,3.0,0
2735,Apparel,1613.0,17.7,Prepaid_UPI,537,15,1,50.4,4,0,4.0,0
2736,Electronics,13206.0,24.7,COD,32,0,0,794.0,2,0,4.0,0
2737,Apparel,1743.0,27.5,Prepaid_Card,388,8,1,164.8,4,0,2.0,0
2738,Electronics,23319.0,0.0,COD,31,3,0,219.0,8,1,2.0,0
2739,Home,2984.0,19.5,Prepaid_UPI,1141,26,3,52.6,7,1,4.0,0
2740,Home,6359.0,10.7,Prepaid_Card,1419,33,11,199.3,3,1,2.0,0
2741,Apparel,1510.0,30.0,COD,706,13,1,366.8,5,1,1.0,0
2742,Footwear,2529.0,18.0,Prepaid_UPI,117,3,0,347.8,6,0,1.0,0
2743,Apparel,1792.0,20.8,COD,503,11,2,248.1,6,0,,1
2744,Footwear,2679.0,10.8,Prepaid_UPI,561,17,2,380.1,8,0,1.0,0
2745,Electronics,42308.0,47.9,Prepaid_Card,253,7,3,167.8,5,1,4.0,1
2746,Footwear,3772.0,2.7,COD,226,5,1,497.0,2,1,,1
2747,Apparel,1045.0,16.0,Prepaid_UPI,70,2,0,984.5,1,1,1.0,0
2748,Apparel,1237.0,23.6,Prepaid_UPI,660,15,1,451.2,6,0,4.0,0
2749,Electronics,43131.0,18.2,Prepaid_UPI,277,8,1,221.5,1,1,5.0,1
2750,Apparel,2011.0,10.5,Prepaid_Card,400,7,1,143.8,6,1,1.0,0
2751,Apparel,744.0,0.0,Prepaid_UPI,79,4,1,102.6,3,0,2.0,1
2752,Footwear,1597.0,11.6,COD,28,0,0,240.5,2,1,,0
2753,Footwear,1958.0,7.6,Prepaid_UPI,1,0,0,102.9,6,0,4.0,0
2754,Apparel,1984.0,47.2,Prepaid_UPI,688,14,0,281.6,2,1,3.0,0
2755,Footwear,4210.0,56.0,COD,779,17,2,226.1,6,0,,0
2756,Footwear,3709.0,21.2,COD,536,14,1,142.0,5,0,3.0,1
2757,Footwear,1603.0,0.9,COD,558,9,0,257.7,1,1,3.0,0
2758,Home,7130.0,33.1,COD,617,13,0,274.6,8,0,2.0,0
2759,Home,553.0,7.3,COD,509,8,1,326.0,7,1,5.0,0
2760,Electronics,19719.0,13.8,COD,370,8,1,234.4,7,0,4.0,1
2761,Home,3208.0,12.6,Prepaid_Card,660,12,3,310.9,7,0,3.0,0
2762,Beauty,1408.0,14.5,COD,367,8,2,473.1,3,1,4.0,0
2763,Apparel,1409.0,16.7,COD,432,9,2,109.7,7,0,2.0,1
2764,Apparel,806.0,2.3,Prepaid_UPI,12,2,1,105.2,6,1,1.0,1
2765,Apparel,768.0,11.5,COD,66,4,0,371.7,1,1,,0
2766,Beauty,2038.0,37.3,Prepaid_Card,44,1,0,164.7,2,0,5.0,0
2767,Electronics,4537.0,21.5,Prepaid_UPI,506,13,1,481.5,3,0,4.0,0
2768,Home,4098.0,23.9,Wallet,749,19,3,416.0,8,0,3.0,0
2769,Footwear,1267.0,0.0,Prepaid_Card,17,0,0,489.7,2,0,3.0,0
2770,Beauty,901.0,36.2,COD,7,3,0,76.6,3,1,4.0,0
2771,Apparel,899.0,11.7,COD,1158,26,3,227.3,2,0,5.0,1
2772,Footwear,3334.0,38.9,Wallet,955,19,1,312.6,3,0,3.0,0
2773,Footwear,2324.0,24.3,Prepaid_UPI,132,4,0,121.1,7,0,2.0,0
2774,Apparel,939.0,13.6,Prepaid_UPI,165,4,0,220.3,1,0,1.0,0
2775,Footwear,3825.0,0.0,Prepaid_UPI,261,3,0,290.0,6,0,1.0,0
2776,Electronics,4958.0,54.6,COD,341,5,0,149.5,3,0,3.0,0
2777,Home,6201.0,34.0,Prepaid_Card,1127,28,2,119.6,9,1,4.0,0
2778,Electronics,12076.0,34.9,Prepaid_UPI,58,2,0,191.4,5,1,,0
2779,Apparel,2052.0,49.3,Prepaid_UPI,166,7,1,504.0,4,0,1.0,1
2780,Apparel,410.0,25.4,COD,607,13,3,324.1,3,0,3.0,0
2781,Apparel,1402.0,42.3,Prepaid_Card,731,15,1,268.5,5,1,1.0,0
2782,Apparel,1520.0,14.8,COD,32,0,0,401.2,1,1,5.0,0
2783,Home,4745.0,33.1,Wallet,275,8,0,232.5,5,1,5.0,0
2784,Electronics,36898.0,12.5,COD,219,6,0,174.9,3,1,3.0,0
2785,Apparel,602.0,14.4,Prepaid_UPI,244,5,0,125.6,3,0,4.0,1
2786,Home,3500.0,23.5,COD,273,4,0,208.0,9,0,,0
2787,Home,6951.0,3.0,Prepaid_Card,21,3,1,357.1,8,1,1.0,1
2788,Electronics,40127.0,26.9,Prepaid_Card,164,3,0,34.9,8,1,3.0,0
2789,Beauty,1321.0,17.3,COD,7,0,0,176.2,6,1,,1
2790,Electronics,25639.0,0.0,Prepaid_UPI,242,4,0,216.9,5,1,2.0,0
2791,Footwear,3556.0,15.1,Prepaid_UPI,297,6,2,174.1,8,1,2.0,1
2792,Apparel,1803.0,16.8,Prepaid_UPI,520,13,2,57.3,5,0,5.0,0
2793,Footwear,4052.0,34.8,COD,297,4,0,409.3,6,0,3.0,0
2794,Beauty,2133.0,26.3,Prepaid_UPI,737,17,3,313.4,8,0,3.0,0
2795,Footwear,2158.0,43.7,Prepaid_Card,151,5,2,181.2,6,0,2.0,0
2796,Home,5303.0,29.8,Prepaid_Card,70,1,1,391.2,5,0,4.0,0
2797,Home,4021.0,13.7,Prepaid_Card,94,4,0,88.3,6,0,2.0,0
2798,Electronics,6367.0,21.1,Prepaid_Card,295,9,0,319.4,5,1,3.0,0
2799,Home,6627.0,16.8,COD,94,4,1,135.9,6,1,1.0,0
2800,Footwear,2907.0,29.3,COD,745,15,3,334.6,6,1,2.0,1
2801,Beauty,286.0,22.9,COD,1252,28,6,277.1,2,1,5.0,0
2802,Electronics,30847.0,12.6,COD,125,3,0,282.0,3,0,4.0,0
2803,Apparel,910.0,22.1,COD,1312,28,1,288.5,6,1,,0
2804,Home,833.0,28.9,COD,293,6,0,216.3,5,1,1.0,0
2805,Apparel,1492.0,6.9,Prepaid_UPI,103,1,0,277.9,4,0,2.0,0
2806,Apparel,1718.0,26.8,Prepaid_Card,93,7,0,104.9,5,1,5.0,0
2807,Electronics,23857.0,0.0,COD,272,6,0,218.8,1,0,4.0,0
2808,Footwear,523.0,38.6,Prepaid_UPI,189,6,1,101.6,4,0,5.0,0
2809,Apparel,1438.0,29.9,Wallet,1443,30,1,579.6,4,0,,0
2810,Apparel,412.0,46.4,Prepaid_UPI,327,11,1,136.0,5,0,3.0,0
2811,Apparel,2068.0,5.3,Prepaid_UPI,248,5,0,523.6,6,0,,0
2812,Footwear,1569.0,39.0,Wallet,145,3,1,425.0,4,1,,1
2813,Home,7007.0,36.0,Prepaid_Card,762,13,4,192.2,7,1,1.0,0
2814,Apparel,422.0,19.3,Wallet,947,23,1,155.5,2,0,1.0,0
2815,Apparel,575.0,16.4,Wallet,457,13,3,205.1,6,1,4.0,1
2816,Home,3776.0,5.7,COD,728,14,5,682.8,3,1,4.0,1
2817,Apparel,1765.0,1.8,Prepaid_UPI,234,8,2,182.3,7,1,,0
2818,Home,7558.0,10.7,Prepaid_UPI,421,7,1,472.3,5,1,2.0,1
2819,Electronics,24024.0,3.2,Prepaid_UPI,579,14,6,520.1,2,0,4.0,0
2820,Beauty,985.0,45.9,Prepaid_UPI,202,4,1,164.4,5,1,3.0,1
2821,Apparel,480.0,0.0,COD,1658,40,10,216.2,5,1,5.0,0
2822,Home,4795.0,24.2,COD,262,6,1,76.0,5,1,5.0,1
2823,Apparel,1084.0,28.5,Prepaid_Card,108,4,1,271.3,5,0,1.0,0
2824,Beauty,2286.0,27.4,Prepaid_UPI,303,9,1,271.5,4,0,4.0,0
2825,Beauty,1278.0,28.7,Prepaid_UPI,371,8,1,229.3,3,1,1.0,0
2826,Footwear,3562.0,36.2,Prepaid_UPI,933,21,0,208.3,1,0,,0
2827,Electronics,38352.0,15.3,Prepaid_UPI,318,5,0,369.7,6,1,1.0,0
2828,Apparel,577.0,23.3,Wallet,67,1,0,430.1,6,0,4.0,0
2829,Footwear,2263.0,17.6,COD,82,6,0,393.1,9,1,5.0,0
2830,Footwear,4075.0,41.5,Wallet,505,13,2,231.4,4,1,1.0,0
2831,Apparel,1164.0,53.5,COD,154,1,0,345.1,5,0,5.0,1
2832,Electronics,25954.0,4.1,Prepaid_Card,177,7,0,241.7,5,1,2.0,0
2833,Electronics,39442.0,0.0,COD,332,8,2,201.2,6,0,2.0,1
2834,Footwear,1430.0,30.5,Prepaid_Card,161,5,2,252.6,3,0,2.0,0
2835,Home,7188.0,38.1,COD,33,2,0,181.7,5,0,1.0,0
2836,Home,3357.0,51.4,COD,8,1,0,128.6,5,0,3.0,0
2837,Home,4866.0,33.1,Prepaid_Card,47,0,0,487.6,6,0,4.0,0
2838,Apparel,990.0,42.9,Prepaid_UPI,437,12,1,372.5,9,0,4.0,1
2839,Electronics,24288.0,46.9,COD,605,9,1,137.2,5,1,4.0,1
2840,Apparel,489.0,44.0,Prepaid_UPI,435,12,4,146.6,1,1,5.0,0
2841,Footwear,761.0,35.2,COD,177,4,0,279.2,2,1,3.0,1
2842,Electronics,19365.0,2.8,COD,84,4,1,240.4,7,1,,0
2843,Electronics,15871.0,21.9,COD,176,4,1,171.3,1,1,2.0,0
2844,Apparel,1508.0,26.5,Prepaid_Card,226,7,2,192.3,5,1,4.0,0
2845,Apparel,468.0,20.5,Prepaid_UPI,144,3,0,158.2,3,1,4.0,1
2846,Home,1591.0,21.4,Prepaid_Card,784,18,0,288.4,10,0,1.0,0
2847,Apparel,777.0,45.5,Prepaid_UPI,493,12,1,412.5,2,1,4.0,0
2848,Apparel,1193.0,10.6,Prepaid_Card,240,9,2,251.1,3,1,2.0,0
2849,Footwear,1487.0,34.0,Prepaid_UPI,18,2,0,212.8,6,0,1.0,0
2850,Electronics,7230.0,26.7,Wallet,215,2,1,124.9,4,0,5.0,1
2851,Electronics,27374.0,9.1,COD,890,19,6,88.8,3,1,2.0,0
2852,Electronics,33782.0,5.9,COD,437,11,4,104.7,2,1,1.0,0
2853,Footwear,3241.0,0.0,COD,261,8,1,290.6,3,1,5.0,1
2854,Electronics,13297.0,29.3,Prepaid_Card,818,17,5,295.7,3,1,1.0,0
2855,Footwear,3918.0,21.1,Prepaid_Card,286,11,1,67.8,4,1,2.0,0
2856,Beauty,1588.0,9.6,COD,162,4,0,101.7,9,0,2.0,0
2857,Home,5033.0,0.0,Prepaid_UPI,47,2,0,178.7,9,1,3.0,0
2858,Electronics,10523.0,28.5,Wallet,17,0,0,187.5,9,0,3.0,0
2859,Footwear,1469.0,19.4,COD,139,5,2,763.7,4,0,2.0,0
2860,Electronics,21994.0,11.3,COD,107,1,0,54.3,6,1,3.0,0
2861,Electronics,11617.0,7.5,COD,34,0,0,202.9,5,0,4.0,0
2862,Electronics,31338.0,18.4,COD,299,6,1,92.3,3,1,3.0,0
2863,Apparel,955.0,29.0,Prepaid_UPI,842,21,4,280.6,1,0,3.0,0
2864,Apparel,673.0,17.1,Prepaid_Card,518,12,2,166.4,1,0,4.0,0
2865,Electronics,7841.0,4.2,COD,43,0,0,185.4,5,0,3.0,0
2866,Apparel,629.0,21.1,Prepaid_Card,16,0,0,31.7,2,0,4.0,0
2867,Electronics,20461.0,37.7,COD,359,11,0,355.9,3,1,4.0,0
2868,Home,323.0,22.6,COD,496,11,1,702.0,5,0,4.0,0
2869,Beauty,1425.0,23.0,COD,584,14,0,226.6,1,1,2.0,0
2870,Apparel,937.0,17.1,Prepaid_Card,242,7,1,248.0,8,0,3.0,0
2871,Home,4554.0,8.7,Prepaid_Card,68,0,0,381.2,5,1,2.0,0
2872,Electronics,42172.0,8.2,Prepaid_UPI,406,12,3,238.3,4,0,3.0,0
2873,Apparel,1964.0,0.0,COD,358,6,0,234.9,3,1,1.0,0
2874,Apparel,1438.0,39.7,Prepaid_UPI,800,17,4,354.0,6,0,1.0,1
2875,Apparel,1153.0,28.9,COD,209,8,2,60.1,2,0,2.0,0
2876,Apparel,1657.0,23.2,COD,96,5,1,277.4,7,0,5.0,1
2877,Apparel,2062.0,26.4,Prepaid_UPI,25,2,0,163.6,6,1,4.0,0
2878,Electronics,22642.0,27.1,Prepaid_UPI,101,4,1,478.2,3,0,4.0,0
2879,Electronics,5550.0,11.0,COD,528,14,1,276.6,4,0,,0
2880,Apparel,1779.0,17.1,Prepaid_Card,243,8,1,163.5,7,0,2.0,1
2881,Apparel,419.0,14.9,Prepaid_UPI,255,9,0,322.9,5,0,5.0,0
2882,Apparel,1776.0,59.7,Wallet,339,8,0,383.2,4,0,4.0,0
2883,Home,954.0,37.3,Prepaid_Card,143,2,0,240.0,3,1,3.0,0
2884,Electronics,5870.0,24.5,COD,317,7,1,520.6,4,1,,0
2885,Home,6319.0,42.5,Prepaid_Card,336,8,2,460.4,4,0,2.0,0
2886,Apparel,1641.0,40.6,COD,1322,29,2,271.9,5,1,3.0,0
2887,Apparel,1411.0,1.3,COD,407,7,2,175.3,4,1,5.0,1
2888,Beauty,2078.0,18.7,Prepaid_Card,281,7,2,62.6,2,1,4.0,0
2889,Apparel,1932.0,21.8,Prepaid_UPI,270,3,1,201.5,7,0,3.0,1
2890,Apparel,1224.0,31.2,COD,77,2,0,165.3,6,1,,0
2891,Apparel,2193.0,18.6,Prepaid_UPI,393,9,3,268.3,2,0,5.0,0
2892,Beauty,990.0,20.5,Prepaid_UPI,127,3,1,223.9,3,0,5.0,0
2893,Home,1621.0,15.1,Prepaid_UPI,147,5,0,243.0,6,1,5.0,0
2894,Home,6814.0,37.7,COD,418,11,1,269.4,3,0,,1
2895,Beauty,1127.0,0.3,COD,333,12,1,431.3,4,1,5.0,0
2896,Apparel,1974.0,15.6,COD,103,1,0,181.1,4,1,,1
2897,Beauty,294.0,0.0,COD,448,11,1,188.4,3,0,2.0,0
2898,Apparel,600.0,6.6,COD,533,12,1,349.5,2,1,1.0,0
2899,Home,610.0,26.8,COD,86,2,0,535.1,4,0,3.0,1
2900,Electronics,27568.0,27.0,COD,100,0,0,303.1,2,0,5.0,0
2901,Electronics,37636.0,17.3,COD,424,7,1,758.8,3,1,5.0,0
2902,Beauty,1096.0,38.9,Wallet,157,4,0,233.0,6,1,4.0,0
2903,Apparel,563.0,42.3,Prepaid_UPI,43,0,0,315.1,3,1,,0
2904,Beauty,1028.0,21.0,COD,1023,22,4,182.7,6,1,1.0,0
2905,Electronics,16444.0,25.8,Wallet,117,1,0,868.4,7,1,4.0,0
2906,Home,5255.0,15.2,COD,948,20,6,389.0,4,1,3.0,0
2907,Beauty,1683.0,31.4,COD,214,7,1,290.5,6,1,3.0,1
2908,Apparel,585.0,4.1,Prepaid_UPI,264,4,1,898.9,3,1,2.0,1
2909,Beauty,1137.0,48.9,Prepaid_Card,114,4,0,172.0,6,1,1.0,0
2910,Home,5247.0,39.1,COD,1073,23,0,49.2,6,0,3.0,0
2911,Home,2293.0,4.0,COD,179,3,0,136.7,8,1,2.0,1
2912,Apparel,1133.0,10.2,Prepaid_Card,86,3,1,161.9,7,1,3.0,1
2913,Electronics,28080.0,28.3,Prepaid_Card,40,0,0,301.9,5,0,1.0,0
2914,Home,3402.0,16.9,COD,577,11,1,375.9,11,0,4.0,0
2915,Electronics,2552.0,30.2,Prepaid_Card,412,8,3,91.5,6,1,4.0,0
2916,Apparel,801.0,16.6,COD,60,0,0,324.3,7,1,3.0,0
2917,Apparel,1797.0,44.9,Prepaid_Card,748,17,1,56.8,3,0,1.0,0
2918,Footwear,1494.0,22.1,COD,190,0,0,120.9,4,0,3.0,0
2919,Apparel,1872.0,58.3,Prepaid_UPI,204,6,1,411.5,5,1,2.0,1
2920,Home,3895.0,31.0,Prepaid_UPI,425,11,1,536.6,2,1,1.0,0
2921,Beauty,1261.0,1.8,COD,1307,32,7,418.1,5,1,,0
2922,Apparel,1787.0,53.3,Prepaid_UPI,265,10,0,198.4,4,1,5.0,0
2923,Apparel,1090.0,38.5,COD,467,12,1,151.0,7,0,5.0,1
2924,Home,2136.0,27.7,COD,954,20,1,449.1,7,0,,0
2925,Apparel,589.0,31.7,Prepaid_Card,722,20,4,136.0,5,0,1.0,0
2926,Home,5474.0,4.2,Prepaid_Card,458,8,1,326.2,4,0,1.0,0
2927,Home,3919.0,0.0,Prepaid_UPI,397,5,1,175.1,8,0,3.0,0
2928,Home,6532.0,21.4,Wallet,625,18,5,309.5,1,0,2.0,0
2929,Electronics,21246.0,42.7,COD,167,5,1,88.2,1,0,5.0,0
2930,Home,3494.0,27.9,COD,340,4,0,559.8,6,1,1.0,0
2931,Home,2601.0,47.6,Prepaid_Card,708,13,2,97.3,4,1,,0
2932,Apparel,759.0,41.8,COD,82,3,0,129.6,4,0,2.0,0
2933,Home,6694.0,22.3,COD,186,2,0,268.3,1,1,5.0,0
2934,Footwear,881.0,39.8,Wallet,248,4,0,511.4,3,1,5.0,1
2935,Home,7246.0,44.8,Prepaid_UPI,85,6,1,115.7,8,0,4.0,0
2936,Electronics,2379.0,20.8,Wallet,317,11,1,200.4,7,1,2.0,0
2937,Electronics,24075.0,18.8,COD,10,1,0,237.9,6,1,4.0,0
2938,Apparel,505.0,24.1,COD,1785,39,3,421.7,3,0,3.0,0
2939,Apparel,1803.0,0.0,Prepaid_Card,249,7,1,104.5,4,1,5.0,0
2940,Apparel,781.0,26.2,Wallet,68,0,0,348.8,4,1,4.0,0
2941,Beauty,1480.0,32.8,COD,293,2,0,477.2,3,0,3.0,0
2942,Apparel,2050.0,24.2,COD,487,5,1,283.5,3,1,3.0,0
2943,Footwear,3097.0,27.2,COD,1089,24,1,76.4,4,1,1.0,1
2944,Apparel,721.0,21.3,Prepaid_UPI,154,5,1,365.2,1,1,4.0,0
2945,Apparel,1834.0,0.0,Prepaid_UPI,306,7,1,497.3,7,1,5.0,0
2946,Electronics,20537.0,46.9,Prepaid_UPI,46,3,1,198.5,4,0,3.0,0
2947,Electronics,1777.0,16.5,COD,103,4,0,90.7,3,0,3.0,1
2948,Footwear,2447.0,12.7,Prepaid_UPI,124,6,0,288.3,1,1,2.0,0
2949,Beauty,2059.0,42.4,Prepaid_Card,1,0,0,233.1,6,0,3.0,0
2950,Footwear,2220.0,36.7,COD,287,7,0,110.9,2,1,3.0,0
2951,Apparel,1765.0,26.1,COD,68,1,0,358.3,6,0,5.0,0
2952,Footwear,3322.0,33.5,Prepaid_Card,232,5,0,293.4,3,1,5.0,0
2953,Apparel,1222.0,4.7,COD,767,14,2,229.0,5,1,2.0,0
2954,Beauty,910.0,20.8,Wallet,153,6,1,212.8,2,0,1.0,0
2955,Electronics,33022.0,41.4,Prepaid_Card,3,0,0,289.9,4,0,3.0,0
2956,Electronics,17359.0,11.8,COD,277,5,1,120.5,4,1,5.0,1
2957,Apparel,706.0,7.0,Prepaid_UPI,576,12,3,420.5,5,0,2.0,0
2958,Apparel,978.0,23.2,Prepaid_Card,968,19,1,479.0,6,1,4.0,0
2959,Apparel,1978.0,23.5,COD,51,1,0,214.3,6,1,1.0,1
2960,Beauty,816.0,31.7,Prepaid_Card,835,20,2,190.4,8,1,5.0,0
2961,Footwear,1440.0,1.3,COD,852,18,3,139.2,1,1,1.0,1
2962,Beauty,464.0,0.0,COD,480,13,5,95.4,9,0,2.0,0
2963,Apparel,499.0,35.8,Prepaid_UPI,303,6,1,177.1,7,1,2.0,1
2964,Home,7821.0,5.8,Prepaid_Card,390,6,1,252.5,4,1,2.0,0
2965,Apparel,1366.0,12.9,COD,54,4,1,366.5,7,1,4.0,1
2966,Home,5918.0,0.0,COD,1164,26,1,105.6,8,0,,1
2967,Electronics,35056.0,37.3,Prepaid_Card,816,20,1,220.3,7,0,1.0,1
2968,Apparel,1034.0,27.3,COD,246,7,2,229.2,2,1,1.0,0
2969,Home,6452.0,26.7,Wallet,101,0,0,319.0,5,0,1.0,0
2970,Apparel,2131.0,26.6,Prepaid_Card,2218,48,2,164.4,6,1,3.0,1
2971,Electronics,33689.0,0.0,Prepaid_UPI,286,8,1,518.6,4,1,1.0,0
2972,Home,5780.0,7.2,COD,411,13,1,410.6,5,1,,1
2973,Apparel,1178.0,15.2,Prepaid_UPI,1411,31,2,266.8,6,0,4.0,0
2974,Beauty,2127.0,10.8,COD,64,0,0,487.9,2,1,4.0,0
2975,Electronics,5091.0,17.9,COD,275,9,1,330.0,7,1,,0
2976,Footwear,3499.0,25.7,COD,445,9,1,453.5,5,0,,0
2977,Home,3087.0,37.1,COD,200,5,0,389.3,4,1,2.0,0
2978,Home,4658.0,0.0,Wallet,311,6,0,304.4,3,1,5.0,0
2979,Home,7176.0,21.9,Prepaid_UPI,669,15,6,311.2,4,0,4.0,0
2980,Footwear,2920.0,32.7,Prepaid_Card,24,0,0,272.4,7,1,5.0,0
2981,Home,497.0,8.1,Prepaid_Card,72,1,0,780.7,5,1,4.0,1
2982,Apparel,1701.0,19.1,Prepaid_Card,263,5,0,424.3,6,0,2.0,0
2983,Apparel,2072.0,29.0,Prepaid_Card,631,15,0,258.5,4,1,3.0,0
2984,Home,5243.0,22.2,Prepaid_UPI,125,3,1,507.7,5,1,5.0,1
2985,Apparel,1951.0,32.1,Prepaid_Card,189,6,1,163.2,1,1,4.0,0
2986,Apparel,1886.0,23.4,Prepaid_UPI,510,10,1,280.4,5,0,1.0,0
2987,Apparel,1950.0,17.3,COD,116,2,0,165.7,4,1,2.0,1
2988,Home,2950.0,4.4,Wallet,828,20,4,246.8,5,0,4.0,0
2989,Apparel,1253.0,25.7,COD,499,13,2,196.3,1,1,3.0,1
2990,Home,6830.0,23.5,COD,286,3,1,256.3,10,0,,0
2991,Footwear,4142.0,7.1,Prepaid_UPI,247,6,2,163.6,5,0,3.0,1
2992,Footwear,1087.0,30.7,COD,186,3,1,284.9,6,1,2.0,0
2993,Apparel,727.0,41.0,COD,201,6,1,99.5,5,0,2.0,1
2994,Home,2971.0,12.1,COD,655,18,1,207.8,4,0,5.0,0
2995,Home,6231.0,11.1,Prepaid_Card,8,0,0,175.2,5,1,3.0,0
2996,Electronics,39524.0,10.5,Wallet,404,8,1,30.9,7,0,,0
2997,Home,4768.0,0.0,Prepaid_UPI,1102,25,3,438.5,5,1,5.0,0
2998,Apparel,604.0,52.1,Prepaid_Card,977,22,4,602.7,6,1,3.0,0
2999,Beauty,864.0,15.3,Wallet,312,9,2,318.1,6,1,4.0,0
3000,Apparel,1943.0,9.1,Prepaid_Card,66,2,1,240.4,6,0,4.0,0
3001,Footwear,1890.0,5.1,Prepaid_UPI,96,1,0,175.2,9,1,2.0,0
3002,Home,1092.0,16.2,COD,258,4,0,278.7,5,1,2.0,1
3003,Apparel,944.0,11.6,Prepaid_Card,107,0,0,363.9,4,0,3.0,1
3004,Footwear,3727.0,43.6,COD,55,0,0,428.5,4,0,1.0,0
3005,Apparel,1288.0,3.3,COD,42,0,0,368.0,5,1,2.0,1
3006,Footwear,1186.0,0.0,Prepaid_UPI,256,6,1,160.0,2,1,4.0,0
3007,Home,2707.0,30.3,COD,770,17,5,186.8,8,0,2.0,1
3008,Apparel,2116.0,20.4,Prepaid_Card,289,5,0,121.5,4,0,1.0,0
3009,Apparel,1178.0,18.7,Prepaid_UPI,366,6,2,147.7,4,1,5.0,0
3010,Footwear,2266.0,30.4,COD,15,0,0,361.1,2,0,2.0,0
3011,Apparel,676.0,24.1,Prepaid_Card,186,3,0,237.8,5,1,4.0,0
3012,Footwear,1718.0,21.3,Prepaid_UPI,138,2,0,369.7,2,1,1.0,0
3013,Footwear,3759.0,0.9,Prepaid_UPI,455,11,0,405.3,1,1,5.0,0
3014,Home,6354.0,0.0,COD,34,3,0,263.2,3,0,4.0,0
3015,Apparel,1184.0,11.5,Wallet,456,8,0,380.8,4,1,4.0,0
3016,Home,7181.0,5.7,Prepaid_UPI,80,4,1,210.8,3,0,2.0,0
3017,Beauty,1044.0,26.0,Prepaid_Card,27,2,0,267.5,5,0,4.0,0
3018,Apparel,1956.0,0.0,COD,220,5,0,97.2,7,1,4.0,0
3019,Electronics,2583.0,15.3,Prepaid_UPI,266,9,1,203.1,5,1,4.0,1
3020,Apparel,1025.0,19.4,Prepaid_UPI,467,10,1,150.2,1,0,3.0,0
3021,Electronics,38652.0,21.4,COD,15,1,0,82.3,4,1,3.0,1
3022,Footwear,4105.0,28.0,Wallet,414,9,1,296.5,6,1,3.0,0
3023,Electronics,34331.0,17.1,Wallet,219,5,0,223.0,4,1,3.0,0
3024,Home,5458.0,12.0,Prepaid_Card,1464,33,2,190.8,5,0,,0
3025,Apparel,1868.0,40.7,Prepaid_UPI,565,13,3,196.6,5,1,,0
3026,Apparel,1674.0,17.2,Prepaid_Card,710,17,3,104.3,2,1,3.0,0
3027,Apparel,858.0,43.3,Prepaid_UPI,1222,26,1,340.2,7,0,5.0,0
3028,Footwear,2365.0,17.1,Prepaid_UPI,545,11,0,339.7,4,0,2.0,0
3029,Home,5387.0,21.8,COD,119,1,0,159.0,4,0,,0
3030,Electronics,26946.0,19.9,COD,833,18,1,117.2,5,1,5.0,1
3031,Footwear,4040.0,25.5,COD,825,20,4,298.5,1,1,4.0,1
3032,Apparel,1253.0,15.7,Wallet,297,6,1,532.7,7,0,2.0,1
3033,Apparel,720.0,23.4,COD,29,2,1,247.7,2,1,1.0,1
3034,Apparel,786.0,45.0,Prepaid_UPI,108,3,0,364.9,8,0,,0
3035,Beauty,2138.0,37.7,Prepaid_Card,75,1,0,184.4,7,1,4.0,1
3036,Home,367.0,37.8,COD,135,6,1,273.6,2,0,,0
3037,Home,6992.0,1.9,Wallet,428,11,1,54.5,5,1,4.0,0
3038,Apparel,500.0,4.3,Prepaid_Card,68,2,0,174.7,2,1,4.0,1
3039,Apparel,1105.0,25.3,COD,4,0,0,115.1,2,0,,0
3040,Home,6461.0,33.6,COD,1001,22,7,668.0,1,1,3.0,0
3041,Electronics,19054.0,14.2,COD,56,0,0,238.4,6,1,4.0,1
3042,Beauty,2083.0,11.5,COD,138,1,0,854.9,3,0,2.0,0
3043,Footwear,901.0,42.9,COD,94,3,0,236.9,6,1,2.0,0
3044,Electronics,23606.0,32.3,Prepaid_Card,286,3,0,296.0,5,1,4.0,0
3045,Footwear,2830.0,37.9,COD,127,1,0,221.6,2,0,2.0,0
3046,Beauty,2244.0,15.4,COD,233,4,0,190.2,6,0,,1
3047,Electronics,5301.0,14.2,COD,32,7,1,290.3,6,1,3.0,0
3048,Home,2907.0,36.2,COD,310,8,1,355.6,3,0,1.0,0
3049,Beauty,1699.0,18.1,Wallet,82,4,0,136.4,7,0,,0
3050,Apparel,2164.0,12.8,COD,171,2,1,187.5,4,0,,0
3051,Footwear,3893.0,8.3,COD,229,6,0,94.3,3,1,4.0,0
3052,Apparel,1924.0,14.3,Prepaid_Card,180,0,0,70.9,4,1,1.0,0
3053,Home,4282.0,35.1,Wallet,280,6,0,355.4,4,0,1.0,0
3054,Footwear,2757.0,0.0,Prepaid_UPI,698,17,6,334.2,1,1,5.0,0
3055,Home,6911.0,31.4,Prepaid_UPI,137,0,0,211.5,1,0,1.0,1
3056,Electronics,39290.0,11.4,Wallet,337,8,1,334.5,8,1,4.0,0
3057,Home,6478.0,18.8,Prepaid_Card,275,7,0,364.4,7,1,4.0,0
3058,Apparel,1873.0,19.8,Wallet,420,8,1,436.4,8,0,2.0,0
3059,Apparel,1983.0,18.7,COD,67,0,0,56.2,6,0,2.0,1
3060,Apparel,605.0,17.7,Prepaid_UPI,257,4,1,242.8,4,1,1.0,0
3061,Home,2553.0,15.3,Prepaid_UPI,57,1,0,115.9,4,1,5.0,0
3062,Electronics,43954.0,13.4,Wallet,369,8,1,148.3,3,0,2.0,0
3063,Apparel,1381.0,41.8,Prepaid_Card,66,2,0,140.6,6,0,5.0,1
3064,Footwear,1206.0,22.4,Prepaid_UPI,84,1,0,283.4,6,1,4.0,0
3065,Electronics,23234.0,20.1,COD,174,7,1,169.5,4,0,1.0,0
3066,Electronics,29485.0,12.3,Prepaid_Card,286,10,0,55.8,5,1,5.0,0
3067,Electronics,37476.0,15.9,COD,155,4,1,311.3,7,0,5.0,1
3068,Apparel,1862.0,12.4,Prepaid_Card,455,9,1,114.1,4,0,4.0,0
3069,Footwear,697.0,33.5,Prepaid_UPI,63,0,0,117.8,2,0,5.0,1
3070,Electronics,21064.0,10.7,COD,351,8,1,921.4,6,1,,0
3071,Apparel,437.0,0.0,COD,510,12,1,497.7,2,1,4.0,0
3072,Beauty,2237.0,22.9,COD,440,9,0,169.8,3,0,1.0,1
3073,Footwear,1196.0,17.8,Prepaid_UPI,224,4,0,129.4,5,0,3.0,0
3074,Footwear,2999.0,13.2,Prepaid_UPI,521,12,2,347.2,6,1,2.0,0
3075,Footwear,2782.0,35.7,Prepaid_UPI,196,4,1,1048.0,5,0,2.0,0
3076,Beauty,1620.0,0.0,COD,32,0,0,565.0,2,1,4.0,1
3077,Electronics,25878.0,45.6,Prepaid_UPI,157,4,1,365.4,11,1,5.0,0
3078,Home,5810.0,37.8,Prepaid_UPI,208,3,1,562.5,3,0,2.0,0
3079,Home,5121.0,12.6,COD,5,0,0,320.9,6,0,1.0,0
3080,Apparel,563.0,15.2,COD,232,5,1,541.4,3,0,5.0,0
3081,Apparel,1060.0,29.6,Prepaid_Card,24,0,0,155.0,2,0,4.0,0
3082,Apparel,1384.0,30.0,COD,633,13,2,430.4,5,0,1.0,0
3083,Home,2804.0,12.5,COD,14,2,0,229.8,4,0,3.0,0
3084,Footwear,3541.0,0.0,COD,206,4,0,359.0,5,0,,0
3085,Footwear,1772.0,53.7,COD,373,12,1,577.6,3,0,,0
3086,Apparel,1892.0,36.3,COD,728,17,0,201.6,5,0,3.0,0
3087,Apparel,664.0,24.4,COD,157,2,0,148.3,3,1,,0
3088,Electronics,34899.0,24.6,Prepaid_UPI,215,7,1,452.4,7,1,5.0,0
3089,Home,1713.0,31.3,Prepaid_Card,98,1,0,280.2,5,1,2.0,0
3090,Beauty,1391.0,33.1,Prepaid_Card,404,13,1,55.1,4,1,1.0,0
3091,Footwear,1782.0,0.0,Prepaid_UPI,101,3,0,296.0,4,1,3.0,0
3092,Beauty,1648.0,16.7,Prepaid_Card,383,10,3,144.5,4,0,1.0,0
3093,Footwear,1351.0,15.2,COD,362,8,0,345.3,5,0,4.0,0
3094,Beauty,2019.0,19.6,COD,886,20,3,405.1,8,0,3.0,0
3095,Electronics,26323.0,33.6,COD,249,5,0,170.2,3,0,3.0,0
3096,Apparel,2123.0,0.0,Prepaid_Card,124,1,0,227.9,5,0,4.0,0
3097,Apparel,1681.0,1.8,Prepaid_Card,129,4,1,171.5,3,1,5.0,0
3098,Electronics,27804.0,11.8,COD,1386,33,5,327.6,1,1,1.0,0
3099,Apparel,1892.0,24.3,Prepaid_Card,132,1,0,495.4,6,0,1.0,1
3100,Apparel,795.0,34.5,Wallet,396,12,1,18.4,7,0,,0
3101,Beauty,1637.0,46.5,COD,525,13,4,181.8,5,0,5.0,1
3102,Apparel,1103.0,17.7,Prepaid_Card,829,18,2,658.0,10,0,5.0,0
3103,Beauty,1898.0,34.5,Prepaid_Card,239,4,0,217.5,4,1,1.0,0
3104,Footwear,598.0,32.7,Prepaid_UPI,1538,38,5,281.4,3,1,1.0,0
3105,Home,3593.0,30.1,Prepaid_UPI,111,4,1,870.8,7,0,2.0,0
3106,Home,5318.0,21.6,Prepaid_UPI,213,7,3,616.0,7,0,5.0,0
3107,Electronics,21376.0,16.0,COD,519,11,3,337.0,7,1,5.0,1
3108,Home,2132.0,6.0,Prepaid_Card,981,23,0,222.3,2,1,5.0,0
3109,Apparel,1236.0,5.0,Prepaid_UPI,79,2,0,399.0,3,1,2.0,1
3110,Beauty,2147.0,27.2,COD,684,15,5,170.2,1,1,2.0,1
3111,Apparel,772.0,21.2,Wallet,145,3,1,177.3,9,0,2.0,1
3112,Apparel,1061.0,15.8,COD,245,8,0,113.9,2,1,5.0,0
3113,Home,7926.0,32.0,Prepaid_Card,344,11,2,158.3,2,0,1.0,0
3114,Home,7329.0,19.0,Prepaid_Card,1131,25,6,219.7,4,1,3.0,0
3115,Electronics,2688.0,8.3,Prepaid_Card,1102,22,3,321.5,5,1,1.0,0
3116,Home,4384.0,18.0,Prepaid_UPI,365,11,3,340.3,6,0,5.0,0
3117,Apparel,518.0,34.3,COD,400,12,1,204.7,4,0,2.0,1
3118,Home,7414.0,6.6,Prepaid_Card,2135,48,4,285.3,3,1,,0
3119,Apparel,1195.0,25.1,Prepaid_Card,496,15,1,518.1,4,1,3.0,0
3120,Apparel,1153.0,21.2,Prepaid_UPI,465,11,1,386.1,3,1,2.0,0
3121,Apparel,891.0,10.6,Prepaid_Card,283,4,1,146.0,8,1,4.0,0
3122,Electronics,26114.0,17.6,Wallet,108,0,0,245.8,4,0,4.0,1
3123,Electronics,7551.0,0.0,Prepaid_UPI,132,0,0,478.3,6,1,5.0,0
3124,Electronics,36194.0,23.6,COD,397,9,2,161.0,4,1,4.0,0
3125,Apparel,1284.0,1.5,Prepaid_UPI,236,4,0,139.3,1,1,4.0,0
3126,Apparel,1420.0,38.1,Wallet,404,8,0,170.2,8,0,4.0,1
3127,Home,6774.0,20.6,COD,700,15,0,223.5,6,0,1.0,0
3128,Apparel,733.0,13.4,Prepaid_Card,69,3,0,144.5,5,0,4.0,0
3129,Home,1649.0,39.4,COD,70,0,0,174.6,1,1,,0
3130,Beauty,1139.0,6.5,Prepaid_Card,927,19,0,528.2,4,1,4.0,0
3131,Electronics,35632.0,10.8,COD,178,3,1,485.7,8,0,1.0,0
3132,Beauty,288.0,0.0,Prepaid_UPI,700,17,2,51.2,7,0,3.0,0
3133,Apparel,1831.0,41.6,COD,310,7,0,80.3,4,0,2.0,0
3134,Apparel,1301.0,50.1,Prepaid_Card,390,9,3,385.8,7,0,2.0,1
3135,Footwear,2747.0,0.0,COD,501,14,3,165.7,8,1,3.0,0
3136,Footwear,2758.0,9.8,Prepaid_UPI,292,12,1,134.5,4,1,5.0,0
3137,Footwear,725.0,23.0,Prepaid_Card,102,4,1,307.7,7,1,4.0,0
3138,Apparel,850.0,14.3,Prepaid_Card,416,10,2,357.1,7,1,5.0,1
3139,Footwear,3521.0,21.5,COD,1552,32,1,382.9,6,0,3.0,0
3140,Electronics,19257.0,20.2,COD,380,9,2,70.3,7,1,5.0,1
3141,Apparel,1409.0,28.1,Prepaid_Card,33,1,0,366.0,3,1,4.0,1
3142,Apparel,2101.0,7.6,Wallet,122,4,0,319.3,6,1,1.0,0
3143,Beauty,259.0,24.9,COD,729,15,1,213.1,4,0,4.0,0
3144,Apparel,1209.0,5.3,Prepaid_UPI,607,14,4,420.5,3,0,3.0,1
3145,Footwear,1945.0,15.8,COD,89,3,0,404.4,8,0,3.0,0
3146,Home,1120.0,0.0,Prepaid_UPI,506,15,5,451.8,4,1,2.0,0
3147,Footwear,4303.0,15.9,COD,130,6,0,139.9,5,1,1.0,1
3148,Home,7703.0,13.4,Prepaid_Card,745,19,2,135.5,5,0,5.0,0
3149,Footwear,1746.0,36.2,COD,175,5,2,888.5,1,0,2.0,0
3150,Apparel,2104.0,21.1,COD,310,6,1,453.1,4,0,2.0,0
3151,Apparel,463.0,23.8,COD,310,8,0,168.8,6,0,4.0,0
3152,Home,7853.0,21.7,COD,533,10,3,210.5,5,0,5.0,0
3153,Electronics,37814.0,0.0,Prepaid_Card,734,16,7,360.9,4,1,2.0,1
3154,Apparel,786.0,0.0,Wallet,352,11,1,389.1,5,0,5.0,0
3155,Apparel,1479.0,17.2,Prepaid_Card,124,4,0,67.4,7,0,1.0,0
3156,Electronics,36166.0,26.2,Wallet,382,9,2,301.6,1,0,5.0,0
3157,Apparel,975.0,18.5,Prepaid_Card,1118,26,6,404.6,4,0,2.0,0
3158,Apparel,1037.0,9.0,COD,1734,38,3,174.9,5,0,1.0,0
3159,Beauty,1628.0,18.4,COD,401,5,0,68.7,8,0,3.0,1
3160,Apparel,665.0,17.1,COD,16,0,0,373.7,7,0,,1
3161,Beauty,428.0,33.7,COD,54,2,0,99.8,1,1,5.0,0
3162,Beauty,737.0,32.8,Prepaid_UPI,112,1,0,501.2,7,0,2.0,0
3163,Apparel,1734.0,13.7,Prepaid_UPI,435,9,0,126.9,4,1,1.0,0
3164,Home,3123.0,21.3,Prepaid_Card,204,2,1,283.7,1,1,1.0,1
3165,Home,4207.0,26.1,Prepaid_Card,706,14,0,75.3,2,1,1.0,0
3166,Home,1805.0,28.4,COD,796,18,1,277.4,8,0,4.0,0
3167,Apparel,749.0,46.8,Prepaid_Card,631,16,2,246.3,5,1,3.0,0
3168,Apparel,1571.0,21.6,COD,59,4,1,208.2,2,0,5.0,0
3169,Apparel,595.0,39.5,COD,311,5,0,173.7,8,1,1.0,0
3170,Home,5442.0,4.6,COD,542,13,3,213.5,6,0,4.0,0
3171,Beauty,1092.0,12.4,COD,120,0,0,178.4,4,0,5.0,1
3172,Home,5469.0,0.0,Prepaid_UPI,235,5,1,358.1,5,1,4.0,0
3173,Home,3239.0,24.3,COD,130,5,1,287.5,3,0,5.0,1
3174,Beauty,2138.0,31.7,COD,38,1,0,268.4,9,1,5.0,0
3175,Home,728.0,0.0,Wallet,304,9,1,279.0,2,0,2.0,0
3176,Apparel,2008.0,24.8,Wallet,172,5,1,191.5,2,1,5.0,0
3177,Footwear,1575.0,31.1,Prepaid_Card,222,5,0,311.7,5,1,1.0,1
3178,Electronics,3063.0,30.2,Prepaid_Card,30,0,0,406.8,11,1,,1
3179,Apparel,1412.0,4.1,Prepaid_UPI,149,2,0,335.8,1,0,5.0,0
3180,Electronics,11027.0,33.6,COD,407,6,1,400.9,6,1,4.0,1
3181,Beauty,1229.0,22.1,Prepaid_Card,766,14,3,353.6,5,0,4.0,0
3182,Apparel,1844.0,30.9,COD,510,13,1,305.4,5,0,,1
3183,Electronics,35870.0,20.1,COD,419,12,1,113.8,7,1,4.0,0
3184,Apparel,1481.0,27.7,Wallet,134,1,0,156.8,3,0,3.0,0
3185,Apparel,2160.0,38.6,Prepaid_UPI,49,1,0,74.8,4,0,1.0,0
3186,Apparel,1235.0,18.9,Wallet,171,1,0,406.5,3,1,3.0,0
3187,Footwear,658.0,26.3,Prepaid_UPI,76,0,0,115.8,8,1,5.0,0
3188,Footwear,3778.0,40.7,Prepaid_Card,431,10,1,146.8,7,0,3.0,0
3189,Apparel,798.0,20.0,Prepaid_UPI,1088,23,4,199.0,2,0,3.0,0
3190,Apparel,717.0,5.1,Prepaid_Card,606,10,3,199.8,5,1,5.0,0
3191,Apparel,526.0,32.1,Prepaid_Card,245,9,0,221.5,7,0,5.0,1
3192,Apparel,990.0,43.5,COD,162,4,0,412.5,1,1,,1
3193,Home,2811.0,41.3,Prepaid_Card,324,5,1,302.6,8,0,5.0,0
3194,Home,2631.0,32.7,COD,112,3,1,342.5,4,0,2.0,1
3195,Home,4868.0,0.0,Prepaid_Card,1074,24,2,137.2,4,0,2.0,0
3196,Electronics,34118.0,12.5,COD,1299,30,8,346.6,8,0,4.0,0
3197,Home,7521.0,13.2,Prepaid_Card,383,8,0,132.2,7,1,4.0,0
3198,Apparel,569.0,22.7,COD,419,10,1,216.9,1,0,4.0,1
3199,Apparel,671.0,47.3,COD,755,19,4,170.2,6,1,4.0,0
3200,Beauty,1536.0,5.8,Prepaid_Card,327,5,1,176.7,6,1,4.0,0
3201,Footwear,893.0,55.6,COD,78,0,0,764.5,1,0,1.0,1
3202,Beauty,1021.0,16.3,Wallet,610,15,5,185.1,6,1,3.0,0
3203,Beauty,1618.0,10.5,Prepaid_Card,152,2,0,62.9,4,0,4.0,0
3204,Home,6310.0,34.7,COD,284,6,0,397.1,7,1,,1
3205,Beauty,661.0,35.9,COD,447,9,1,228.2,3,0,2.0,0
3206,Electronics,30458.0,31.7,Prepaid_UPI,23,0,0,334.8,5,0,4.0,0
3207,Apparel,1563.0,10.5,Prepaid_Card,675,14,4,146.7,3,1,3.0,1
3208,Apparel,1947.0,29.5,COD,1516,31,2,221.7,3,0,4.0,1
3209,Apparel,965.0,6.5,COD,88,3,0,242.4,1,1,2.0,0
3210,Apparel,1750.0,10.0,Prepaid_UPI,475,13,1,241.4,7,1,5.0,0
3211,Electronics,34138.0,20.6,Wallet,915,20,1,228.4,7,1,2.0,0
3212,Home,2142.0,9.7,COD,61,3,0,382.9,5,1,1.0,0
3213,Footwear,2985.0,37.8,COD,14,0,0,415.0,5,0,2.0,0
3214,Home,5499.0,13.3,COD,74,1,0,143.1,3,0,2.0,0
3215,Apparel,894.0,18.7,COD,776,18,1,401.4,7,0,2.0,0
3216,Footwear,2307.0,8.8,Prepaid_UPI,783,18,0,152.7,5,1,4.0,1
3217,Electronics,20287.0,37.6,Wallet,1362,30,4,322.6,5,1,1.0,0
3218,Apparel,1792.0,12.0,Wallet,169,5,1,57.7,8,1,2.0,0
3219,Apparel,401.0,39.1,Prepaid_UPI,257,3,1,385.0,2,0,1.0,0
3220,Electronics,23145.0,38.0,COD,230,5,1,304.2,1,1,3.0,1
3221,Apparel,732.0,15.3,Wallet,123,5,1,159.5,5,0,2.0,0
3222,Footwear,3087.0,22.4,COD,1034,25,3,254.3,4,1,,1
3223,Footwear,3221.0,14.9,COD,651,16,2,227.9,2,0,2.0,0
3224,Home,4159.0,30.2,Prepaid_UPI,506,13,1,270.6,5,1,4.0,0
3225,Apparel,1376.0,19.1,COD,266,5,1,274.7,5,0,,1
3226,Footwear,1760.0,15.7,Prepaid_UPI,200,1,0,230.1,6,0,1.0,0
3227,Home,2713.0,22.7,Wallet,84,1,0,539.6,2,0,2.0,0
3228,Apparel,1741.0,0.0,Prepaid_UPI,235,6,0,186.4,4,1,3.0,0
3229,Home,1314.0,20.9,Prepaid_UPI,1917,44,2,318.5,5,0,2.0,0
3230,Electronics,34992.0,31.7,COD,113,1,0,293.6,7,1,4.0,1
3231,Electronics,29890.0,24.1,COD,52,0,0,198.0,7,0,4.0,0
3232,Apparel,1992.0,36.3,Prepaid_UPI,30,0,0,504.0,3,0,3.0,0
3233,Electronics,12594.0,16.3,Prepaid_Card,167,3,1,136.9,6,0,3.0,0
3234,Apparel,1311.0,15.1,Wallet,1735,35,3,353.4,3,0,1.0,1
3235,Apparel,470.0,5.2,COD,83,1,0,317.0,4,1,1.0,0
3236,Apparel,2043.0,15.9,COD,16,0,0,301.1,4,1,5.0,1
3237,Beauty,1737.0,51.5,COD,573,13,2,252.8,3,1,,0
3238,Apparel,1521.0,26.1,Prepaid_UPI,81,1,0,399.8,6,1,2.0,0
3239,Electronics,33292.0,13.2,Prepaid_UPI,466,9,1,110.2,7,1,5.0,0
3240,Electronics,13654.0,6.9,Wallet,163,2,0,156.2,4,0,5.0,0
3241,Footwear,2915.0,0.0,COD,94,1,0,308.3,5,0,,0
3242,Home,6467.0,9.5,Prepaid_Card,467,12,2,163.2,4,1,5.0,0
3243,Beauty,362.0,33.4,COD,98,2,0,144.7,2,0,1.0,0
3244,Apparel,2126.0,15.6,COD,165,10,1,469.8,2,1,1.0,0
3245,Apparel,2005.0,7.6,COD,896,19,4,484.0,8,1,1.0,0
3246,Home,7715.0,9.3,Prepaid_Card,707,17,3,319.5,3,0,4.0,1
3247,Electronics,36606.0,31.7,Prepaid_Card,9,0,0,165.6,6,1,3.0,0
3248,Footwear,1677.0,20.8,COD,13,0,0,189.2,5,1,2.0,0
3249,Footwear,2826.0,12.6,Prepaid_Card,79,5,1,278.8,2,1,5.0,0
3250,Electronics,6463.0,17.4,Prepaid_UPI,1029,25,6,220.8,5,1,2.0,0
3251,Beauty,1922.0,55.1,COD,549,9,1,360.2,5,0,,1
3252,Home,1483.0,40.3,COD,128,1,0,124.2,4,1,3.0,0
3253,Apparel,1960.0,44.0,Prepaid_UPI,217,5,0,126.6,4,1,5.0,0
3254,Electronics,11736.0,0.0,Prepaid_UPI,485,10,2,231.0,4,0,,0
3255,Apparel,689.0,19.7,Prepaid_UPI,464,7,1,485.3,6,1,5.0,0
3256,Footwear,784.0,12.3,COD,52,1,0,314.6,3,0,,0
3257,Apparel,1680.0,30.2,Prepaid_Card,259,2,0,265.1,8,1,3.0,0
3258,Apparel,735.0,37.9,Wallet,206,5,1,264.2,6,0,4.0,1
3259,Home,1822.0,26.9,COD,390,10,1,473.2,1,0,3.0,0
3260,Apparel,705.0,8.9,Prepaid_Card,175,6,1,606.7,4,1,4.0,0
3261,Apparel,950.0,12.1,Wallet,257,5,0,121.7,9,1,2.0,0
3262,Home,7547.0,31.3,COD,947,24,1,282.1,5,0,4.0,0
3263,Apparel,1276.0,32.8,Prepaid_UPI,236,6,1,297.2,3,0,1.0,0
3264,Electronics,12626.0,24.1,Prepaid_UPI,600,15,0,189.9,6,1,1.0,0
3265,Electronics,8663.0,23.9,COD,522,10,4,152.0,1,0,1.0,1
3266,Apparel,434.0,22.8,Prepaid_UPI,20,3,0,67.2,5,1,2.0,0
3267,Apparel,1057.0,26.0,Prepaid_Card,593,13,3,254.8,3,1,1.0,0
3268,Footwear,940.0,32.7,Prepaid_UPI,551,15,2,588.2,5,0,4.0,0
3269,Beauty,213.0,31.5,Wallet,451,13,3,401.0,2,1,3.0,0
3270,Apparel,585.0,22.4,Prepaid_UPI,956,22,2,255.9,4,1,4.0,0
3271,Beauty,899.0,21.3,COD,795,18,2,309.4,1,1,2.0,1
3272,Home,6082.0,20.7,Prepaid_UPI,602,13,1,250.6,3,0,5.0,0
3273,Home,816.0,10.3,Wallet,636,12,1,249.6,5,1,5.0,0
3274,Home,5526.0,10.1,Prepaid_Card,40,2,0,401.7,7,1,5.0,0
3275,Home,5078.0,30.2,Prepaid_Card,1457,33,6,260.0,10,1,5.0,0
3276,Footwear,4028.0,11.3,COD,254,2,0,119.3,3,0,4.0,1
3277,Electronics,9259.0,34.2,Prepaid_UPI,1605,36,3,138.0,6,0,1.0,0
3278,Electronics,35989.0,21.2,COD,2041,47,6,193.9,4,0,1.0,0
3279,Electronics,39081.0,34.3,COD,18,3,1,302.4,4,1,,1
3280,Apparel,2158.0,31.6,Wallet,29,2,0,143.7,5,0,2.0,0
3281,Home,6526.0,34.6,Wallet,441,7,2,69.5,4,1,5.0,0
3282,Apparel,623.0,14.9,Wallet,487,9,2,203.4,9,1,4.0,0
3283,Apparel,2105.0,28.1,Prepaid_Card,758,16,1,329.7,4,1,3.0,0
3284,Apparel,1867.0,33.1,COD,827,21,1,419.7,2,0,4.0,0
3285,Apparel,782.0,0.0,Prepaid_Card,437,8,3,153.8,5,1,2.0,0
3286,Home,1572.0,47.5,COD,136,5,0,227.1,2,1,,0
3287,Home,7510.0,56.0,Prepaid_UPI,21,0,0,126.4,4,0,,0
3288,Electronics,8020.0,36.2,Prepaid_Card,86,3,1,183.0,7,0,3.0,1
3289,Apparel,1799.0,34.1,COD,604,12,1,77.9,4,0,,0
3290,Electronics,18950.0,30.8,COD,973,21,3,105.6,6,0,5.0,0
3291,Electronics,32903.0,17.1,COD,278,4,2,103.1,4,0,3.0,0
3292,Footwear,867.0,20.3,Prepaid_UPI,131,6,1,431.8,5,1,1.0,0
3293,Home,5883.0,36.5,Prepaid_UPI,14,0,0,143.6,3,0,2.0,0
3294,Electronics,23622.0,7.4,COD,203,1,0,365.3,6,0,2.0,0
3295,Electronics,40637.0,6.1,COD,661,11,1,106.6,2,1,,0
3296,Beauty,593.0,16.0,COD,16,0,0,237.3,3,0,3.0,0
3297,Footwear,937.0,31.8,COD,402,8,0,284.1,5,1,3.0,0
3298,Electronics,9794.0,9.0,Wallet,53,2,0,316.4,6,1,5.0,0
3299,Electronics,4642.0,18.6,Prepaid_Card,213,4,0,63.5,5,0,4.0,0
3300,Apparel,2164.0,20.4,COD,138,5,1,321.0,6,1,,0
3301,Beauty,439.0,6.8,Prepaid_UPI,78,1,0,348.1,2,0,2.0,0
3302,Apparel,762.0,0.0,COD,162,6,1,36.0,4,0,5.0,1
3303,Apparel,1857.0,6.6,COD,292,5,1,131.8,5,1,4.0,1
3304,Beauty,730.0,25.9,Prepaid_Card,31,0,0,334.0,5,0,,0
3305,Home,2012.0,29.3,COD,85,0,0,570.8,2,0,2.0,1
3306,Apparel,1610.0,29.4,Prepaid_Card,107,0,0,330.7,3,1,2.0,0
3307,Apparel,1118.0,31.1,Prepaid_UPI,14,0,0,42.9,4,1,3.0,0
3308,Apparel,1904.0,12.6,Wallet,116,3,0,319.9,6,1,2.0,0
3309,Home,5215.0,9.4,COD,136,2,0,104.9,9,0,3.0,0
3310,Apparel,919.0,27.6,Prepaid_Card,152,4,0,285.0,2,0,5.0,0
3311,Beauty,1555.0,18.8,COD,1,1,0,335.8,5,0,4.0,0
3312,Beauty,2186.0,35.6,Prepaid_Card,309,3,0,283.7,2,0,1.0,0
3313,Home,3107.0,27.7,COD,348,9,5,385.3,4,1,3.0,1
3314,Home,5971.0,41.3,Prepaid_Card,375,6,1,150.9,4,0,1.0,0
3315,Apparel,1148.0,15.0,COD,142,2,0,342.2,5,1,,0
3316,Apparel,1378.0,38.0,Wallet,313,3,0,195.1,1,0,4.0,0
3317,Footwear,3435.0,52.5,Prepaid_UPI,279,8,1,337.3,4,1,2.0,0
3318,Apparel,509.0,22.8,COD,61,0,0,117.1,5,0,5.0,0
3319,Apparel,1219.0,29.5,Prepaid_UPI,162,1,0,159.5,5,0,5.0,1
3320,Apparel,571.0,8.0,COD,250,3,1,367.9,5,0,2.0,0
3321,Apparel,1705.0,35.4,Prepaid_UPI,190,4,1,231.4,5,1,2.0,1
3322,Electronics,27822.0,38.9,COD,226,5,0,146.9,7,1,5.0,0
3323,Home,2817.0,14.6,COD,221,7,1,377.0,7,0,2.0,1
3324,Footwear,805.0,30.8,Prepaid_UPI,168,4,0,160.0,4,0,5.0,0
3325,Home,7429.0,26.2,Prepaid_Card,546,14,1,307.9,3,0,3.0,0
3326,Footwear,1760.0,27.9,Prepaid_Card,381,9,2,165.6,5,0,1.0,1
3327,Electronics,13262.0,34.2,Prepaid_Card,26,0,0,568.2,6,0,5.0,1
3328,Footwear,904.0,29.8,COD,180,3,0,261.7,5,1,,0
3329,Electronics,26488.0,19.9,COD,238,8,2,237.3,2,0,,0
3330,Apparel,878.0,34.5,Prepaid_Card,1252,30,6,416.6,7,1,2.0,0
3331,Beauty,2131.0,38.7,Prepaid_Card,296,8,0,152.5,5,0,5.0,0
3332,Apparel,1629.0,13.7,COD,238,7,1,359.5,8,1,4.0,1
3333,Apparel,407.0,22.0,COD,714,17,1,141.9,3,1,5.0,0
3334,Apparel,1418.0,0.0,Prepaid_Card,276,7,2,228.7,5,1,1.0,0
3335,Electronics,11354.0,30.8,Prepaid_Card,716,16,1,174.9,5,0,2.0,0
3336,Electronics,1873.0,40.3,Prepaid_UPI,358,11,3,109.7,4,1,4.0,0
3337,Electronics,28328.0,18.1,Prepaid_Card,226,4,0,110.7,2,0,2.0,0
3338,Footwear,1320.0,24.0,Prepaid_Card,1420,32,3,176.3,5,0,5.0,0
3339,Apparel,2019.0,18.7,Prepaid_Card,425,6,1,347.7,4,1,5.0,0
3340,Electronics,26314.0,16.2,COD,415,6,0,887.3,5,1,3.0,0
3341,Electronics,10362.0,25.5,COD,26,4,0,112.0,5,1,,0
3342,Footwear,4417.0,10.2,COD,33,2,1,225.8,2,0,1.0,1
3343,Apparel,1384.0,18.5,Prepaid_UPI,1680,37,2,196.7,4,1,,1
3344,Apparel,698.0,8.4,COD,204,5,1,355.7,4,1,1.0,0
3345,Electronics,23855.0,30.8,Prepaid_Card,51,0,0,482.4,5,1,4.0,1
3346,Home,7687.0,25.6,Prepaid_Card,76,1,0,272.2,6,0,4.0,0
3347,Footwear,2197.0,15.5,COD,34,0,0,116.9,5,1,4.0,0
3348,Home,3575.0,22.6,Prepaid_UPI,942,20,2,197.5,6,0,4.0,1
3349,Footwear,2345.0,18.7,Prepaid_UPI,211,6,0,316.0,5,1,3.0,1
3350,Electronics,13469.0,39.2,COD,52,2,1,203.3,9,0,1.0,1
3351,Apparel,691.0,15.4,Prepaid_UPI,114,6,0,130.7,5,0,5.0,0
3352,Apparel,1442.0,31.5,Prepaid_Card,170,4,0,241.2,2,1,4.0,0
3353,Apparel,2010.0,11.4,COD,471,6,0,209.6,4,1,5.0,0
3354,Electronics,33425.0,34.2,Prepaid_UPI,387,13,1,78.0,12,1,2.0,0
3355,Electronics,5413.0,37.6,Prepaid_UPI,761,15,2,280.9,2,0,2.0,0
3356,Electronics,18757.0,38.3,COD,50,1,0,365.6,6,1,1.0,0
3357,Home,341.0,44.1,Wallet,630,14,0,468.0,9,1,3.0,0
3358,Electronics,14688.0,26.4,Prepaid_Card,278,7,1,619.4,2,1,3.0,1
3359,Home,5454.0,40.6,Prepaid_Card,136,3,0,761.4,8,0,4.0,0
3360,Home,2535.0,46.4,COD,97,2,0,95.0,8,0,4.0,1
3361,Apparel,1913.0,5.2,COD,16,0,0,296.9,4,0,5.0,0
3362,Electronics,22109.0,13.0,Prepaid_Card,210,10,0,67.7,1,1,2.0,0
3363,Home,5453.0,0.0,Prepaid_Card,100,4,0,273.3,6,1,1.0,0
3364,Home,7106.0,37.9,Prepaid_Card,204,5,0,343.3,4,1,,0
3365,Apparel,1629.0,0.0,Prepaid_UPI,13,4,1,99.6,4,1,4.0,0
3366,Electronics,40503.0,0.0,COD,369,6,1,636.2,6,0,1.0,0
3367,Home,6522.0,5.5,Prepaid_UPI,91,4,1,103.8,5,1,4.0,0
3368,Home,4666.0,0.0,Prepaid_UPI,73,1,0,125.4,1,0,2.0,0
3369,Apparel,935.0,26.1,Prepaid_UPI,211,5,0,345.9,4,0,4.0,0
3370,Electronics,14259.0,5.7,Prepaid_UPI,1383,32,2,299.3,5,0,3.0,0
3371,Footwear,4001.0,0.0,Prepaid_UPI,38,0,0,303.1,6,0,2.0,0
3372,Apparel,497.0,21.4,COD,273,3,0,32.4,7,0,,1
3373,Footwear,4266.0,22.3,Prepaid_UPI,101,5,1,315.0,1,0,3.0,0
3374,Apparel,989.0,0.0,Wallet,6,0,0,289.0,7,0,4.0,0
3375,Electronics,33563.0,11.3,Prepaid_Card,203,9,1,171.8,4,0,4.0,0
3376,Electronics,15655.0,20.9,COD,160,6,1,81.2,5,1,2.0,0
3377,Apparel,2116.0,16.6,Wallet,184,4,0,238.0,6,0,3.0,1
3378,Beauty,236.0,17.1,COD,2322,51,10,370.2,3,0,1.0,0
3379,Electronics,16675.0,39.7,COD,123,6,0,441.2,4,1,5.0,0
3380,Beauty,2189.0,54.2,COD,57,5,0,199.9,6,0,5.0,0
3381,Apparel,893.0,17.3,Prepaid_Card,253,5,0,478.1,3,0,1.0,0
3382,Footwear,1602.0,2.2,COD,25,4,1,75.6,5,1,1.0,1
3383,Beauty,2262.0,18.5,Prepaid_Card,1017,25,7,372.9,2,0,2.0,0
3384,Home,6695.0,24.9,Wallet,796,20,2,232.6,7,0,1.0,1
3385,Apparel,590.0,21.2,Prepaid_Card,221,5,1,73.0,6,0,3.0,1
3386,Home,4767.0,31.2,Prepaid_Card,309,6,0,433.0,3,0,3.0,0
3387,Home,2020.0,55.2,Prepaid_UPI,172,2,1,234.9,7,1,3.0,1
3388,Beauty,656.0,0.0,Prepaid_UPI,247,3,1,388.3,5,0,1.0,0
3389,Electronics,28155.0,14.4,COD,338,11,1,221.0,2,0,5.0,0
3390,Apparel,623.0,45.1,COD,611,14,1,217.2,6,0,,0
3391,Apparel,1246.0,14.2,Prepaid_Card,234,3,0,170.0,6,1,5.0,1
3392,Home,2270.0,33.8,Prepaid_UPI,83,4,0,241.5,1,0,4.0,0
3393,Beauty,2157.0,31.5,Prepaid_Card,39,0,0,307.9,1,0,2.0,0
3394,Apparel,1398.0,40.6,COD,120,1,0,227.1,4,1,3.0,0
3395,Footwear,1360.0,50.7,Prepaid_UPI,980,26,4,106.2,3,1,1.0,0
3396,Beauty,2327.0,27.0,Prepaid_UPI,516,9,0,294.4,6,1,2.0,0
3397,Apparel,1881.0,0.0,Prepaid_Card,1267,29,4,294.5,3,0,5.0,0
3398,Apparel,878.0,11.5,Prepaid_UPI,497,10,0,103.2,3,1,4.0,1
3399,Home,7700.0,54.8,Prepaid_UPI,1260,26,4,158.6,9,1,2.0,0
3400,Home,2362.0,0.8,Prepaid_UPI,385,6,0,98.3,7,0,,0
3401,Apparel,927.0,29.5,Prepaid_UPI,314,7,3,245.1,1,1,1.0,0
3402,Footwear,2044.0,0.0,Prepaid_UPI,2500,54,2,343.0,8,0,2.0,1
3403,Electronics,8418.0,1.7,Prepaid_Card,384,10,3,319.7,8,1,2.0,0
3404,Beauty,1764.0,35.3,Prepaid_Card,649,14,1,80.8,4,1,1.0,0
3405,Footwear,2729.0,22.5,Prepaid_UPI,48,0,0,237.0,4,0,3.0,0
3406,Footwear,4078.0,16.4,Prepaid_Card,284,5,1,118.8,1,0,1.0,0
3407,Electronics,11750.0,9.8,Prepaid_Card,104,5,1,94.8,2,1,3.0,0
3408,Apparel,706.0,0.0,COD,150,5,1,237.4,4,0,3.0,1
3409,Electronics,16908.0,32.4,Prepaid_UPI,222,4,1,173.3,4,1,2.0,0
3410,Apparel,663.0,17.8,Prepaid_Card,221,2,0,581.3,4,0,3.0,0
3411,Home,7585.0,0.0,COD,563,9,1,615.8,5,1,2.0,0
3412,Apparel,1691.0,22.5,COD,745,19,1,342.2,8,0,4.0,0
3413,Electronics,36073.0,30.7,COD,179,6,1,166.3,3,1,3.0,0
3414,Apparel,1746.0,19.0,Wallet,88,4,0,61.9,3,1,1.0,1
3415,Apparel,837.0,23.7,Prepaid_UPI,799,18,5,161.5,4,0,4.0,0
3416,Apparel,653.0,22.6,Prepaid_Card,294,8,1,373.0,4,0,5.0,0
3417,Home,3607.0,11.4,COD,1563,37,7,183.5,8,0,2.0,1
3418,Footwear,3816.0,22.8,Prepaid_UPI,742,16,1,80.1,4,0,3.0,0
3419,Apparel,995.0,33.0,Prepaid_Card,183,3,0,525.7,7,0,,0
3420,Footwear,538.0,37.5,Wallet,962,19,5,131.6,10,1,2.0,0
3421,Footwear,3140.0,33.9,COD,776,18,2,142.7,8,0,,1
3422,Electronics,9963.0,11.9,COD,92,3,1,460.7,4,1,,0
3423,Home,4480.0,31.5,Prepaid_Card,28,0,0,267.9,4,0,1.0,0
3424,Electronics,1852.0,29.0,COD,256,5,1,276.0,2,0,,0
3425,Apparel,1316.0,11.4,Prepaid_Card,714,15,6,280.0,5,0,4.0,0
3426,Electronics,18440.0,15.0,Prepaid_UPI,226,7,1,120.9,1,0,1.0,0
3427,Apparel,1985.0,32.2,COD,218,2,0,331.5,9,1,1.0,0
3428,Footwear,3387.0,42.7,Prepaid_Card,92,0,0,409.0,3,1,1.0,0
3429,Beauty,235.0,0.0,Prepaid_UPI,11,0,0,248.8,5,1,5.0,0
3430,Footwear,3658.0,46.6,Prepaid_UPI,132,3,0,210.6,5,0,4.0,0
3431,Home,6392.0,39.5,Prepaid_Card,1423,32,7,482.3,2,0,5.0,0
3432,Home,5408.0,25.0,COD,95,0,0,383.2,7,0,5.0,0
3433,Beauty,2334.0,18.4,Prepaid_Card,129,5,2,135.9,6,0,5.0,1
3434,Apparel,1846.0,27.9,Prepaid_Card,558,15,2,357.6,4,0,3.0,0
3435,Apparel,794.0,12.4,Prepaid_UPI,341,8,1,216.1,5,1,5.0,1
3436,Home,3238.0,19.3,Prepaid_Card,117,5,0,276.2,4,1,1.0,0
3437,Electronics,16527.0,0.0,COD,551,10,0,596.4,5,0,1.0,1
3438,Electronics,23315.0,0.0,Prepaid_UPI,448,8,2,79.0,3,1,4.0,0
3439,Apparel,2117.0,57.0,Prepaid_Card,108,3,1,50.4,5,0,1.0,0
3440,Home,5040.0,22.9,COD,652,14,3,158.5,5,0,2.0,0
3441,Apparel,963.0,25.1,Prepaid_Card,159,2,0,212.1,3,1,2.0,1
3442,Apparel,2095.0,21.5,Wallet,564,15,1,142.6,5,1,5.0,0
3443,Apparel,1660.0,9.6,Prepaid_UPI,68,2,0,335.5,1,1,1.0,0
3444,Electronics,12854.0,17.4,COD,183,5,1,307.3,7,0,5.0,0
3445,Footwear,4126.0,23.4,Prepaid_UPI,1395,30,1,241.6,2,0,4.0,0
3446,Electronics,16277.0,19.1,COD,611,17,2,288.1,1,0,5.0,0
3447,Home,4275.0,10.7,Prepaid_Card,128,3,1,279.8,3,1,4.0,0
3448,Footwear,2417.0,29.2,Prepaid_Card,123,5,2,505.8,5,0,1.0,0
3449,Electronics,41655.0,24.8,COD,562,11,1,125.8,4,0,1.0,0
3450,Footwear,1563.0,27.9,COD,270,6,1,269.8,6,1,,1
3451,Home,2866.0,32.6,Wallet,8,1,0,455.7,4,1,2.0,0
3452,Home,5383.0,19.4,COD,124,7,2,204.3,4,0,4.0,0
3453,Apparel,1996.0,19.5,Prepaid_UPI,124,2,0,238.1,4,0,5.0,1
3454,Apparel,607.0,44.2,Prepaid_UPI,110,3,1,376.8,8,1,1.0,0
3455,Beauty,643.0,7.8,Prepaid_Card,971,23,7,58.0,4,1,2.0,1
3456,Footwear,4292.0,0.0,COD,621,11,3,411.7,10,1,4.0,0
3457,Beauty,1977.0,30.3,COD,29,0,0,294.7,9,0,3.0,0
3458,Beauty,963.0,12.6,COD,383,7,1,354.1,2,0,,0
3459,Apparel,1044.0,5.8,Prepaid_Card,927,23,4,340.2,7,0,,1
3460,Footwear,2378.0,35.3,Wallet,134,6,0,87.0,3,0,2.0,0
3461,Electronics,30712.0,19.8,Prepaid_UPI,365,6,1,94.5,5,1,2.0,0
3462,Footwear,2744.0,3.0,COD,2021,42,10,41.9,1,1,,0
3463,Apparel,1797.0,51.0,COD,738,19,3,86.9,4,1,2.0,1
3464,Apparel,498.0,0.0,COD,31,0,0,119.7,11,0,2.0,0
3465,Footwear,3776.0,20.7,Wallet,137,2,0,245.1,3,0,3.0,0
3466,Footwear,732.0,0.0,COD,1282,31,4,470.6,6,0,4.0,0
3467,Home,7083.0,26.1,COD,669,17,4,195.9,5,0,1.0,1
3468,Apparel,478.0,12.4,Prepaid_Card,40,3,0,231.5,4,0,3.0,1
3469,Apparel,630.0,34.3,Prepaid_Card,90,0,0,219.8,7,0,3.0,1
3470,Beauty,573.0,21.7,COD,439,7,1,312.6,4,1,1.0,0
3471,Electronics,10970.0,42.3,Prepaid_UPI,126,5,1,158.0,5,0,2.0,0
3472,Electronics,18797.0,15.6,COD,905,21,2,226.6,5,1,,0
3473,Home,5347.0,0.0,COD,194,3,0,390.5,7,0,5.0,0
3474,Electronics,40296.0,25.6,COD,1026,22,1,479.2,4,1,4.0,1
3475,Home,4339.0,18.2,COD,72,4,1,458.8,10,0,5.0,0
3476,Electronics,24523.0,0.0,Wallet,748,20,4,424.7,1,1,2.0,1
3477,Footwear,1777.0,6.2,Prepaid_Card,377,8,2,444.1,3,1,3.0,1
3478,Beauty,2032.0,10.9,Prepaid_UPI,205,3,0,241.2,7,0,3.0,0
3479,Beauty,410.0,45.3,COD,143,3,0,154.1,3,0,1.0,0
3480,Home,2618.0,32.6,Prepaid_UPI,873,22,8,288.2,5,0,5.0,0
3481,Electronics,5448.0,16.8,Wallet,944,24,2,309.2,3,0,1.0,0
3482,Home,1949.0,29.1,COD,418,10,2,200.8,2,0,5.0,0
3483,Footwear,2846.0,0.0,Wallet,468,9,1,160.2,4,1,1.0,0
3484,Home,1270.0,13.5,Prepaid_Card,765,19,3,451.3,6,0,4.0,0
3485,Home,1075.0,28.0,Prepaid_UPI,312,10,0,235.8,3,0,5.0,0
3486,Footwear,3804.0,24.5,COD,157,1,0,193.4,5,0,2.0,1
3487,Home,1211.0,13.9,Prepaid_Card,245,5,0,205.4,4,0,2.0,1
3488,Footwear,2932.0,21.4,Prepaid_Card,63,4,0,265.8,6,1,1.0,1
3489,Apparel,1034.0,27.1,Wallet,1033,23,2,156.0,1,1,5.0,0
3490,Electronics,40461.0,21.9,Wallet,514,10,0,305.2,4,1,1.0,0
3491,Home,5748.0,34.9,COD,212,5,1,26.7,4,1,4.0,1
3492,Apparel,507.0,26.8,Wallet,391,9,1,102.4,3,1,,0
3493,Footwear,4082.0,29.7,Prepaid_UPI,79,0,0,189.1,7,0,,0
3494,Home,3487.0,47.7,Prepaid_Card,33,1,0,318.3,1,0,4.0,0
3495,Apparel,937.0,34.4,COD,303,7,1,190.3,6,0,1.0,0
3496,Footwear,3191.0,48.1,COD,283,5,0,404.9,6,1,3.0,1
3497,Home,5828.0,11.9,COD,35,0,0,474.8,4,1,4.0,0
3498,Footwear,1713.0,0.0,COD,55,0,0,220.6,9,0,5.0,1
3499,Electronics,16603.0,19.9,Wallet,105,0,0,132.9,6,0,2.0,1
3500,Footwear,1125.0,18.6,COD,676,17,0,225.6,3,1,3.0,0
3501,Electronics,27193.0,43.9,Prepaid_UPI,75,0,0,397.5,6,1,1.0,0
3502,Home,7668.0,5.0,Prepaid_Card,258,6,0,125.8,4,1,3.0,1
3503,Apparel,1150.0,20.8,Prepaid_Card,563,12,1,337.3,4,0,3.0,1
3504,Home,7971.0,28.1,COD,553,11,3,216.6,7,0,,0
3505,Home,1658.0,23.5,Prepaid_Card,172,7,0,350.9,6,1,5.0,1
3506,Home,6430.0,19.4,Prepaid_Card,177,4,0,303.8,7,0,1.0,0
3507,Electronics,41851.0,27.4,Prepaid_Card,39,0,0,166.6,1,1,4.0,0
3508,Footwear,3252.0,38.2,COD,2500,54,17,218.8,6,1,4.0,0
3509,Home,1142.0,45.0,Prepaid_UPI,323,8,2,312.2,8,0,,0
3510,Apparel,988.0,22.5,COD,663,16,2,387.8,2,1,1.0,0
3511,Beauty,351.0,9.8,Prepaid_Card,47,4,1,218.0,5,0,5.0,1
3512,Home,4933.0,45.0,Prepaid_Card,1712,38,2,396.6,4,0,,0
3513,Beauty,2496.0,5.8,COD,22,0,0,633.5,6,0,,0
3514,Beauty,1031.0,48.9,Prepaid_UPI,62,2,0,411.7,4,1,5.0,0
3515,Beauty,533.0,42.2,COD,151,4,0,237.5,6,0,,1
3516,Footwear,1575.0,44.3,Wallet,7,0,0,232.8,4,1,3.0,0
3517,Home,4695.0,32.3,Prepaid_UPI,46,4,1,91.3,11,1,4.0,1
3518,Apparel,1424.0,0.0,COD,233,5,1,211.9,6,0,5.0,0
3519,Home,2070.0,6.4,COD,109,3,1,340.0,10,1,1.0,0
3520,Footwear,3503.0,26.6,COD,373,9,1,387.6,6,0,,1
3521,Electronics,5055.0,11.9,Wallet,648,15,1,121.7,4,1,4.0,0
3522,Footwear,2992.0,17.3,Prepaid_Card,34,0,0,300.8,5,0,5.0,0
3523,Apparel,1166.0,31.2,COD,169,4,0,436.2,6,0,3.0,1
3524,Electronics,6770.0,19.5,Prepaid_Card,396,13,1,118.5,1,0,4.0,0
3525,Electronics,28986.0,3.7,COD,386,12,1,278.3,7,0,5.0,0
3526,Electronics,30680.0,35.3,Prepaid_Card,664,15,9,170.3,5,0,2.0,0
3527,Apparel,1192.0,29.7,Prepaid_Card,34,0,0,103.9,6,0,2.0,1
3528,Apparel,1836.0,18.3,COD,572,8,1,220.8,6,0,,0
3529,Footwear,2537.0,32.7,Prepaid_UPI,424,8,1,83.8,2,1,2.0,0
3530,Electronics,13716.0,23.4,COD,638,14,1,166.9,5,0,,1
3531,Apparel,2116.0,42.0,Prepaid_Card,368,8,2,246.4,5,0,1.0,1
3532,Apparel,2099.0,24.3,Prepaid_Card,202,4,0,388.8,2,0,5.0,0
3533,Electronics,5388.0,41.9,Wallet,70,3,0,125.0,8,1,4.0,0
3534,Apparel,2103.0,0.0,Prepaid_Card,822,16,2,203.5,9,1,4.0,0
3535,Home,6271.0,28.9,Wallet,103,3,0,392.8,4,1,,0
3536,Footwear,927.0,16.0,COD,266,6,1,149.2,6,0,3.0,0
3537,Apparel,1335.0,9.1,Prepaid_UPI,221,3,1,108.3,5,1,3.0,0
3538,Home,569.0,39.4,COD,1029,26,5,469.1,4,0,5.0,1
3539,Apparel,1460.0,35.3,Prepaid_UPI,1243,29,2,229.3,4,1,5.0,0
3540,Apparel,2080.0,0.0,COD,52,0,0,402.6,2,0,,1
3541,Footwear,1973.0,32.7,Wallet,73,3,0,163.5,6,0,4.0,1
3542,Home,4216.0,30.9,Wallet,449,7,0,344.4,3,1,3.0,0
3543,Footwear,1410.0,11.2,Prepaid_Card,175,3,1,398.2,6,0,4.0,0
3544,Apparel,1374.0,9.5,Prepaid_Card,65,4,2,174.1,4,1,3.0,0
3545,Electronics,36353.0,0.0,Prepaid_Card,156,4,1,333.9,2,1,5.0,0
3546,Electronics,10628.0,16.9,COD,124,3,1,155.7,3,1,1.0,0
3547,Electronics,25443.0,19.3,Prepaid_UPI,436,12,3,463.6,5,0,2.0,1
3548,Beauty,983.0,34.0,Prepaid_UPI,475,12,0,156.1,4,1,2.0,0
3549,Apparel,1746.0,26.0,Prepaid_Card,846,18,2,479.8,3,0,4.0,1
3550,Footwear,3308.0,6.1,COD,185,6,0,299.1,8,0,1.0,0
3551,Footwear,3295.0,25.6,Wallet,284,3,1,206.9,2,0,2.0,1
3552,Home,3209.0,18.2,COD,497,10,1,513.0,8,1,2.0,0
3553,Electronics,27448.0,8.0,Prepaid_Card,366,8,1,168.9,7,1,2.0,0
3554,Electronics,29718.0,0.0,COD,145,4,0,629.1,7,1,4.0,0
3555,Apparel,1625.0,31.4,COD,670,14,5,335.2,6,1,1.0,1
3556,Footwear,2801.0,28.7,COD,293,3,0,114.2,3,0,5.0,0
3557,Electronics,39166.0,30.4,COD,410,5,0,188.9,3,1,1.0,0
3558,Beauty,735.0,11.1,Prepaid_Card,52,1,0,213.0,9,1,4.0,0
3559,Home,730.0,24.6,Prepaid_Card,761,16,3,639.0,7,1,1.0,0
3560,Electronics,43358.0,1.4,Prepaid_UPI,14,0,0,448.7,6,0,3.0,1
3561,Home,768.0,7.2,Prepaid_UPI,313,5,1,390.2,3,1,1.0,0
3562,Electronics,40749.0,22.5,COD,325,7,2,172.6,3,0,3.0,0
3563,Beauty,1589.0,25.9,COD,293,9,1,224.6,2,0,2.0,0
3564,Apparel,2054.0,0.0,Prepaid_Card,636,14,1,340.4,3,1,1.0,0
3565,Beauty,1478.0,6.1,Prepaid_Card,524,14,1,350.0,4,0,2.0,0
3566,Footwear,3784.0,16.5,Prepaid_Card,292,6,1,233.1,5,1,4.0,0
3567,Footwear,3385.0,36.4,COD,129,4,1,216.9,7,0,,0
3568,Electronics,24200.0,9.8,Prepaid_UPI,50,4,1,342.3,9,0,5.0,0
3569,Footwear,1953.0,24.1,COD,29,0,0,515.3,8,1,5.0,0
3570,Apparel,405.0,25.7,Prepaid_Card,276,6,1,13.3,2,0,2.0,0
3571,Footwear,1504.0,18.3,COD,29,0,0,85.6,3,1,,1
3572,Apparel,2113.0,26.0,Prepaid_Card,765,18,1,345.0,3,1,1.0,0
3573,Apparel,896.0,1.8,COD,219,7,0,185.1,7,1,1.0,1
3574,Electronics,34131.0,12.2,Prepaid_UPI,546,13,2,142.2,6,1,4.0,0
3575,Electronics,23472.0,43.5,COD,1402,31,8,98.1,4,1,5.0,0
3576,Electronics,14713.0,44.6,Prepaid_Card,395,6,1,150.8,5,1,4.0,0
3577,Footwear,4464.0,34.6,COD,184,4,2,254.2,5,1,,1
3578,Apparel,485.0,38.5,Prepaid_UPI,114,2,0,219.0,6,1,1.0,0
3579,Footwear,2828.0,0.0,COD,488,11,1,234.0,8,1,,0
3580,Apparel,1231.0,7.8,COD,524,12,0,228.9,5,1,2.0,0
3581,Footwear,806.0,17.3,Prepaid_UPI,93,5,1,324.2,4,1,5.0,0
3582,Footwear,1356.0,58.2,COD,35,0,0,340.2,6,1,2.0,0
3583,Electronics,31608.0,17.3,COD,449,7,2,122.3,4,1,1.0,0
3584,Footwear,933.0,33.2,Prepaid_UPI,135,1,0,197.9,6,1,2.0,0
3585,Beauty,2032.0,27.7,Prepaid_UPI,242,4,0,611.9,4,1,3.0,0
3586,Footwear,3000.0,27.3,Prepaid_UPI,448,12,0,125.8,7,1,2.0,0
3587,Electronics,5618.0,21.6,COD,474,8,1,277.5,8,1,,0
3588,Electronics,13762.0,4.0,Prepaid_Card,746,14,1,362.0,4,0,3.0,0
3589,Footwear,1049.0,0.0,Prepaid_UPI,1444,33,12,437.1,9,0,2.0,0
3590,Apparel,1836.0,41.2,COD,395,10,2,318.5,5,1,5.0,0
3591,Footwear,2632.0,12.8,Prepaid_UPI,151,0,0,205.9,6,0,3.0,0
3592,Electronics,1324.0,0.0,COD,1754,35,7,169.0,8,1,3.0,1
3593,Footwear,2672.0,28.6,Wallet,70,0,0,314.4,9,0,1.0,0
3594,Apparel,1269.0,28.3,Prepaid_Card,6,1,0,380.2,7,1,,1
3595,Apparel,1558.0,33.5,Prepaid_Card,393,9,1,501.4,5,0,4.0,0
3596,Beauty,232.0,38.7,Prepaid_Card,272,5,0,458.8,4,0,1.0,0
3597,Footwear,642.0,8.2,COD,424,11,0,397.8,5,0,4.0,0
3598,Footwear,1897.0,8.9,COD,340,8,1,102.9,6,0,5.0,1
3599,Beauty,1768.0,17.2,Prepaid_UPI,19,0,0,124.0,6,1,2.0,0
3600,Electronics,30395.0,34.3,Prepaid_Card,198,1,0,788.0,4,1,1.0,0
3601,Apparel,901.0,0.0,Prepaid_Card,825,17,0,232.9,3,1,,0
3602,Apparel,789.0,23.9,COD,127,7,1,296.1,5,1,5.0,1
3603,Electronics,31121.0,36.0,Prepaid_UPI,861,18,2,52.6,3,1,3.0,0
3604,Apparel,449.0,35.4,COD,329,5,1,409.8,1,0,3.0,1
3605,Beauty,1458.0,32.6,COD,165,3,0,261.2,3,1,4.0,0
3606,Apparel,1163.0,37.9,Wallet,224,5,0,255.1,4,0,1.0,1
3607,Apparel,830.0,0.0,Prepaid_Card,120,4,1,751.5,3,0,,0
3608,Apparel,1337.0,46.2,Prepaid_Card,400,10,2,319.6,5,0,2.0,0
3609,Apparel,791.0,27.0,Wallet,168,2,0,219.9,2,1,1.0,0
3610,Apparel,1416.0,42.0,COD,726,19,3,256.9,2,0,4.0,1
3611,Home,1447.0,4.4,Wallet,58,3,0,176.3,7,1,3.0,0
3612,Electronics,18969.0,0.0,Prepaid_UPI,445,9,1,132.6,7,1,2.0,0
3613,Home,4230.0,48.8,Prepaid_Card,231,5,0,230.3,5,0,2.0,0
3614,Footwear,627.0,8.1,COD,216,6,1,90.1,8,0,5.0,1
3615,Home,5003.0,17.3,COD,587,15,2,197.9,3,0,3.0,0
3616,Home,6077.0,29.9,Prepaid_Card,58,0,0,44.7,6,1,1.0,0
3617,Electronics,43076.0,33.6,COD,448,10,2,402.2,4,0,2.0,0
3618,Apparel,766.0,38.2,COD,647,14,0,653.4,8,0,2.0,0
3619,Electronics,10341.0,25.4,Prepaid_Card,343,6,2,229.1,5,1,5.0,0
3620,Beauty,866.0,6.2,Prepaid_UPI,88,1,0,141.9,3,0,2.0,0
3621,Home,7159.0,32.6,COD,382,11,1,277.7,8,0,,0
3622,Apparel,1132.0,32.8,Prepaid_UPI,548,13,5,433.7,4,0,4.0,0
3623,Electronics,14419.0,0.0,Wallet,41,5,1,160.5,2,0,1.0,0
3624,Footwear,3465.0,43.3,Prepaid_UPI,84,1,0,345.5,8,0,5.0,0
3625,Home,593.0,0.0,Prepaid_UPI,420,10,0,96.6,6,0,1.0,0
3626,Home,4526.0,37.5,Prepaid_UPI,390,9,2,274.6,3,1,5.0,0
3627,Footwear,2301.0,12.5,COD,442,12,1,361.1,4,0,4.0,1
3628,Home,5111.0,32.6,COD,15,3,1,82.4,4,1,,1
3629,Home,5929.0,29.7,Wallet,83,2,0,364.3,3,1,5.0,0
3630,Apparel,985.0,21.4,Prepaid_UPI,925,18,3,215.8,3,1,4.0,0
3631,Apparel,1546.0,28.8,Prepaid_UPI,132,2,1,540.6,4,1,4.0,0
3632,Beauty,1382.0,20.7,Wallet,184,4,1,271.7,7,0,5.0,0
3633,Home,1332.0,32.7,COD,381,11,1,377.0,6,1,,0
3634,Electronics,39820.0,54.8,COD,480,8,1,614.5,3,0,4.0,1
3635,Home,6110.0,1.9,Prepaid_Card,665,12,4,215.9,6,1,2.0,0
3636,Apparel,2059.0,0.0,COD,473,12,2,64.7,8,1,1.0,0
3637,Footwear,3382.0,15.8,Prepaid_Card,370,6,1,140.7,3,1,3.0,1
3638,Apparel,841.0,14.7,Prepaid_UPI,183,2,0,250.3,6,1,,0
3639,Footwear,2222.0,16.3,Prepaid_Card,952,23,3,818.5,5,1,4.0,0
3640,Electronics,18145.0,8.1,COD,119,2,0,533.6,4,1,3.0,0
3641,Apparel,464.0,35.1,Prepaid_UPI,1174,25,4,162.2,5,0,1.0,1
3642,Apparel,1139.0,1.3,COD,172,7,1,211.6,6,0,3.0,0
3643,Footwear,1882.0,28.8,Prepaid_UPI,662,13,2,353.2,2,0,4.0,0
3644,Apparel,407.0,31.6,COD,926,18,8,477.4,5,0,1.0,0
3645,Apparel,1925.0,26.7,Prepaid_UPI,91,5,1,86.7,4,0,3.0,0
3646,Footwear,1075.0,29.3,Prepaid_Card,40,1,0,355.8,5,0,,1
3647,Electronics,23142.0,36.2,Prepaid_Card,695,17,0,252.3,4,0,1.0,0
3648,Electronics,35569.0,22.8,Prepaid_Card,297,6,1,73.2,3,0,5.0,0
3649,Apparel,1488.0,16.8,COD,331,7,2,193.3,9,0,4.0,0
3650,Footwear,1177.0,29.3,Prepaid_Card,204,3,0,170.2,1,0,5.0,0
3651,Apparel,1513.0,31.0,Prepaid_UPI,133,4,1,167.5,6,0,,1
3652,Apparel,1764.0,35.3,Prepaid_UPI,88,4,0,476.7,6,0,1.0,0
3653,Apparel,1939.0,0.0,COD,151,4,0,305.8,5,0,4.0,0
3654,Apparel,974.0,19.2,Prepaid_UPI,806,20,3,194.9,5,1,1.0,0
3655,Apparel,461.0,6.0,Prepaid_UPI,192,6,1,168.6,6,0,1.0,0
3656,Apparel,1494.0,30.4,Prepaid_UPI,583,11,2,280.5,3,1,2.0,0
3657,Apparel,806.0,32.9,Prepaid_Card,690,15,3,187.0,4,0,1.0,0
3658,Electronics,35403.0,17.9,COD,49,0,0,364.0,4,1,2.0,0
3659,Footwear,3220.0,11.1,Wallet,568,14,2,221.6,6,0,1.0,0
3660,Apparel,1792.0,31.0,COD,2,1,0,60.5,6,0,2.0,0
3661,Apparel,2142.0,20.0,COD,129,3,0,89.8,2,1,5.0,0
3662,Beauty,1524.0,43.4,Prepaid_UPI,179,6,1,154.2,4,1,3.0,0
3663,Footwear,4117.0,48.6,COD,276,2,0,219.7,3,1,4.0,0
3664,Home,5243.0,37.0,Prepaid_UPI,337,6,1,305.3,3,0,,0
3665,Apparel,727.0,25.5,COD,61,0,0,292.3,4,1,3.0,0
3666,Electronics,36210.0,49.4,Prepaid_UPI,10,1,0,566.6,2,1,2.0,0
3667,Apparel,1649.0,25.6,Wallet,122,4,1,33.6,1,0,4.0,0
3668,Apparel,2160.0,14.8,Wallet,186,4,1,28.1,5,0,2.0,0
3669,Electronics,11862.0,11.9,Wallet,180,1,0,80.2,7,1,5.0,0
3670,Home,2865.0,11.4,Prepaid_UPI,1134,26,3,130.8,4,0,2.0,0
3671,Electronics,37181.0,21.9,COD,357,8,1,374.1,7,1,5.0,1
3672,Home,784.0,28.9,Wallet,33,0,0,278.9,6,1,3.0,0
3673,Apparel,1540.0,0.8,Wallet,176,3,0,80.7,3,1,2.0,1
3674,Electronics,24654.0,15.3,Prepaid_Card,223,6,1,132.3,3,1,4.0,0
3675,Footwear,1175.0,25.2,COD,593,16,0,138.8,1,1,4.0,0
3676,Footwear,1160.0,31.7,COD,319,5,0,117.9,5,0,3.0,1
3677,Electronics,36687.0,21.6,Prepaid_Card,51,3,0,187.7,6,0,3.0,0
3678,Home,419.0,25.7,Prepaid_UPI,776,15,1,160.1,5,1,5.0,0
3679,Apparel,1744.0,3.4,COD,238,3,0,168.6,3,0,4.0,0
3680,Apparel,1719.0,8.3,COD,264,3,0,85.0,4,1,,0
3681,Footwear,3099.0,21.1,Prepaid_Card,973,23,4,304.6,6,0,4.0,0
3682,Apparel,1137.0,29.7,COD,27,1,0,225.7,6,0,4.0,0
3683,Electronics,2440.0,25.5,Wallet,185,3,0,152.0,6,1,3.0,0
3684,Electronics,36318.0,9.3,COD,81,3,1,100.8,5,0,4.0,1
3685,Apparel,626.0,18.5,COD,21,1,0,177.7,7,0,2.0,0
3686,Apparel,905.0,44.7,COD,243,6,2,62.6,2,0,,0
3687,Electronics,42669.0,30.2,Prepaid_UPI,1308,28,1,281.4,3,1,3.0,0
3688,Beauty,859.0,19.6,Prepaid_UPI,285,4,1,295.3,3,1,2.0,0
3689,Home,2265.0,6.6,COD,1104,28,7,218.5,4,1,3.0,0
3690,Electronics,43834.0,11.3,COD,180,7,0,551.5,8,0,2.0,1
3691,Apparel,555.0,22.1,Prepaid_Card,412,12,1,301.1,3,1,1.0,0
3692,Home,1537.0,26.1,COD,164,3,0,353.6,3,0,,1
3693,Apparel,1189.0,30.5,Prepaid_UPI,956,20,3,289.3,1,0,2.0,0
3694,Home,6365.0,27.8,COD,567,12,1,291.2,6,1,,0
3695,Footwear,4037.0,16.4,Prepaid_Card,377,11,0,248.1,4,1,1.0,0
3696,Electronics,34297.0,14.3,COD,442,10,0,345.6,8,1,,1
3697,Apparel,2157.0,52.7,Prepaid_Card,45,0,0,235.5,8,1,,0
3698,Apparel,430.0,13.7,Prepaid_Card,126,4,0,107.8,2,0,3.0,0
3699,Apparel,1515.0,2.6,COD,37,0,0,371.4,4,0,1.0,1
3700,Electronics,6296.0,0.0,COD,200,2,0,285.1,7,1,1.0,1
3701,Footwear,4141.0,16.7,COD,243,6,1,114.8,3,0,,1
3702,Apparel,2084.0,36.1,COD,950,20,0,210.3,7,0,2.0,0
3703,Home,2633.0,13.4,Wallet,191,4,1,73.0,1,0,,0
3704,Home,6673.0,44.2,COD,181,0,0,467.7,4,0,,0
3705,Apparel,1534.0,21.9,COD,56,0,0,273.8,3,0,5.0,1
3706,Apparel,581.0,38.6,COD,147,3,0,93.1,7,0,1.0,0
3707,Electronics,27601.0,10.6,Prepaid_UPI,277,3,1,195.8,4,0,,1
3708,Home,7816.0,10.9,Wallet,253,3,1,109.0,6,0,,0
3709,Electronics,14695.0,23.4,Prepaid_UPI,267,6,1,158.9,6,1,5.0,0
3710,Footwear,505.0,29.2,Prepaid_Card,59,3,0,292.2,3,1,1.0,0
3711,Footwear,4407.0,19.3,Prepaid_UPI,121,1,0,364.9,6,0,5.0,0
3712,Footwear,2156.0,26.4,COD,719,15,3,98.0,6,1,,0
3713,Beauty,1163.0,30.8,Prepaid_UPI,144,3,0,468.1,1,1,1.0,0
3714,Footwear,3350.0,0.7,Prepaid_UPI,10,0,0,414.3,6,1,4.0,0
3715,Footwear,2918.0,16.9,COD,818,21,3,172.7,3,0,4.0,0
3716,Footwear,1708.0,14.2,Prepaid_Card,124,2,0,139.4,6,1,2.0,0
3717,Footwear,900.0,14.9,COD,331,7,0,337.2,5,0,,0
3718,Footwear,3809.0,28.1,COD,284,7,1,748.4,7,0,3.0,0
3719,Beauty,1286.0,14.4,Prepaid_UPI,852,16,4,224.4,7,1,1.0,0
3720,Electronics,30654.0,0.0,COD,1740,41,11,164.1,3,1,1.0,0
3721,Home,6926.0,18.5,Prepaid_UPI,210,7,1,151.9,3,0,4.0,0
3722,Electronics,1976.0,6.0,Wallet,521,12,1,19.7,4,1,4.0,1
3723,Footwear,3938.0,29.4,Prepaid_Card,393,10,5,127.3,7,1,5.0,1
3724,Electronics,34129.0,34.1,COD,490,10,2,25.4,4,1,1.0,1
3725,Footwear,4287.0,0.0,Prepaid_Card,144,5,0,376.5,5,1,1.0,0
3726,Footwear,1434.0,10.4,Prepaid_UPI,2104,45,5,442.3,7,1,4.0,0
3727,Beauty,908.0,27.3,COD,86,2,0,170.2,5,1,4.0,0
3728,Apparel,1591.0,0.9,COD,427,10,3,209.2,8,0,2.0,1
3729,Home,7429.0,33.7,Prepaid_Card,112,2,0,129.1,3,1,3.0,0
3730,Footwear,4471.0,37.7,Wallet,137,5,0,134.4,6,1,3.0,0
3731,Beauty,1129.0,19.6,COD,407,13,2,214.4,5,1,4.0,0
3732,Beauty,1417.0,10.4,COD,19,0,0,263.7,5,0,,0
3733,Home,1613.0,0.0,Wallet,1188,27,8,568.3,1,0,,1
3734,Home,5644.0,34.2,COD,749,15,3,76.1,4,0,3.0,0
3735,Apparel,1907.0,52.0,COD,555,14,1,198.8,1,0,3.0,0
3736,Beauty,2027.0,48.9,Prepaid_Card,17,0,0,255.9,3,1,2.0,0
3737,Apparel,1023.0,19.1,COD,266,12,1,184.2,4,1,5.0,1
3738,Footwear,4353.0,5.6,COD,102,0,0,304.5,10,0,2.0,0
3739,Footwear,981.0,34.6,Prepaid_Card,245,10,1,393.9,6,1,3.0,1
3740,Electronics,22836.0,20.1,Prepaid_Card,146,5,1,186.8,2,1,3.0,0
3741,Apparel,1398.0,29.2,Prepaid_Card,751,14,2,205.2,5,0,5.0,0
3742,Apparel,1366.0,26.5,COD,756,21,1,156.3,5,0,,0
3743,Footwear,3532.0,23.4,Prepaid_Card,455,8,1,314.3,5,0,1.0,0
3744,Electronics,27901.0,37.4,Prepaid_Card,168,3,0,120.6,5,1,2.0,0
3745,Apparel,539.0,38.0,Prepaid_UPI,425,7,1,375.3,3,1,1.0,0
3746,Home,1685.0,14.2,Prepaid_UPI,352,8,0,142.5,5,1,3.0,0
3747,Apparel,1358.0,8.2,Prepaid_UPI,121,3,0,273.8,5,0,5.0,0
3748,Footwear,3278.0,0.0,Prepaid_UPI,100,4,0,271.1,6,0,2.0,1
3749,Apparel,1326.0,16.8,Prepaid_UPI,350,13,2,482.1,6,1,1.0,0
3750,Apparel,1040.0,5.6,COD,117,2,0,65.3,6,0,4.0,0
3751,Apparel,492.0,28.3,Wallet,294,1,0,398.0,5,0,5.0,0
3752,Electronics,35622.0,17.0,Prepaid_UPI,1232,29,7,122.4,4,0,2.0,0
3753,Electronics,22977.0,18.6,COD,432,8,0,390.7,6,0,1.0,0
3754,Footwear,2655.0,34.2,COD,243,9,0,111.1,3,0,4.0,0
3755,Electronics,21740.0,28.0,Prepaid_Card,1008,22,1,231.4,1,0,5.0,0
3756,Electronics,12822.0,20.2,Prepaid_Card,631,13,2,164.7,1,0,1.0,0
3757,Apparel,897.0,47.3,Prepaid_UPI,24,0,0,371.1,1,1,3.0,0
3758,Apparel,514.0,33.1,Prepaid_Card,5,1,0,106.2,6,0,3.0,1
3759,Beauty,1813.0,15.8,COD,1333,29,4,79.2,5,1,,0
3760,Apparel,889.0,16.4,COD,230,8,2,256.4,6,0,4.0,1
3761,Beauty,852.0,33.8,Prepaid_UPI,644,14,1,115.6,6,1,2.0,0
3762,Electronics,44715.0,25.0,COD,35,4,0,292.7,7,1,2.0,0
3763,Apparel,1094.0,5.2,Prepaid_UPI,98,0,0,273.7,7,1,2.0,1
3764,Apparel,1319.0,35.4,COD,69,0,0,221.7,7,1,4.0,1
3765,Apparel,1096.0,40.9,Prepaid_Card,242,7,1,229.0,7,1,1.0,1
3766,Footwear,1661.0,39.7,Prepaid_Card,63,0,0,291.0,8,1,2.0,0
3767,Electronics,1456.0,45.1,COD,112,2,0,209.2,9,1,4.0,0
3768,Electronics,38644.0,53.0,Prepaid_Card,603,11,1,151.4,5,0,4.0,0
3769,Home,3943.0,47.9,Prepaid_UPI,1154,23,2,201.3,8,0,4.0,0
3770,Home,5843.0,27.1,COD,231,6,0,200.6,3,1,,0
3771,Beauty,2403.0,18.9,COD,205,5,0,234.4,3,1,1.0,1
3772,Beauty,157.0,0.0,Prepaid_UPI,353,6,1,656.6,8,1,1.0,1
3773,Home,5498.0,22.2,Prepaid_UPI,477,12,1,199.3,5,0,1.0,0
3774,Footwear,975.0,29.8,Prepaid_Card,143,6,0,473.9,1,1,2.0,0
3775,Footwear,2332.0,22.7,Prepaid_UPI,139,3,0,398.4,2,1,2.0,0
3776,Electronics,38289.0,0.0,COD,570,15,5,122.8,3,0,,0
3777,Home,851.0,17.7,COD,232,3,0,105.7,2,1,5.0,0
3778,Apparel,2181.0,31.7,Prepaid_Card,422,11,2,253.6,6,0,1.0,0
3779,Footwear,2823.0,6.6,Prepaid_UPI,484,11,4,391.6,3,1,1.0,1
3780,Beauty,1078.0,24.5,Prepaid_UPI,45,0,0,212.7,4,0,1.0,0
3781,Apparel,435.0,28.5,COD,735,20,0,256.5,3,1,5.0,1
3782,Footwear,2847.0,38.8,Prepaid_Card,1026,23,3,247.4,1,0,1.0,0
3783,Beauty,1313.0,47.7,Prepaid_UPI,180,3,0,538.3,2,0,3.0,0
3784,Apparel,788.0,16.3,COD,416,9,1,373.2,7,0,2.0,0
3785,Electronics,22682.0,24.8,Prepaid_Card,488,9,1,168.0,5,1,5.0,0
3786,Beauty,180.0,25.2,Prepaid_Card,562,10,1,81.7,1,0,3.0,0
3787,Beauty,2499.0,31.7,COD,44,0,0,223.2,3,0,,0
3788,Apparel,998.0,30.1,COD,231,4,1,214.0,6,0,2.0,0
3789,Electronics,22234.0,43.4,COD,832,17,1,830.5,6,1,4.0,0
3790,Home,6343.0,0.0,Wallet,493,13,3,234.3,9,1,5.0,0
3791,Apparel,1683.0,28.3,COD,10,0,0,237.2,4,1,5.0,1
3792,Electronics,40119.0,29.3,COD,5,0,0,187.0,5,0,3.0,0
3793,Apparel,2094.0,18.5,COD,300,4,0,180.4,3,0,,0
3794,Apparel,741.0,0.0,COD,264,3,0,371.9,1,1,,1
3795,Home,3306.0,21.1,COD,67,4,1,351.7,5,1,3.0,0
3796,Home,5588.0,11.3,Prepaid_Card,191,5,1,201.0,4,0,2.0,0
3797,Home,647.0,47.2,COD,152,5,1,319.6,10,0,1.0,1
3798,Footwear,3368.0,27.6,COD,206,7,1,246.6,3,1,4.0,1
3799,Electronics,1414.0,10.1,COD,94,1,0,258.4,4,1,4.0,0
3800,Apparel,2045.0,0.0,COD,319,10,2,129.5,5,0,,0
3801,Apparel,1693.0,30.9,COD,640,13,2,335.4,7,0,3.0,1
3802,Apparel,1418.0,32.4,Prepaid_Card,42,0,0,200.1,6,1,5.0,0
3803,Apparel,1172.0,18.8,Prepaid_UPI,145,4,1,444.7,1,0,4.0,0
3804,Apparel,2178.0,31.1,Prepaid_UPI,978,22,4,92.3,7,0,5.0,0
3805,Apparel,1726.0,16.8,COD,215,5,1,189.7,4,0,,1
3806,Apparel,1853.0,38.0,Prepaid_UPI,147,5,1,96.5,1,0,1.0,0
3807,Home,6655.0,36.9,Prepaid_UPI,707,16,5,385.1,5,0,4.0,1
3808,Home,468.0,0.0,COD,40,2,0,279.0,2,0,3.0,0
3809,Beauty,279.0,1.1,Prepaid_Card,265,9,1,92.5,7,0,1.0,0
3810,Footwear,1293.0,52.5,Prepaid_UPI,853,19,4,247.6,5,1,3.0,0
3811,Home,5345.0,36.0,COD,177,5,0,202.1,7,1,1.0,1
3812,Apparel,1523.0,3.1,COD,130,0,0,186.2,7,1,,0
3813,Home,2804.0,0.0,Prepaid_Card,147,11,3,230.2,3,1,2.0,0
3814,Apparel,2151.0,25.1,COD,143,0,0,604.9,5,0,,0
3815,Electronics,5278.0,4.9,Wallet,114,1,0,611.1,7,1,5.0,0
3816,Electronics,35220.0,17.2,COD,1186,25,4,250.8,5,0,5.0,0
3817,Electronics,22262.0,21.3,COD,118,7,1,209.4,3,0,,0
3818,Apparel,1154.0,20.6,COD,254,4,2,85.9,8,1,3.0,1
3819,Home,497.0,38.9,COD,552,13,1,256.5,5,0,4.0,1
3820,Footwear,3411.0,49.5,Prepaid_UPI,112,1,0,620.1,3,1,4.0,0
3821,Footwear,3586.0,14.8,Prepaid_UPI,542,10,4,294.1,9,0,3.0,0
3822,Home,2756.0,5.0,Wallet,890,21,3,193.6,1,0,2.0,0
3823,Electronics,23843.0,27.8,Prepaid_Card,229,4,1,123.1,3,1,5.0,0
3824,Apparel,1492.0,46.5,Prepaid_Card,425,10,1,235.3,3,0,1.0,0
3825,Footwear,1971.0,16.0,COD,436,11,3,579.8,6,1,2.0,1
3826,Home,5040.0,34.8,COD,268,10,1,201.6,4,1,1.0,0
3827,Apparel,1181.0,9.4,Wallet,91,0,0,432.4,3,0,2.0,0
3828,Electronics,39659.0,22.3,Prepaid_Card,1427,31,2,213.3,7,0,1.0,0
3829,Beauty,1839.0,4.6,Prepaid_Card,117,2,0,60.6,6,0,2.0,0
3830,Home,1151.0,22.2,Prepaid_Card,329,7,1,77.2,4,0,4.0,0
3831,Electronics,36223.0,20.3,Prepaid_UPI,464,15,3,337.0,5,1,2.0,0
3832,Home,2899.0,31.1,COD,213,4,0,247.2,2,1,2.0,0
3833,Electronics,42178.0,48.7,Prepaid_UPI,359,3,0,406.6,4,1,,1
3834,Electronics,27628.0,16.2,Prepaid_UPI,328,7,0,222.9,4,1,4.0,1
3835,Apparel,450.0,0.0,Prepaid_UPI,160,3,0,425.0,2,0,1.0,0
3836,Electronics,33365.0,19.0,COD,131,2,0,323.3,1,0,1.0,1
3837,Home,1307.0,26.5,COD,39,0,0,97.9,4,0,5.0,1
3838,Apparel,1979.0,25.0,Prepaid_Card,629,11,0,198.6,7,0,5.0,1
3839,Footwear,4293.0,19.6,Prepaid_UPI,1441,36,1,159.2,6,0,5.0,0
3840,Apparel,1651.0,44.3,Wallet,416,10,0,119.5,3,0,4.0,0
3841,Home,4403.0,24.0,Prepaid_Card,571,12,1,214.0,10,1,5.0,0
3842,Home,4936.0,20.4,COD,374,13,0,422.1,2,0,2.0,0
3843,Home,3602.0,10.3,COD,244,4,1,168.1,6,1,2.0,1
3844,Home,944.0,0.0,Prepaid_Card,260,7,2,112.3,3,1,5.0,0
3845,Beauty,2333.0,26.9,COD,32,0,0,380.5,7,0,,0
3846,Electronics,15618.0,25.7,Prepaid_Card,431,11,1,248.0,4,0,,0
3847,Footwear,1751.0,6.1,Prepaid_UPI,128,1,0,66.8,4,1,5.0,0
3848,Home,1773.0,21.3,COD,714,17,5,306.1,7,0,5.0,1
3849,Apparel,2186.0,19.8,COD,320,11,1,310.4,4,0,2.0,0
3850,Apparel,2097.0,12.6,COD,115,3,0,223.4,6,1,4.0,0
3851,Electronics,16505.0,10.1,COD,117,0,0,92.4,4,1,2.0,0
3852,Apparel,868.0,28.1,Prepaid_UPI,32,1,0,154.5,1,1,1.0,0
3853,Electronics,36475.0,18.6,COD,381,9,1,184.8,9,1,2.0,0
3854,Electronics,19710.0,13.1,COD,175,6,0,224.7,6,0,3.0,1
3855,Home,7752.0,9.1,COD,17,3,0,110.9,4,1,1.0,0
3856,Apparel,2022.0,20.1,COD,23,4,2,351.9,8,1,3.0,1
3857,Footwear,3538.0,35.9,Prepaid_Card,352,8,1,628.7,2,1,2.0,0
3858,Electronics,5139.0,25.1,Prepaid_Card,228,4,1,127.1,2,1,5.0,0
3859,Home,5706.0,18.4,Prepaid_Card,134,1,0,153.8,1,0,5.0,0
3860,Apparel,2177.0,26.6,Prepaid_Card,72,1,0,145.9,4,1,1.0,0
3861,Electronics,17550.0,42.5,COD,250,7,2,890.0,3,1,5.0,0
3862,Apparel,1987.0,29.4,Prepaid_Card,182,1,0,270.5,4,0,2.0,0
3863,Home,3443.0,25.9,COD,136,1,0,432.2,1,1,,0
3864,Electronics,43744.0,31.6,Wallet,53,2,0,289.9,3,1,1.0,0
3865,Beauty,1686.0,19.6,COD,842,17,2,98.7,6,0,3.0,1
3866,Electronics,5427.0,24.8,Prepaid_Card,1022,23,1,122.4,8,0,3.0,0
3867,Home,3989.0,14.7,COD,222,3,0,145.4,5,0,3.0,0
3868,Apparel,490.0,0.0,Prepaid_UPI,284,7,2,156.6,3,1,1.0,1
3869,Home,3342.0,27.1,COD,256,4,1,355.3,6,1,3.0,0
3870,Electronics,41294.0,27.2,Wallet,357,4,1,775.4,7,1,,1
3871,Electronics,11370.0,17.7,COD,16,2,0,203.8,7,0,1.0,0
3872,Apparel,2111.0,37.5,Prepaid_UPI,865,18,2,250.4,6,0,1.0,1
3873,Apparel,580.0,11.2,Prepaid_Card,443,9,1,227.0,3,1,2.0,0
3874,Apparel,1597.0,0.0,COD,218,3,0,84.7,4,0,,0
3875,Beauty,2419.0,11.5,COD,220,6,0,495.1,5,1,4.0,0
3876,Electronics,29852.0,0.0,COD,112,3,0,327.9,1,1,,0
3877,Apparel,2018.0,27.1,Prepaid_UPI,188,5,1,211.8,5,1,2.0,0
3878,Beauty,2479.0,10.7,Prepaid_UPI,558,11,2,676.0,8,0,3.0,0
3879,Apparel,1555.0,36.8,COD,284,6,1,69.1,3,1,,0
3880,Electronics,35463.0,36.5,COD,82,3,0,368.0,1,1,2.0,1
3881,Home,546.0,8.1,COD,477,14,0,221.4,3,0,,1
3882,Beauty,1154.0,9.9,COD,935,21,3,178.2,3,0,1.0,0
3883,Home,2520.0,30.0,Prepaid_Card,7,0,0,169.6,7,1,3.0,0
3884,Electronics,37299.0,36.7,COD,16,1,0,205.9,10,0,2.0,0
3885,Beauty,1742.0,0.0,COD,743,16,1,191.8,5,1,2.0,0
3886,Apparel,1506.0,26.2,Prepaid_UPI,116,0,0,302.6,3,0,4.0,0
3887,Beauty,2339.0,0.0,Prepaid_UPI,277,2,0,266.5,2,0,5.0,0
3888,Footwear,855.0,13.8,Prepaid_UPI,330,7,1,473.6,7,1,1.0,0
3889,Beauty,2392.0,38.4,COD,205,5,0,190.9,6,1,4.0,1
3890,Apparel,581.0,67.1,Wallet,343,7,1,569.6,7,0,2.0,0
3891,Apparel,1025.0,18.4,Prepaid_Card,146,5,1,537.2,3,0,1.0,0
3892,Home,5153.0,3.3,Prepaid_Card,839,17,5,168.8,8,0,2.0,0
3893,Electronics,16157.0,14.3,COD,47,0,0,586.4,5,1,,0
3894,Electronics,31095.0,23.0,Prepaid_UPI,301,5,1,137.8,3,1,2.0,0
3895,Beauty,1972.0,11.9,Prepaid_Card,463,9,1,370.0,1,0,5.0,0
3896,Home,6679.0,8.1,Prepaid_UPI,286,6,1,294.3,3,1,2.0,0
3897,Apparel,723.0,15.6,Prepaid_Card,190,3,0,160.0,3,0,,1
3898,Electronics,9175.0,27.9,Prepaid_UPI,230,1,0,293.7,2,0,2.0,0
3899,Apparel,494.0,19.5,Prepaid_UPI,75,0,0,158.5,5,1,4.0,0
3900,Apparel,1284.0,8.8,Wallet,200,5,0,267.9,3,1,4.0,0
3901,Apparel,648.0,11.9,COD,264,4,0,245.2,2,1,3.0,0
3902,Footwear,1774.0,15.8,COD,910,16,4,174.2,2,0,4.0,0
3903,Home,6771.0,7.0,Prepaid_UPI,343,9,1,582.3,1,0,2.0,0
3904,Electronics,42751.0,11.4,Prepaid_Card,336,11,1,605.5,3,1,2.0,0
3905,Electronics,37207.0,31.7,Prepaid_Card,55,1,0,197.2,3,0,2.0,0
3906,Home,305.0,18.5,Prepaid_UPI,1066,24,9,507.9,4,1,4.0,0
3907,Footwear,2772.0,0.0,Prepaid_Card,93,3,0,151.7,5,0,1.0,0
3908,Footwear,1167.0,37.4,Prepaid_UPI,250,1,0,67.4,8,1,2.0,0
3909,Home,3193.0,28.3,COD,78,4,0,214.8,7,0,3.0,0
3910,Footwear,2212.0,1.3,Prepaid_UPI,255,8,1,205.1,1,0,3.0,0
3911,Electronics,42501.0,16.5,COD,277,10,2,104.2,6,0,4.0,0
3912,Electronics,28958.0,10.1,Prepaid_Card,719,15,1,153.1,7,0,4.0,0
3913,Footwear,1571.0,32.2,Prepaid_UPI,346,5,1,521.6,6,0,1.0,1
3914,Electronics,29354.0,16.4,COD,15,3,0,256.4,4,1,3.0,0
3915,Electronics,42892.0,20.9,COD,13,1,0,537.9,8,0,4.0,0
3916,Apparel,506.0,19.2,COD,1537,36,2,303.8,3,1,2.0,0
3917,Electronics,36940.0,0.0,Prepaid_Card,101,1,0,357.6,7,1,1.0,0
3918,Home,1970.0,43.1,COD,105,3,0,309.5,7,1,2.0,0
3919,Home,1479.0,31.9,COD,800,16,0,284.4,6,0,1.0,1
3920,Electronics,40570.0,10.8,Prepaid_UPI,94,2,0,198.5,1,1,,0
3921,Apparel,403.0,24.9,COD,17,0,0,331.5,5,1,,0
3922,Footwear,3464.0,36.6,Prepaid_Card,566,17,6,342.6,6,1,2.0,0
3923,Electronics,5021.0,22.8,Prepaid_Card,805,19,1,399.0,5,1,4.0,0
3924,Beauty,1602.0,45.4,COD,62,0,0,445.1,4,0,,1
3925,Apparel,1518.0,65.8,COD,174,4,1,555.7,4,1,4.0,1
3926,Home,6943.0,20.1,Wallet,397,10,0,290.7,3,0,3.0,0
3927,Electronics,37230.0,13.3,Prepaid_UPI,141,2,0,314.8,4,0,4.0,0
3928,Footwear,3241.0,7.2,COD,488,9,1,276.5,7,1,4.0,1
3929,Apparel,1085.0,0.0,Prepaid_UPI,211,6,0,543.6,3,0,2.0,0
3930,Beauty,541.0,40.7,Prepaid_Card,113,1,0,297.2,5,1,5.0,0
3931,Electronics,29043.0,16.7,COD,341,9,1,295.7,1,1,4.0,0
3932,Home,4127.0,35.1,Prepaid_UPI,2294,49,5,323.9,3,0,5.0,0
3933,Electronics,4614.0,38.1,Prepaid_Card,339,6,0,322.9,6,0,1.0,0
3934,Apparel,2120.0,5.8,COD,470,12,2,277.4,7,1,1.0,0
3935,Electronics,14972.0,8.0,Prepaid_UPI,27,2,0,174.4,2,1,3.0,0
3936,Apparel,404.0,48.2,COD,109,2,0,172.1,5,0,3.0,0
3937,Electronics,40694.0,20.9,COD,850,19,4,104.4,6,1,5.0,0
3938,Home,4743.0,12.1,COD,202,5,1,218.3,3,1,2.0,0
3939,Electronics,33308.0,6.3,Prepaid_UPI,79,0,0,100.7,1,1,4.0,0
3940,Apparel,675.0,19.9,Prepaid_UPI,178,1,0,57.6,2,1,1.0,0
3941,Apparel,1128.0,44.6,Wallet,17,2,1,426.4,1,1,5.0,0
3942,Apparel,1561.0,32.3,COD,160,7,1,173.6,6,1,5.0,0
3943,Apparel,852.0,24.7,Prepaid_UPI,659,16,1,38.1,5,0,3.0,0
3944,Home,5702.0,45.8,Prepaid_Card,1106,25,2,453.3,4,0,,0
3945,Apparel,821.0,42.9,COD,401,6,0,130.8,3,0,,0
3946,Footwear,1337.0,27.0,COD,1307,31,3,213.1,7,0,3.0,1
3947,Apparel,421.0,63.6,Prepaid_UPI,481,12,1,419.0,4,1,5.0,0
3948,Apparel,907.0,18.3,COD,133,4,1,336.6,5,1,5.0,0
3949,Footwear,1487.0,38.5,Prepaid_Card,19,2,1,88.6,2,0,2.0,0
3950,Apparel,1776.0,16.1,Prepaid_Card,349,11,2,108.6,2,1,4.0,0
3951,Electronics,26153.0,35.5,COD,784,15,4,244.9,7,1,4.0,0
3952,Beauty,568.0,18.3,Wallet,441,7,1,120.2,5,1,5.0,0
3953,Beauty,1485.0,28.9,Prepaid_UPI,173,4,0,300.1,5,1,1.0,0
3954,Home,2036.0,57.9,Prepaid_Card,412,7,0,261.2,5,1,4.0,0
3955,Apparel,1166.0,36.3,Prepaid_UPI,189,2,0,594.6,7,1,3.0,0
3956,Home,7139.0,29.2,Prepaid_Card,222,7,1,257.5,7,0,1.0,0
3957,Beauty,1840.0,10.4,Prepaid_UPI,734,14,3,166.7,2,1,1.0,0
3958,Beauty,1680.0,24.8,COD,174,4,0,140.8,4,1,1.0,0
3959,Apparel,907.0,6.9,Prepaid_Card,162,0,0,162.9,2,1,2.0,0
3960,Electronics,6657.0,35.3,COD,490,11,1,458.9,5,0,,0
3961,Apparel,1755.0,34.9,Prepaid_Card,913,23,4,250.3,4,0,2.0,1
3962,Apparel,1422.0,19.3,Prepaid_Card,143,6,0,212.1,4,1,3.0,0
3963,Home,5095.0,47.0,COD,297,9,3,286.5,4,0,3.0,0
3964,Apparel,2155.0,44.8,Wallet,508,11,1,97.2,4,0,2.0,0
3965,Electronics,16456.0,24.2,COD,179,6,2,293.9,10,0,2.0,0
3966,Apparel,1841.0,30.5,COD,255,7,2,218.0,1,0,4.0,0
3967,Electronics,25682.0,13.2,COD,206,4,2,203.6,4,1,,0
3968,Apparel,823.0,17.9,Prepaid_Card,294,7,2,541.7,1,0,3.0,0
3969,Electronics,3517.0,5.8,COD,1073,26,2,205.3,5,0,1.0,1
3970,Apparel,1509.0,14.8,Prepaid_Card,141,0,0,227.9,1,1,2.0,0
3971,Beauty,849.0,20.4,Prepaid_UPI,668,13,4,156.8,4,1,2.0,0
3972,Apparel,1652.0,0.0,COD,423,9,2,357.0,3,1,2.0,0
3973,Electronics,31892.0,30.7,Wallet,309,4,0,853.3,7,1,4.0,0
3974,Apparel,1220.0,37.3,COD,1096,22,2,115.5,1,1,4.0,0
3975,Apparel,1366.0,21.9,Prepaid_Card,639,13,2,229.8,1,0,5.0,0
3976,Apparel,1528.0,0.0,COD,316,9,1,148.6,2,1,4.0,0
3977,Apparel,1243.0,18.2,Prepaid_UPI,71,4,3,431.8,5,1,2.0,1
3978,Apparel,1979.0,1.1,Prepaid_UPI,145,4,0,439.5,5,1,5.0,0
3979,Electronics,4526.0,12.9,COD,490,11,1,177.7,4,0,5.0,1
3980,Home,7845.0,43.8,COD,315,11,1,286.1,6,0,4.0,1
3981,Apparel,460.0,0.0,COD,709,15,2,238.9,1,1,,0
3982,Electronics,10315.0,9.8,COD,1341,30,2,189.8,4,1,4.0,0
3983,Home,5754.0,34.4,Wallet,262,5,1,385.8,4,0,3.0,0
3984,Apparel,553.0,11.5,Prepaid_Card,743,14,0,171.5,5,1,4.0,0
3985,Electronics,12683.0,10.3,Prepaid_Card,30,3,1,304.9,5,0,3.0,0
3986,Apparel,677.0,52.5,Wallet,168,3,0,130.9,5,1,1.0,0
3987,Apparel,1702.0,27.7,Prepaid_UPI,644,16,5,734.4,5,1,5.0,0
3988,Electronics,26557.0,36.0,Prepaid_UPI,48,1,0,240.7,9,0,5.0,0
3989,Beauty,302.0,29.4,COD,189,7,1,177.6,6,1,,0
3990,Beauty,1231.0,24.4,COD,324,5,1,185.3,1,0,5.0,0
3991,Beauty,640.0,41.0,COD,1642,39,17,224.9,6,0,2.0,0
3992,Electronics,43585.0,50.6,COD,817,20,3,221.7,4,1,2.0,0
3993,Apparel,594.0,0.0,COD,228,1,0,91.2,3,0,4.0,0
3994,Electronics,27395.0,21.5,COD,251,5,1,440.2,1,0,,0
3995,Apparel,1267.0,21.4,COD,21,3,0,176.7,4,0,1.0,0
3996,Apparel,1441.0,15.6,Prepaid_Card,41,4,0,643.0,5,1,,0
3997,Apparel,2122.0,36.7,COD,1466,34,4,292.8,6,0,4.0,1
3998,Electronics,16148.0,25.9,COD,87,1,0,168.1,2,1,4.0,0
3999,Electronics,33996.0,50.9,COD,518,10,1,347.0,4,0,,0
4000,Apparel,1205.0,38.5,Prepaid_Card,52,2,0,243.4,3,0,2.0,0
4001,Home,5388.0,42.5,Prepaid_UPI,77,1,0,651.9,3,0,3.0,0
4002,Electronics,17216.0,4.0,Prepaid_UPI,87,1,0,289.6,1,0,5.0,0
4003,Footwear,1408.0,9.9,COD,75,1,0,434.0,2,1,4.0,0
4004,Apparel,551.0,11.1,COD,84,4,0,347.5,4,0,,0
4005,Electronics,5657.0,41.8,COD,205,8,1,135.9,6,1,2.0,0
4006,Apparel,2127.0,7.5,COD,886,22,0,631.8,4,0,5.0,0
4007,Electronics,35734.0,7.9,COD,135,3,1,100.2,2,0,3.0,0
4008,Apparel,841.0,5.2,Wallet,147,1,0,228.3,4,0,1.0,1
4009,Apparel,1352.0,63.3,COD,85,3,1,300.5,2,0,5.0,1
4010,Home,5800.0,19.9,COD,383,12,1,55.3,6,0,,0
4011,Apparel,1035.0,29.9,Prepaid_UPI,457,12,3,164.6,8,1,2.0,0
4012,Apparel,1192.0,4.9,Prepaid_Card,777,18,3,278.0,5,1,3.0,0
4013,Beauty,1838.0,36.4,COD,732,15,1,286.6,6,0,5.0,1
4014,Apparel,809.0,0.0,COD,874,20,6,697.6,3,0,5.0,1
4015,Home,4353.0,7.3,Wallet,18,3,1,468.6,5,0,2.0,0
4016,Home,1918.0,11.0,COD,670,15,8,185.0,4,0,2.0,0
4017,Apparel,406.0,25.3,Prepaid_Card,14,0,0,55.1,7,0,3.0,0
4018,Electronics,31434.0,10.1,Prepaid_UPI,46,0,0,83.8,3,1,1.0,0
4019,Apparel,1673.0,44.9,COD,371,13,2,240.4,4,0,1.0,0
4020,Footwear,4483.0,29.5,Prepaid_UPI,82,0,0,369.7,2,0,3.0,1
4021,Apparel,726.0,11.7,COD,128,1,0,155.3,6,0,3.0,0
4022,Apparel,1731.0,37.0,COD,624,14,1,683.8,3,1,5.0,1
4023,Apparel,2106.0,16.1,COD,1601,35,3,248.8,4,1,2.0,1
4024,Beauty,1665.0,13.1,Wallet,28,3,0,213.4,2,0,5.0,0
4025,Footwear,4353.0,35.4,COD,3,2,0,736.8,4,1,4.0,1
4026,Beauty,2487.0,0.0,COD,59,0,0,656.8,6,1,5.0,0
4027,Home,6473.0,33.0,Wallet,106,1,0,444.2,5,0,1.0,0
4028,Home,7995.0,11.3,COD,836,17,6,198.5,7,0,3.0,0
4029,Electronics,28611.0,11.3,Prepaid_UPI,506,13,0,695.8,3,0,3.0,0
4030,Beauty,1318.0,51.4,Prepaid_Card,87,3,0,479.4,4,0,5.0,1
4031,Electronics,41392.0,14.0,Prepaid_Card,177,3,1,242.3,7,0,5.0,0
4032,Electronics,37596.0,36.3,Prepaid_UPI,2500,56,5,589.7,2,0,5.0,0
4033,Home,1148.0,26.2,Prepaid_UPI,710,14,1,189.6,7,1,,0
4034,Home,2631.0,27.7,COD,115,1,0,101.1,8,0,5.0,0
4035,Apparel,869.0,18.2,Wallet,159,1,0,204.6,2,0,3.0,0
4036,Electronics,38660.0,17.5,Wallet,30,1,0,93.7,10,0,3.0,0
4037,Apparel,820.0,44.9,Prepaid_UPI,537,12,2,252.4,4,1,5.0,0
4038,Footwear,1716.0,36.0,Prepaid_Card,128,1,0,242.7,1,0,2.0,0
4039,Electronics,23923.0,14.5,Prepaid_Card,604,14,1,167.9,2,0,,0
4040,Footwear,804.0,6.3,Prepaid_Card,94,4,0,475.8,4,0,4.0,0
4041,Electronics,43302.0,13.2,COD,3,0,0,295.1,3,1,4.0,0
4042,Footwear,2464.0,36.7,Prepaid_Card,308,6,0,183.4,3,0,2.0,0
4043,Apparel,743.0,39.7,Prepaid_Card,216,6,1,215.0,2,0,2.0,0
4044,Beauty,786.0,30.3,Prepaid_Card,617,14,2,388.3,1,1,,0
4045,Electronics,36156.0,0.0,COD,155,1,0,463.2,8,1,5.0,0
4046,Apparel,1541.0,33.3,Prepaid_Card,315,6,0,279.7,5,0,3.0,0
4047,Apparel,1236.0,41.6,Prepaid_Card,384,8,2,146.1,7,0,4.0,0
4048,Apparel,997.0,24.6,Prepaid_Card,84,2,1,224.8,2,1,5.0,1
4049,Electronics,40650.0,51.7,Wallet,1799,40,8,362.8,4,1,1.0,0
4050,Home,6249.0,2.2,Prepaid_UPI,972,25,3,527.3,2,1,3.0,0
4051,Beauty,1838.0,32.3,COD,94,2,0,200.1,3,0,4.0,0
4052,Home,3734.0,6.7,COD,102,0,0,133.2,7,1,1.0,1
4053,Home,7855.0,37.9,Prepaid_UPI,777,17,1,404.7,3,1,3.0,0
4054,Electronics,32301.0,31.2,COD,169,7,0,514.2,4,1,3.0,0
4055,Footwear,2194.0,49.0,Prepaid_UPI,43,1,0,268.2,3,1,3.0,0
4056,Footwear,4342.0,29.5,COD,549,11,3,158.3,6,0,1.0,0
4057,Apparel,2012.0,15.9,COD,491,10,1,202.9,3,1,1.0,1
4058,Beauty,1889.0,14.6,COD,226,6,0,276.9,7,1,2.0,1
4059,Electronics,34794.0,18.2,Prepaid_UPI,1514,33,6,177.0,4,1,3.0,1
4060,Footwear,2195.0,14.3,Wallet,122,0,0,113.0,10,1,1.0,1
4061,Beauty,1342.0,42.2,Prepaid_UPI,475,9,2,175.3,7,0,,0
4062,Home,1775.0,41.1,Prepaid_Card,736,16,1,202.0,4,1,3.0,0
4063,Apparel,1472.0,0.0,Prepaid_UPI,162,5,1,200.5,5,1,5.0,0
4064,Home,3148.0,22.6,COD,71,0,0,47.7,8,1,2.0,0
4065,Apparel,1025.0,22.9,Prepaid_Card,795,17,5,1061.2,5,0,4.0,1
4066,Footwear,4293.0,10.3,Wallet,764,17,1,179.3,6,0,4.0,0
4067,Apparel,697.0,28.6,COD,121,1,0,126.0,9,0,4.0,0
4068,Home,6691.0,43.9,Wallet,517,11,3,215.0,5,1,4.0,0
4069,Beauty,811.0,35.4,COD,2,1,0,489.1,1,1,,0
4070,Apparel,452.0,42.2,COD,168,1,0,476.1,5,0,3.0,0
4071,Electronics,2972.0,11.2,Prepaid_Card,209,5,0,429.3,7,0,2.0,1
4072,Home,3605.0,22.5,Wallet,605,11,1,607.8,5,0,,0
4073,Electronics,21105.0,10.5,COD,40,0,0,146.0,2,0,1.0,1
4074,Apparel,976.0,25.6,Prepaid_UPI,521,10,3,115.5,4,0,,0
4075,Apparel,1604.0,26.9,COD,31,3,0,362.8,8,1,2.0,0
4076,Electronics,22458.0,36.4,Prepaid_UPI,294,3,0,194.7,1,0,3.0,0
4077,Home,871.0,41.7,Prepaid_Card,84,1,0,418.8,1,1,4.0,0
4078,Home,2980.0,32.3,COD,40,1,0,463.4,3,1,2.0,0
4079,Apparel,584.0,9.1,Prepaid_UPI,289,9,2,300.1,7,1,3.0,0
4080,Electronics,3956.0,1.7,Prepaid_UPI,112,6,0,235.0,1,0,3.0,0
4081,Electronics,10324.0,29.8,Prepaid_Card,434,9,2,561.1,5,1,4.0,0
4082,Apparel,1661.0,44.5,COD,218,6,2,285.4,6,0,3.0,1
4083,Footwear,3284.0,21.6,COD,179,4,0,182.7,5,0,1.0,0
4084,Apparel,1951.0,0.0,Wallet,106,2,0,239.3,1,0,3.0,1
4085,Home,6124.0,53.3,Prepaid_Card,267,6,1,270.3,5,1,3.0,0
4086,Beauty,1408.0,29.3,Prepaid_UPI,45,0,0,64.6,2,0,3.0,0
4087,Electronics,14892.0,24.6,Prepaid_UPI,1,0,0,638.6,5,0,3.0,0
4088,Home,345.0,4.5,Prepaid_UPI,3,1,0,157.9,3,1,5.0,0
4089,Apparel,1565.0,22.2,COD,483,9,1,84.0,5,1,5.0,0
4090,Apparel,921.0,32.3,Prepaid_Card,735,17,1,281.1,4,0,4.0,0
4091,Apparel,850.0,29.5,Prepaid_UPI,521,8,2,308.1,2,1,1.0,0
4092,Footwear,4399.0,11.8,COD,80,2,0,162.8,6,0,1.0,1
4093,Footwear,1197.0,21.1,COD,19,3,0,201.1,4,0,2.0,1
4094,Apparel,458.0,12.8,Prepaid_Card,66,1,0,281.0,5,1,1.0,0
4095,Apparel,2109.0,47.0,Prepaid_UPI,171,2,0,273.9,5,0,2.0,0
4096,Electronics,14603.0,35.4,Prepaid_UPI,449,7,1,411.0,7,1,5.0,0
4097,Home,3329.0,14.1,COD,898,21,1,283.7,6,0,3.0,0
4098,Home,923.0,4.5,Wallet,853,21,3,75.9,5,1,5.0,0
4099,Home,3411.0,26.2,COD,302,7,2,234.2,1,0,3.0,0
4100,Beauty,2435.0,14.6,COD,69,1,0,349.8,4,1,,1
4101,Apparel,1649.0,15.7,Wallet,177,0,0,174.3,1,1,4.0,0
4102,Home,3948.0,5.0,Prepaid_UPI,493,11,2,228.3,1,1,5.0,0
4103,Home,2668.0,6.8,Wallet,51,0,0,390.1,7,0,1.0,0
4104,Apparel,1059.0,24.4,Prepaid_UPI,488,10,1,275.6,3,1,4.0,0
4105,Beauty,1586.0,18.0,Prepaid_Card,577,16,1,345.9,7,0,,0
4106,Apparel,858.0,59.4,COD,577,9,1,299.8,2,0,1.0,0
4107,Home,1470.0,30.9,COD,187,1,0,220.0,4,1,2.0,0
4108,Footwear,3285.0,4.7,Wallet,487,11,5,750.3,5,1,4.0,1
4109,Beauty,2193.0,0.0,Prepaid_UPI,206,4,1,136.8,8,0,2.0,1
4110,Electronics,40687.0,28.0,COD,1341,29,5,88.6,6,1,2.0,1
4111,Electronics,38054.0,16.0,COD,535,12,3,256.9,3,0,1.0,0
4112,Footwear,2622.0,42.0,COD,157,4,1,222.2,3,1,,0
4113,Footwear,3655.0,26.2,COD,682,13,0,257.7,5,0,4.0,0
4114,Electronics,41774.0,0.0,Prepaid_UPI,583,12,1,438.4,9,1,5.0,0
4115,Footwear,593.0,6.7,COD,244,6,0,151.3,4,1,,0
4116,Apparel,1142.0,11.9,Prepaid_Card,448,10,3,47.3,2,0,3.0,0
4117,Home,1872.0,28.6,Wallet,131,4,0,954.2,3,1,3.0,0
4118,Footwear,4487.0,6.2,Prepaid_Card,740,15,2,224.9,4,0,3.0,0
4119,Apparel,2073.0,24.3,Prepaid_Card,412,10,1,340.8,5,0,1.0,0
4120,Electronics,36336.0,2.0,COD,90,4,0,232.1,2,0,5.0,0
4121,Beauty,845.0,22.1,COD,410,9,1,200.1,6,0,1.0,0
4122,Footwear,4308.0,27.6,COD,232,5,1,234.2,3,1,,0
4123,Footwear,617.0,43.9,COD,745,16,2,351.9,7,1,,0
4124,Electronics,9436.0,25.7,COD,225,4,1,426.5,5,0,4.0,1
4125,Beauty,1600.0,9.7,COD,219,3,0,553.5,4,1,3.0,0
4126,Apparel,1827.0,44.4,COD,820,18,0,375.3,1,0,1.0,1
4127,Electronics,39903.0,19.3,COD,67,2,0,227.4,4,1,,1
4128,Electronics,14362.0,33.6,Wallet,557,11,1,734.6,4,1,5.0,0
4129,Footwear,2063.0,12.8,COD,984,22,2,348.7,4,0,,1
4130,Beauty,1219.0,23.4,COD,242,5,0,381.9,6,0,4.0,1
4131,Footwear,608.0,10.0,Prepaid_UPI,463,14,1,557.7,3,0,3.0,0
4132,Home,6953.0,26.8,COD,43,2,0,253.8,6,1,3.0,1
4133,Electronics,16002.0,34.1,Prepaid_Card,578,14,3,530.8,2,1,3.0,0
4134,Electronics,9928.0,14.6,Prepaid_UPI,215,7,2,87.6,7,1,5.0,0
4135,Electronics,19123.0,13.7,Prepaid_Card,1116,24,6,238.7,7,1,5.0,1
4136,Apparel,1679.0,27.4,COD,514,14,2,593.8,5,1,2.0,1
4137,Electronics,39346.0,9.6,Prepaid_UPI,399,9,0,471.1,6,0,4.0,1
4138,Footwear,1362.0,0.0,Prepaid_UPI,1080,24,1,315.9,4,0,1.0,0
4139,Home,1629.0,27.3,COD,330,5,1,121.3,4,0,,1
4140,Footwear,4275.0,20.4,COD,318,6,1,70.0,4,0,2.0,1
4141,Electronics,25329.0,20.1,COD,386,5,1,247.0,7,0,1.0,1
4142,Electronics,17221.0,29.8,Prepaid_UPI,173,3,0,232.1,5,1,5.0,0
4143,Apparel,759.0,31.9,COD,99,1,0,422.2,3,1,1.0,1
4144,Electronics,44792.0,19.6,COD,283,5,0,280.2,4,1,,1
4145,Electronics,32700.0,5.2,Prepaid_Card,206,2,0,457.8,3,0,2.0,0
4146,Apparel,792.0,12.4,Wallet,4,1,0,306.8,5,0,3.0,0
4147,Apparel,564.0,30.8,COD,419,10,2,138.5,4,0,5.0,0
4148,Home,1834.0,24.0,COD,69,5,0,335.2,1,1,5.0,0
4149,Electronics,12051.0,13.8,COD,249,9,3,266.5,2,1,,1
4150,Electronics,6066.0,10.2,Prepaid_UPI,663,15,5,249.4,4,1,5.0,0
4151,Apparel,813.0,31.3,Prepaid_Card,667,17,3,274.4,7,0,4.0,1
4152,Electronics,6315.0,18.7,Prepaid_UPI,143,4,1,314.6,1,1,5.0,0
4153,Electronics,17745.0,33.3,COD,105,1,0,256.8,5,1,2.0,0
4154,Electronics,22495.0,35.2,COD,203,4,1,93.9,8,1,,0
4155,Home,3806.0,17.3,COD,524,13,0,108.4,7,1,3.0,0
4156,Apparel,1893.0,36.2,COD,96,10,1,199.5,4,1,5.0,0
4157,Beauty,747.0,24.1,Prepaid_Card,133,5,1,506.3,4,1,5.0,0
4158,Apparel,1997.0,26.0,Prepaid_UPI,106,3,1,288.5,6,0,3.0,0
4159,Electronics,40976.0,0.0,COD,654,16,4,252.4,8,0,2.0,1
4160,Apparel,2128.0,7.4,Prepaid_UPI,37,2,0,721.4,6,0,4.0,0
4161,Electronics,9127.0,8.2,COD,67,1,0,306.5,5,0,1.0,1
4162,Apparel,842.0,17.2,Prepaid_Card,359,9,1,257.0,7,1,5.0,0
4163,Footwear,2995.0,23.7,COD,660,14,2,211.5,5,0,,0
4164,Electronics,7371.0,24.3,Prepaid_Card,891,18,1,192.5,5,0,5.0,0
4165,Home,959.0,26.3,COD,71,3,1,80.0,6,0,2.0,1
4166,Apparel,533.0,11.7,Wallet,128,4,0,254.2,3,0,3.0,0
4167,Apparel,1491.0,32.4,Wallet,1221,27,4,116.0,11,1,3.0,0
4168,Electronics,36445.0,49.1,Prepaid_UPI,58,2,0,154.8,5,0,2.0,0
4169,Electronics,12539.0,16.7,Prepaid_UPI,1915,44,8,112.6,4,1,5.0,0
4170,Electronics,42089.0,12.0,COD,109,2,0,690.1,6,1,,0
4171,Beauty,2011.0,11.7,Prepaid_Card,733,15,0,300.3,7,0,5.0,0
4172,Home,896.0,23.3,COD,536,10,1,524.5,3,1,1.0,0
4173,Beauty,1107.0,14.1,Prepaid_UPI,880,19,2,405.6,1,0,1.0,0
4174,Apparel,522.0,0.0,COD,180,7,2,222.8,4,0,,0
4175,Footwear,4161.0,0.1,COD,48,1,0,170.9,5,1,,0
4176,Home,6020.0,37.3,Prepaid_UPI,1002,23,3,220.8,3,1,4.0,0
4177,Home,5586.0,41.2,COD,10,0,0,142.2,4,0,4.0,0
4178,Beauty,1754.0,46.0,Prepaid_UPI,44,0,0,49.4,4,0,3.0,1
4179,Home,2496.0,25.4,COD,112,1,0,86.3,1,0,2.0,0
4180,Footwear,4234.0,7.1,Prepaid_UPI,545,12,2,364.8,6,0,3.0,0
4181,Footwear,4191.0,15.4,Prepaid_UPI,188,3,1,93.5,6,1,5.0,0
4182,Apparel,1731.0,0.0,Prepaid_Card,242,8,1,154.7,5,0,,1
4183,Home,3911.0,0.0,COD,135,3,0,213.6,5,1,,0
4184,Electronics,3264.0,25.8,COD,212,5,1,117.5,3,0,,1
4185,Beauty,217.0,30.1,COD,118,2,0,344.5,4,0,,0
4186,Footwear,1053.0,51.4,COD,584,14,0,448.8,6,0,,0
4187,Apparel,1472.0,20.8,Prepaid_Card,2166,51,3,96.6,1,0,2.0,0
4188,Apparel,1837.0,1.6,COD,264,4,1,90.8,2,0,,0
4189,Apparel,2107.0,20.2,COD,687,16,1,176.3,1,0,2.0,0
4190,Electronics,8881.0,17.8,COD,72,0,0,380.3,8,0,5.0,0
4191,Apparel,896.0,14.6,Wallet,349,10,2,375.1,4,0,2.0,0
4192,Footwear,716.0,27.2,COD,22,0,0,84.1,8,1,,0
4193,Home,7916.0,3.8,COD,13,0,0,317.4,4,1,4.0,0
4194,Footwear,3624.0,24.0,Prepaid_Card,774,15,1,220.2,8,1,1.0,0
4195,Apparel,1265.0,31.8,COD,575,14,5,484.0,7,1,2.0,1
4196,Electronics,26410.0,43.3,Wallet,496,8,1,134.5,3,0,4.0,1
4197,Apparel,1412.0,26.7,COD,464,11,2,114.5,5,0,1.0,0
4198,Footwear,1517.0,37.6,Prepaid_UPI,274,5,1,390.0,2,0,2.0,1
4199,Apparel,734.0,15.3,Prepaid_Card,263,5,1,85.6,6,0,4.0,1
4200,Apparel,935.0,17.4,Prepaid_UPI,47,0,0,268.9,7,1,3.0,0
4201,Apparel,845.0,42.2,Prepaid_Card,51,0,0,232.1,9,0,3.0,0
4202,Footwear,2730.0,1.4,Prepaid_UPI,217,4,0,180.3,8,1,3.0,0
4203,Apparel,955.0,16.0,Prepaid_Card,918,22,3,202.7,5,1,1.0,0
4204,Home,5913.0,38.9,Prepaid_Card,796,17,3,268.8,5,1,2.0,0
4205,Footwear,2772.0,18.8,Prepaid_UPI,161,4,1,55.4,4,0,5.0,0
4206,Footwear,2629.0,17.7,Prepaid_Card,798,17,2,136.3,9,1,3.0,0
4207,Apparel,2112.0,18.0,Prepaid_Card,24,2,0,66.6,3,1,2.0,0
4208,Apparel,980.0,23.8,COD,1021,24,1,34.1,2,0,,1
4209,Electronics,29025.0,38.3,COD,532,11,2,80.2,2,1,3.0,1
4210,Apparel,400.0,35.9,COD,38,0,0,226.9,7,0,4.0,0
4211,Home,5974.0,22.2,COD,517,13,3,346.3,7,0,4.0,0
4212,Electronics,23211.0,38.4,COD,408,7,0,447.4,5,1,1.0,0
4213,Electronics,10327.0,27.1,COD,98,3,0,428.2,5,0,,0
4214,Apparel,403.0,34.9,Prepaid_Card,207,5,0,273.4,2,0,1.0,0
4215,Home,5743.0,6.6,Prepaid_UPI,402,8,1,48.7,5,0,3.0,0
4216,Apparel,1593.0,48.1,Prepaid_Card,33,2,0,59.2,7,0,4.0,0
4217,Home,5424.0,25.3,Prepaid_UPI,87,5,1,81.9,2,0,3.0,0
4218,Apparel,1187.0,0.0,COD,425,11,2,339.6,2,1,4.0,0
4219,Beauty,1652.0,46.9,COD,1112,25,3,124.1,5,1,4.0,1
4220,Home,4699.0,22.1,Prepaid_UPI,176,7,2,436.9,6,0,3.0,0
4221,Apparel,830.0,16.1,Prepaid_UPI,74,0,0,149.1,6,1,4.0,0
4222,Apparel,1334.0,12.9,Prepaid_UPI,26,0,0,324.6,7,1,4.0,0
4223,Electronics,23739.0,28.6,Prepaid_UPI,671,14,2,318.1,5,1,2.0,0
4224,Apparel,1883.0,8.7,Prepaid_UPI,147,6,2,503.9,1,1,5.0,0
4225,Apparel,1180.0,13.3,Prepaid_UPI,287,8,1,237.5,6,1,,0
4226,Footwear,2244.0,13.7,Prepaid_UPI,236,2,0,238.0,7,0,2.0,0
4227,Home,7880.0,17.6,Prepaid_UPI,1084,23,3,256.6,3,1,2.0,0
4228,Apparel,2010.0,14.3,COD,153,1,0,427.9,4,1,3.0,0
4229,Home,2166.0,34.8,COD,431,9,2,130.9,1,1,3.0,1
4230,Apparel,2039.0,26.1,COD,150,5,1,205.8,4,1,3.0,0
4231,Beauty,474.0,27.9,Prepaid_Card,84,4,2,242.6,8,1,3.0,0
4232,Apparel,1936.0,31.2,Prepaid_UPI,359,9,1,85.8,4,1,,0
4233,Footwear,1233.0,20.6,COD,746,16,3,191.6,2,0,,0
4234,Footwear,2202.0,6.7,COD,22,0,0,316.6,9,0,3.0,0
4235,Apparel,2171.0,49.1,Prepaid_UPI,168,5,1,101.2,6,1,5.0,0
4236,Apparel,575.0,35.9,COD,83,7,2,377.1,6,0,4.0,0
4237,Electronics,37983.0,46.2,Prepaid_UPI,215,2,0,256.0,5,1,3.0,0
4238,Footwear,2479.0,37.5,COD,555,16,3,469.4,3,0,,1
4239,Electronics,6061.0,15.1,COD,53,2,0,466.0,4,1,1.0,0
4240,Home,7634.0,0.0,COD,440,11,1,578.0,8,0,1.0,0
4241,Footwear,2697.0,3.6,COD,66,2,0,256.5,3,0,4.0,0
4242,Footwear,4023.0,31.5,COD,215,8,2,350.8,8,1,1.0,1
4243,Electronics,39267.0,20.5,COD,394,9,3,273.2,5,1,,0
4244,Electronics,1841.0,15.7,COD,524,10,1,206.3,5,1,1.0,0
4245,Home,2339.0,0.0,COD,418,10,3,227.9,1,1,4.0,1
4246,Apparel,1006.0,21.8,Prepaid_UPI,573,15,2,169.9,5,1,1.0,0
4247,Footwear,2639.0,5.8,COD,127,3,0,113.3,4,0,,1
4248,Apparel,529.0,11.1,COD,354,4,1,243.7,1,0,5.0,1
4249,Apparel,1100.0,34.8,COD,89,2,0,285.6,5,1,4.0,0
4250,Footwear,3759.0,6.6,Wallet,277,6,2,177.4,4,1,4.0,1
4251,Electronics,8786.0,8.0,Prepaid_UPI,14,0,0,182.4,5,0,3.0,0
4252,Apparel,1662.0,24.8,Wallet,140,2,1,586.5,3,0,3.0,0
4253,Apparel,1229.0,35.1,Wallet,244,8,2,201.6,2,0,2.0,0
4254,Electronics,4297.0,16.0,COD,577,8,1,92.3,5,0,2.0,1
4255,Footwear,1209.0,44.0,Prepaid_UPI,10,0,0,240.7,4,1,2.0,0
4256,Apparel,654.0,2.8,COD,270,6,2,232.7,4,0,4.0,1
4257,Apparel,1515.0,0.2,Prepaid_UPI,47,5,1,233.0,2,1,5.0,0
4258,Electronics,5025.0,0.0,COD,213,5,0,253.1,4,1,5.0,0
4259,Beauty,2084.0,0.0,COD,1104,25,1,189.7,6,0,3.0,0
4260,Apparel,1852.0,27.0,Wallet,562,13,3,147.1,5,0,2.0,0
4261,Beauty,338.0,7.3,Prepaid_UPI,250,6,1,57.0,4,1,1.0,0
4262,Footwear,4053.0,0.8,Wallet,626,17,2,110.0,1,0,2.0,1
4263,Apparel,2126.0,27.7,COD,562,10,0,322.9,3,1,3.0,0
4264,Footwear,674.0,34.4,COD,149,2,0,576.4,3,0,5.0,0
4265,Home,7618.0,37.8,COD,105,4,1,147.1,6,1,,0
4266,Electronics,13440.0,35.1,Prepaid_Card,1104,25,2,187.4,6,0,2.0,0
4267,Electronics,30317.0,8.2,Prepaid_Card,46,0,0,237.5,5,1,4.0,0
4268,Footwear,1199.0,26.1,COD,82,2,0,687.8,4,0,5.0,0
4269,Footwear,3770.0,29.5,Prepaid_UPI,134,5,1,235.5,7,0,4.0,0
4270,Footwear,3868.0,14.9,COD,513,12,1,727.2,6,0,1.0,0
4271,Beauty,2449.0,24.5,Prepaid_UPI,239,4,0,56.6,1,1,,1
4272,Electronics,44673.0,3.2,Prepaid_UPI,1250,28,4,66.5,8,1,5.0,1
4273,Footwear,803.0,12.6,Prepaid_Card,329,7,1,534.2,4,1,4.0,0
4274,Footwear,3132.0,27.6,COD,1394,32,14,116.8,7,1,1.0,0
4275,Apparel,891.0,44.6,COD,548,12,2,209.4,6,1,2.0,1
4276,Apparel,626.0,39.3,COD,309,4,1,201.3,2,0,4.0,0
4277,Electronics,7717.0,31.9,Prepaid_UPI,950,22,3,77.2,3,0,4.0,0
4278,Footwear,4246.0,23.2,Prepaid_Card,403,10,1,213.9,1,0,2.0,0
4279,Apparel,1631.0,20.9,COD,70,4,0,826.2,3,1,5.0,0
4280,Home,689.0,0.3,Wallet,413,7,3,416.8,5,1,5.0,0
4281,Apparel,2172.0,9.5,Prepaid_UPI,423,9,1,88.0,5,0,2.0,0
4282,Electronics,36582.0,10.0,Prepaid_UPI,69,1,0,71.9,3,1,1.0,0
4283,Home,2681.0,30.6,Prepaid_Card,210,4,1,334.5,4,1,3.0,0
4284,Apparel,1248.0,36.2,Wallet,376,5,1,597.4,5,1,4.0,0
4285,Footwear,3406.0,33.0,COD,361,6,0,714.7,6,0,1.0,1
4286,Apparel,1617.0,39.7,COD,691,16,4,312.5,3,0,3.0,0
4287,Beauty,1238.0,23.1,Prepaid_UPI,1379,30,3,87.3,4,0,5.0,0
4288,Apparel,1322.0,7.3,Prepaid_UPI,358,6,1,311.1,2,1,2.0,0
4289,Beauty,252.0,21.3,Prepaid_Card,374,11,2,117.0,2,0,5.0,0
4290,Home,4155.0,11.1,COD,714,21,2,285.9,7,0,,0
4291,Apparel,1012.0,31.9,COD,22,0,0,373.9,8,1,5.0,0
4292,Apparel,913.0,16.6,Prepaid_UPI,181,1,0,150.8,5,1,5.0,0
4293,Apparel,885.0,20.5,Prepaid_UPI,226,6,2,505.5,4,0,5.0,0
4294,Home,5297.0,32.4,COD,2006,40,6,217.9,3,0,4.0,0
4295,Footwear,2217.0,10.9,COD,1700,35,2,206.0,7,1,5.0,0
4296,Electronics,19850.0,36.5,Prepaid_UPI,30,1,0,146.9,1,1,1.0,0
4297,Electronics,8172.0,1.8,Prepaid_UPI,109,0,0,327.1,10,0,2.0,0
4298,Home,7706.0,26.6,Prepaid_Card,335,7,1,359.5,5,0,5.0,0
4299,Electronics,11008.0,20.6,Prepaid_Card,8,0,0,29.1,1,1,2.0,0
4300,Home,3427.0,34.4,Wallet,166,4,1,524.6,10,0,4.0,0
4301,Electronics,9531.0,1.4,COD,1359,32,4,197.8,1,0,2.0,0
4302,Home,5714.0,0.0,Prepaid_Card,391,7,1,278.0,1,1,2.0,0
4303,Beauty,1175.0,33.3,Prepaid_Card,241,5,1,207.4,3,0,1.0,0
4304,Electronics,19318.0,16.1,Prepaid_Card,378,7,1,302.2,4,0,5.0,0
4305,Apparel,1975.0,20.6,Prepaid_UPI,545,11,1,385.4,7,0,1.0,1
4306,Apparel,1767.0,12.1,Prepaid_Card,389,7,1,240.7,4,1,3.0,0
4307,Home,4303.0,35.7,Prepaid_Card,142,5,0,201.0,3,1,2.0,0
4308,Electronics,21724.0,26.5,COD,263,3,0,231.6,4,0,3.0,1
4309,Beauty,2406.0,25.6,Prepaid_UPI,388,8,1,306.1,4,1,4.0,1
4310,Home,7665.0,4.5,COD,152,4,1,243.0,8,1,2.0,0
4311,Electronics,32069.0,29.5,COD,17,2,0,300.4,7,0,2.0,0
4312,Footwear,3541.0,7.1,Prepaid_Card,469,11,1,272.0,3,1,5.0,1
4313,Apparel,2018.0,12.1,Prepaid_Card,134,3,0,240.6,4,0,3.0,0
4314,Footwear,4357.0,1.5,Wallet,46,0,0,232.1,1,1,2.0,1
4315,Apparel,548.0,19.7,Prepaid_UPI,40,3,1,233.3,6,1,3.0,1
4316,Home,7980.0,38.0,Prepaid_UPI,652,13,2,199.1,4,1,4.0,0
4317,Beauty,1802.0,25.4,COD,478,9,4,156.6,5,0,1.0,1
4318,Footwear,2871.0,15.4,Prepaid_Card,314,10,2,207.5,6,0,3.0,0
4319,Footwear,2153.0,23.6,Wallet,695,16,0,238.7,8,1,3.0,0
4320,Electronics,15934.0,23.6,COD,595,14,2,355.8,4,1,4.0,0
4321,Footwear,3717.0,23.0,Prepaid_UPI,358,9,1,371.0,5,0,5.0,1
4322,Home,5339.0,24.7,Prepaid_Card,81,2,0,556.5,8,1,1.0,0
4323,Home,1845.0,6.4,COD,1653,34,8,293.7,4,1,1.0,0
4324,Apparel,1498.0,23.6,Prepaid_Card,781,18,1,48.0,4,1,3.0,0
4325,Apparel,654.0,0.0,COD,474,10,1,221.5,10,1,3.0,1
4326,Home,4126.0,30.6,COD,78,0,0,229.1,4,1,,0
4327,Apparel,1450.0,5.5,COD,147,1,0,193.1,8,1,2.0,1
4328,Footwear,3043.0,39.7,COD,14,0,0,49.7,3,1,1.0,0
4329,Footwear,1081.0,0.0,COD,1121,22,5,359.8,4,1,,1
4330,Beauty,375.0,47.1,Prepaid_UPI,709,15,1,272.4,1,0,3.0,0
4331,Apparel,866.0,0.0,COD,39,0,0,185.8,6,1,,0
4332,Beauty,1577.0,4.0,Prepaid_UPI,529,12,6,115.4,6,0,,1
4333,Apparel,2077.0,26.5,Prepaid_Card,379,9,1,235.9,5,1,2.0,0
4334,Electronics,35326.0,31.3,COD,126,4,1,791.9,6,1,3.0,1
4335,Footwear,3483.0,17.7,COD,359,7,1,272.2,6,0,1.0,0
4336,Apparel,994.0,35.4,Wallet,963,23,2,248.4,1,0,2.0,0
4337,Apparel,601.0,10.1,Prepaid_Card,343,7,1,118.6,5,1,4.0,0
4338,Apparel,2005.0,16.0,Wallet,64,5,0,318.1,8,0,2.0,0
4339,Electronics,23137.0,17.5,COD,773,16,4,172.3,4,1,5.0,0
4340,Footwear,902.0,13.9,Prepaid_UPI,262,3,0,325.8,1,0,1.0,1
4341,Apparel,1363.0,0.0,Prepaid_UPI,277,8,1,64.7,7,0,2.0,1
4342,Apparel,1616.0,21.6,Wallet,1239,28,4,129.8,5,1,3.0,0
4343,Home,2763.0,20.3,COD,1048,26,5,168.7,4,0,2.0,0
4344,Apparel,417.0,38.2,Wallet,98,3,1,203.7,4,1,5.0,0
4345,Footwear,2986.0,2.7,COD,35,5,0,537.0,7,0,,1
4346,Beauty,244.0,12.4,Prepaid_UPI,295,6,0,456.1,3,1,3.0,0
4347,Footwear,2231.0,40.1,Prepaid_Card,113,5,0,295.6,8,0,2.0,0
4348,Footwear,3799.0,26.4,Prepaid_Card,2075,45,1,118.6,5,0,2.0,1
4349,Electronics,44950.0,30.2,COD,124,4,1,121.7,7,1,,1
4350,Footwear,1981.0,28.8,Prepaid_UPI,242,7,0,429.2,6,0,2.0,0
4351,Apparel,436.0,28.9,COD,44,3,0,195.5,2,0,1.0,0
4352,Apparel,1287.0,49.3,Prepaid_Card,1009,24,2,153.2,6,1,2.0,0
4353,Home,2427.0,23.4,Prepaid_Card,117,0,0,181.5,4,0,5.0,0
4354,Apparel,2007.0,6.8,Prepaid_UPI,231,5,0,221.7,6,1,3.0,1
4355,Footwear,3346.0,31.6,Prepaid_Card,302,6,1,281.5,4,0,2.0,0
4356,Home,3413.0,13.5,Prepaid_UPI,206,4,0,215.3,1,1,,0
4357,Beauty,1941.0,20.4,Prepaid_Card,437,9,3,51.8,6,1,2.0,0
4358,Apparel,1014.0,27.6,Prepaid_Card,62,3,1,254.5,1,0,2.0,0
4359,Electronics,24053.0,9.7,Prepaid_UPI,677,15,0,291.5,5,0,3.0,0
4360,Footwear,4191.0,14.3,Prepaid_UPI,401,8,1,286.2,9,1,5.0,0
4361,Apparel,760.0,29.1,Prepaid_UPI,151,0,0,216.7,8,0,1.0,0
4362,Home,2711.0,13.8,Prepaid_Card,104,5,1,112.6,5,1,,1
4363,Home,7119.0,36.6,COD,372,7,1,86.2,3,0,3.0,1
4364,Beauty,1235.0,7.2,Prepaid_UPI,1490,33,2,181.3,4,1,1.0,0
4365,Footwear,1772.0,7.2,COD,251,10,2,361.4,7,0,2.0,0
4366,Apparel,467.0,50.6,COD,86,1,0,155.3,3,0,1.0,0
4367,Electronics,19550.0,0.0,Prepaid_UPI,37,0,0,1028.0,5,0,4.0,0
4368,Home,4155.0,21.6,Prepaid_Card,334,8,1,400.9,3,1,5.0,0
4369,Apparel,1131.0,49.8,Prepaid_Card,103,0,0,189.4,4,1,1.0,0
4370,Electronics,13353.0,21.6,Wallet,928,17,3,178.0,3,0,4.0,0
4371,Apparel,1064.0,42.2,COD,1010,21,6,203.1,5,0,3.0,1
4372,Apparel,1556.0,31.8,COD,31,0,0,238.0,6,1,2.0,0
4373,Electronics,40238.0,21.9,COD,258,6,1,102.4,9,0,,1
4374,Apparel,1569.0,20.0,COD,507,9,1,164.7,4,1,2.0,0
4375,Home,5275.0,0.0,Prepaid_UPI,118,3,1,534.0,5,1,5.0,0
4376,Apparel,1870.0,17.2,Prepaid_UPI,237,1,0,315.6,7,0,4.0,0
4377,Footwear,1161.0,25.5,Prepaid_Card,328,7,1,200.3,4,0,2.0,0
4378,Apparel,942.0,25.5,COD,1293,29,0,290.6,5,0,4.0,0
4379,Footwear,702.0,59.0,Prepaid_Card,207,5,0,207.7,6,0,5.0,0
4380,Apparel,1029.0,26.2,COD,69,1,0,381.5,3,0,4.0,1
4381,Electronics,44948.0,31.5,Prepaid_UPI,5,0,0,639.5,5,0,4.0,0
4382,Electronics,15624.0,39.5,Prepaid_Card,553,12,2,236.1,3,1,2.0,0
4383,Apparel,1948.0,30.1,COD,33,3,0,105.7,4,0,,1
4384,Electronics,4957.0,20.7,Prepaid_UPI,379,7,0,118.9,9,1,5.0,0
4385,Footwear,2339.0,20.8,Prepaid_UPI,789,19,3,426.9,4,1,1.0,0
4386,Beauty,976.0,16.7,COD,157,6,1,625.6,5,0,4.0,0
4387,Apparel,763.0,28.7,Prepaid_Card,479,7,2,157.4,1,1,2.0,0
4388,Apparel,1071.0,19.4,Prepaid_Card,697,15,5,153.1,5,1,4.0,0
4389,Footwear,3105.0,31.4,COD,408,7,1,319.9,9,1,3.0,0
4390,Home,4075.0,6.9,COD,60,0,0,100.2,3,0,1.0,1
4391,Apparel,1920.0,24.2,Prepaid_UPI,285,8,1,319.7,7,0,5.0,0
4392,Footwear,4120.0,45.3,Wallet,1099,25,1,344.8,3,1,2.0,0
4393,Electronics,22307.0,18.6,Prepaid_Card,1008,23,1,145.6,1,0,5.0,1
4394,Home,7859.0,49.6,Prepaid_Card,267,4,0,67.3,4,0,,0
4395,Electronics,4355.0,24.5,Prepaid_Card,822,19,3,143.4,3,0,1.0,0
4396,Electronics,13304.0,21.2,Prepaid_Card,170,1,0,364.8,5,0,2.0,0
4397,Apparel,1150.0,23.7,COD,407,9,3,302.2,4,0,,1
4398,Footwear,2831.0,17.3,COD,121,1,0,218.8,2,1,,0
4399,Apparel,1383.0,0.0,Wallet,166,6,2,440.7,6,1,5.0,0
4400,Footwear,2772.0,35.2,Prepaid_UPI,136,2,0,288.0,7,1,4.0,0
4401,Footwear,4085.0,54.9,Wallet,327,8,1,269.0,6,0,3.0,0
4402,Footwear,1610.0,29.2,COD,169,4,0,87.1,5,0,,1
4403,Apparel,1870.0,30.1,Prepaid_Card,230,5,0,298.5,4,0,3.0,0
4404,Apparel,1404.0,19.3,Prepaid_Card,416,9,1,362.5,6,0,3.0,0
4405,Electronics,22683.0,39.4,COD,7,1,0,614.0,3,1,4.0,0
4406,Home,2605.0,21.4,COD,543,10,3,162.1,6,1,,1
4407,Beauty,865.0,26.0,Prepaid_UPI,106,3,0,219.5,2,1,1.0,0
4408,Electronics,18215.0,0.0,Prepaid_UPI,830,20,3,485.6,1,1,5.0,0
4409,Footwear,3554.0,14.1,Prepaid_Card,663,16,3,341.6,6,0,5.0,0
4410,Apparel,1258.0,27.5,COD,43,0,0,326.2,2,1,1.0,1
4411,Electronics,7938.0,35.6,Prepaid_Card,92,2,0,124.8,3,1,1.0,0
4412,Apparel,1768.0,36.0,COD,591,12,1,220.5,2,0,4.0,1
4413,Footwear,3154.0,0.0,COD,73,1,0,354.5,6,1,5.0,1
4414,Apparel,2109.0,0.0,Prepaid_Card,15,0,0,143.1,3,0,5.0,0
4415,Apparel,1353.0,30.8,COD,197,7,0,254.4,8,0,3.0,0
4416,Footwear,3118.0,10.8,Wallet,37,5,1,212.4,6,1,3.0,0
4417,Electronics,22195.0,35.4,Prepaid_Card,90,1,0,335.6,5,1,5.0,0
4418,Apparel,1625.0,0.0,COD,124,4,0,288.5,8,0,2.0,1
4419,Apparel,1185.0,20.5,COD,478,14,2,54.2,2,1,5.0,0
4420,Electronics,7238.0,21.5,Prepaid_UPI,195,2,0,215.2,5,0,3.0,0
4421,Apparel,2176.0,29.2,COD,91,0,0,571.2,1,0,,0
4422,Apparel,1697.0,6.5,COD,346,11,1,409.4,3,1,,0
4423,Home,4986.0,0.0,Prepaid_Card,159,4,0,208.9,2,1,3.0,0
4424,Apparel,1267.0,24.6,COD,629,13,4,377.4,7,0,5.0,0
4425,Home,5778.0,29.9,Prepaid_Card,770,17,1,186.8,7,1,5.0,1
4426,Electronics,6753.0,37.1,Prepaid_Card,93,1,0,334.5,4,1,4.0,1
4427,Apparel,987.0,16.6,COD,33,7,0,157.5,10,0,2.0,1
4428,Apparel,624.0,33.6,Prepaid_UPI,103,1,0,658.2,3,0,4.0,0
4429,Apparel,627.0,29.3,Prepaid_Card,453,11,0,214.1,2,0,5.0,0
4430,Apparel,438.0,41.8,Prepaid_Card,653,17,3,250.5,3,1,5.0,0
4431,Apparel,1761.0,21.2,COD,780,20,2,440.4,5,0,5.0,0
4432,Beauty,684.0,0.0,Prepaid_Card,768,19,3,246.7,7,1,3.0,0
4433,Footwear,3828.0,21.0,COD,207,4,0,272.2,6,0,5.0,0
4434,Electronics,40814.0,23.3,Prepaid_Card,223,5,1,269.8,4,0,2.0,0
4435,Home,1598.0,29.8,COD,716,12,2,299.4,7,1,4.0,0
4436,Home,5758.0,0.0,Wallet,131,3,1,122.0,3,0,1.0,0
4437,Footwear,2341.0,17.3,COD,978,22,8,315.1,11,0,2.0,0
4438,Apparel,2054.0,35.0,Wallet,188,6,1,179.7,7,0,1.0,0
4439,Apparel,1272.0,20.4,Wallet,76,5,1,165.5,1,1,2.0,1
4440,Apparel,1082.0,17.4,Prepaid_Card,466,12,1,204.6,3,1,2.0,0
4441,Apparel,930.0,50.6,COD,219,7,1,100.7,3,0,,0
4442,Apparel,2027.0,5.9,COD,389,9,0,203.2,9,0,1.0,0
4443,Footwear,1405.0,40.5,Wallet,122,5,0,115.9,2,1,2.0,0
4444,Beauty,2095.0,37.3,Prepaid_Card,48,1,0,50.8,1,1,4.0,0
4445,Apparel,750.0,18.6,Prepaid_Card,485,13,1,374.8,7,1,5.0,0
4446,Electronics,29381.0,21.5,COD,250,7,0,202.5,1,1,5.0,0
4447,Electronics,20957.0,21.5,Prepaid_UPI,289,7,1,280.4,4,0,2.0,0
4448,Electronics,5782.0,24.7,COD,132,0,0,339.6,6,0,4.0,1
4449,Home,1270.0,13.1,COD,117,5,0,493.7,4,0,,0
4450,Apparel,907.0,15.6,COD,604,14,3,206.0,8,1,,1
4451,Footwear,3567.0,16.7,Prepaid_Card,733,18,3,243.1,5,0,2.0,1
4452,Beauty,1863.0,17.2,Prepaid_UPI,29,1,0,325.6,3,0,5.0,0
4453,Home,1879.0,17.3,Prepaid_UPI,324,8,1,80.8,5,1,3.0,0
4454,Home,3967.0,0.0,COD,12,3,1,189.0,8,0,3.0,1
4455,Electronics,5448.0,23.5,COD,93,1,0,237.3,5,0,3.0,1
4456,Electronics,32558.0,14.1,Prepaid_UPI,424,10,1,167.6,6,0,1.0,0
4457,Apparel,1828.0,0.0,Prepaid_Card,308,5,1,168.4,6,0,2.0,1
4458,Home,7180.0,16.7,COD,40,2,1,145.5,3,1,,0
4459,Apparel,1994.0,16.3,COD,154,4,0,948.1,1,0,4.0,0
4460,Footwear,1852.0,41.1,Prepaid_Card,89,1,0,236.9,5,0,,0
4461,Electronics,12349.0,13.9,Wallet,415,9,3,139.3,8,0,5.0,0
4462,Electronics,40471.0,32.0,Prepaid_UPI,1079,23,1,208.3,6,0,1.0,0
4463,Electronics,7595.0,42.7,COD,358,7,1,132.7,2,1,3.0,0
4464,Beauty,289.0,12.6,Prepaid_UPI,486,12,7,249.7,5,1,3.0,0
4465,Apparel,966.0,21.3,COD,20,1,0,281.3,7,0,1.0,1
4466,Apparel,1769.0,47.9,Prepaid_UPI,392,5,0,499.0,7,0,5.0,0
4467,Apparel,1650.0,25.4,COD,194,5,1,91.9,6,1,4.0,1
4468,Home,7900.0,27.6,COD,107,2,0,407.9,5,0,5.0,0
4469,Beauty,995.0,15.9,Prepaid_Card,25,0,0,245.3,3,0,1.0,0
4470,Apparel,897.0,32.3,COD,52,0,0,364.9,4,0,4.0,0
4471,Beauty,1039.0,21.4,COD,48,1,0,418.8,7,0,4.0,0
4472,Apparel,1808.0,0.0,Prepaid_Card,160,3,0,466.5,3,0,4.0,0
4473,Home,1950.0,16.7,Prepaid_UPI,21,3,1,113.2,3,0,1.0,0
4474,Apparel,2106.0,4.3,Prepaid_UPI,989,18,1,336.7,6,1,5.0,0
4475,Electronics,23650.0,23.7,COD,364,6,1,141.4,5,1,3.0,0
4476,Home,6330.0,8.2,COD,413,7,1,138.7,8,0,,0
4477,Electronics,37434.0,29.2,Prepaid_Card,64,2,0,304.8,7,1,1.0,1
4478,Apparel,1262.0,22.7,Prepaid_Card,197,7,1,313.4,3,0,5.0,0
4479,Footwear,3465.0,3.3,COD,144,4,0,352.5,8,0,,0
4480,Beauty,1007.0,14.6,Prepaid_UPI,101,0,0,179.1,5,1,4.0,0
4481,Electronics,36719.0,31.3,Wallet,191,3,1,284.3,6,1,3.0,0
4482,Home,6644.0,39.2,COD,747,15,1,298.4,4,0,3.0,0
4483,Footwear,2765.0,8.5,Prepaid_UPI,693,16,4,212.1,6,1,1.0,0
4484,Apparel,793.0,5.5,Prepaid_Card,1800,39,0,441.8,3,0,2.0,1
4485,Footwear,4381.0,51.3,COD,23,0,0,68.5,1,1,1.0,0
4486,Apparel,2105.0,21.9,Prepaid_Card,172,5,1,133.4,9,1,3.0,0
4487,Footwear,2979.0,23.4,COD,92,5,1,439.4,3,1,,1
4488,Apparel,2171.0,10.9,COD,357,8,0,304.1,3,1,,0
4489,Apparel,1305.0,25.2,Wallet,179,4,0,743.6,3,1,1.0,0
4490,Electronics,17646.0,47.7,Prepaid_Card,722,13,1,345.6,9,0,2.0,0
4491,Electronics,21370.0,25.8,COD,724,12,1,160.3,6,0,2.0,0
4492,Footwear,684.0,38.0,Prepaid_Card,318,3,0,418.3,6,0,4.0,0
4493,Beauty,1440.0,22.4,Wallet,71,1,0,463.0,7,0,1.0,0
4494,Apparel,1599.0,6.6,Prepaid_Card,17,0,0,291.4,6,0,4.0,1
4495,Apparel,597.0,11.8,Wallet,47,2,0,124.3,5,0,1.0,0
4496,Electronics,12395.0,5.2,Prepaid_UPI,728,16,3,286.8,5,0,2.0,0
4497,Electronics,32788.0,25.3,COD,365,10,1,190.6,8,0,2.0,0
4498,Electronics,35959.0,40.4,Prepaid_UPI,171,6,1,167.2,2,1,3.0,0
4499,Footwear,4443.0,24.4,Prepaid_UPI,303,6,1,268.1,3,0,1.0,0
4500,Footwear,1513.0,17.4,Prepaid_UPI,170,2,1,72.1,6,0,2.0,0
4501,Apparel,1915.0,10.2,COD,259,2,0,225.6,5,1,2.0,1
4502,Electronics,8738.0,27.3,COD,114,5,0,161.8,4,1,2.0,0
4503,Home,1308.0,3.4,COD,179,2,0,125.8,10,1,3.0,1
4504,Electronics,33139.0,5.0,Prepaid_Card,110,0,0,199.4,2,0,1.0,0
4505,Apparel,1203.0,35.5,Prepaid_UPI,30,1,0,183.1,5,1,5.0,1
4506,Electronics,35974.0,17.8,Prepaid_UPI,1,0,0,416.9,5,0,3.0,0
4507,Electronics,13576.0,17.5,Prepaid_Card,249,6,1,235.3,4,1,5.0,0
4508,Apparel,784.0,19.5,COD,427,9,1,306.4,3,1,4.0,0
4509,Footwear,2695.0,32.9,COD,45,3,0,488.3,4,1,4.0,0
4510,Electronics,6251.0,24.5,Prepaid_UPI,295,8,1,162.9,8,0,,1
4511,Home,2446.0,10.9,Prepaid_Card,1181,28,7,242.6,4,0,5.0,0
4512,Electronics,8481.0,11.4,Prepaid_UPI,160,4,1,329.2,5,0,1.0,1
4513,Footwear,1780.0,19.1,COD,135,1,0,260.3,3,0,2.0,1
4514,Apparel,1778.0,26.5,COD,9,0,0,221.5,6,1,1.0,1
4515,Apparel,617.0,21.5,Wallet,258,5,1,208.0,7,1,5.0,0
4516,Apparel,1501.0,20.1,COD,148,7,2,295.3,4,1,,1
4517,Electronics,26813.0,22.7,COD,25,0,0,143.8,6,1,2.0,1
4518,Apparel,1369.0,21.5,Prepaid_Card,1140,26,0,139.4,4,0,4.0,0
4519,Footwear,2437.0,10.3,Prepaid_Card,586,16,3,539.4,5,0,2.0,0
4520,Apparel,1595.0,38.6,Wallet,193,5,1,67.2,5,1,3.0,0
4521,Apparel,1933.0,14.8,Wallet,333,6,2,149.9,5,1,3.0,0
4522,Electronics,8297.0,23.9,Prepaid_UPI,903,22,1,348.7,5,1,5.0,0
4523,Footwear,3757.0,0.0,COD,39,0,0,420.1,1,0,,0
4524,Footwear,746.0,18.8,Prepaid_Card,87,3,1,102.6,2,1,,0
4525,Footwear,2428.0,5.5,Prepaid_UPI,515,12,2,444.9,1,0,,0
4526,Home,4238.0,7.3,Prepaid_Card,158,3,0,1011.7,1,1,4.0,0
4527,Footwear,1290.0,58.3,Wallet,295,7,1,503.2,6,0,2.0,0
4528,Home,990.0,25.7,Prepaid_Card,261,9,0,227.9,4,1,3.0,0
4529,Apparel,535.0,40.4,COD,122,1,0,227.8,3,1,1.0,0
4530,Home,587.0,34.8,Prepaid_Card,56,4,1,277.6,8,1,,0
4531,Footwear,2794.0,36.7,Prepaid_UPI,297,5,1,132.2,7,0,5.0,0
4532,Apparel,680.0,19.0,COD,24,4,0,184.1,1,0,1.0,1
4533,Home,6527.0,46.1,COD,784,16,2,221.8,3,0,1.0,1
4534,Electronics,40574.0,34.7,Prepaid_UPI,44,0,0,370.4,2,0,1.0,1
4535,Electronics,14007.0,22.6,COD,119,6,0,355.2,5,0,4.0,0
4536,Apparel,696.0,25.9,COD,273,9,1,124.2,2,0,,1
4537,Home,3454.0,19.9,Prepaid_UPI,115,4,1,212.4,3,1,,0
4538,Footwear,4026.0,22.8,Prepaid_UPI,92,0,0,107.3,5,1,4.0,0
4539,Apparel,1120.0,21.3,Prepaid_Card,50,1,0,461.2,4,0,3.0,0
4540,Electronics,5945.0,27.7,Wallet,23,1,0,205.1,2,0,5.0,1
4541,Apparel,2172.0,48.1,Wallet,28,0,0,289.5,5,0,2.0,0
4542,Apparel,1299.0,3.9,Prepaid_Card,490,12,0,238.0,5,0,3.0,0
4543,Beauty,955.0,39.1,COD,149,2,0,348.3,5,0,2.0,0
4544,Electronics,40341.0,16.5,Prepaid_UPI,355,5,0,122.0,1,1,1.0,0
4545,Electronics,41820.0,41.0,COD,988,19,0,82.6,7,1,2.0,0
4546,Apparel,1294.0,17.0,Prepaid_UPI,750,20,2,93.8,3,1,2.0,0
4547,Beauty,871.0,28.2,Prepaid_Card,55,0,0,123.9,2,0,1.0,0
4548,Apparel,1269.0,19.6,COD,1108,24,1,110.2,5,1,4.0,0
4549,Footwear,1377.0,0.0,Prepaid_Card,359,6,0,154.0,6,1,1.0,0
4550,Apparel,1261.0,48.1,Prepaid_Card,1205,30,4,169.4,6,0,2.0,1
4551,Apparel,813.0,7.9,Wallet,687,13,3,69.1,7,0,2.0,0
4552,Home,5091.0,23.3,COD,478,8,1,238.6,3,1,,0
4553,Apparel,1768.0,6.2,Wallet,1553,34,7,302.8,1,1,4.0,0
4554,Home,7765.0,1.9,COD,715,16,2,114.3,4,0,,0
4555,Apparel,1917.0,18.9,Prepaid_UPI,85,3,0,252.3,1,0,3.0,0
4556,Footwear,845.0,13.1,Wallet,1066,22,2,133.8,3,1,3.0,0
4557,Footwear,1346.0,4.5,COD,711,19,3,435.9,4,0,,0
4558,Footwear,2627.0,21.5,COD,37,0,0,292.0,3,0,4.0,0
4559,Apparel,864.0,0.0,Prepaid_UPI,55,0,0,480.1,6,0,1.0,0
4560,Home,411.0,23.9,Prepaid_UPI,653,12,2,546.1,4,0,2.0,0
4561,Beauty,1924.0,20.1,COD,60,0,0,56.2,5,0,,1
4562,Apparel,1044.0,0.0,Prepaid_Card,337,5,0,237.4,5,1,4.0,0
4563,Apparel,519.0,14.2,Prepaid_UPI,25,2,1,458.5,1,1,1.0,0
4564,Footwear,2535.0,29.0,COD,7,0,0,399.4,6,0,5.0,0
4565,Apparel,2159.0,6.0,Prepaid_Card,515,11,1,150.1,3,1,4.0,0
4566,Home,5525.0,29.7,Prepaid_Card,243,3,0,176.6,5,0,1.0,0
4567,Footwear,1135.0,28.5,COD,208,2,0,229.2,6,1,5.0,0
4568,Apparel,1326.0,6.7,Prepaid_UPI,68,4,0,490.9,3,0,1.0,0
4569,Home,7243.0,21.8,COD,227,8,1,399.1,3,1,3.0,0
4570,Home,718.0,34.4,Wallet,72,4,1,524.2,5,0,4.0,0
4571,Apparel,1548.0,8.9,Prepaid_Card,987,19,1,440.1,3,1,2.0,1
4572,Footwear,3385.0,18.9,Prepaid_Card,49,0,0,238.2,8,0,5.0,0
4573,Apparel,1667.0,39.3,Prepaid_Card,296,11,1,673.6,5,0,4.0,1
4574,Electronics,7777.0,9.1,COD,380,8,0,99.3,2,1,3.0,0
4575,Footwear,4129.0,28.9,Prepaid_UPI,263,3,0,213.6,9,1,3.0,1
4576,Apparel,980.0,5.8,Prepaid_UPI,17,3,0,221.1,5,0,3.0,1
4577,Footwear,707.0,19.6,Prepaid_UPI,483,11,0,430.4,4,1,3.0,0
4578,Apparel,550.0,28.7,Prepaid_Card,11,1,0,181.0,8,1,2.0,0
4579,Electronics,21242.0,0.0,COD,926,16,1,601.6,5,1,,1
4580,Apparel,472.0,14.0,COD,197,4,0,332.9,4,0,,1
4581,Home,6303.0,28.4,Prepaid_UPI,362,10,2,196.6,1,0,4.0,0
4582,Footwear,3963.0,25.4,COD,189,3,0,121.6,1,1,1.0,0
4583,Footwear,553.0,14.2,Prepaid_Card,104,5,0,48.1,7,1,1.0,1
4584,Beauty,2054.0,5.4,Prepaid_Card,529,9,0,53.2,5,1,3.0,1
4585,Home,7855.0,31.4,Prepaid_Card,181,4,1,217.5,4,1,2.0,1
4586,Footwear,621.0,17.2,Prepaid_UPI,243,9,1,806.0,4,1,5.0,0
4587,Electronics,32954.0,30.2,Prepaid_Card,914,18,0,325.9,5,1,4.0,0
4588,Beauty,2498.0,27.7,Wallet,55,2,0,376.6,6,0,4.0,0
4589,Home,6438.0,15.3,COD,1471,34,6,146.1,3,0,,0
4590,Footwear,2521.0,38.1,Prepaid_Card,233,5,2,150.1,5,1,3.0,0
4591,Apparel,1993.0,13.1,COD,101,2,0,63.0,6,1,1.0,0
4592,Electronics,32207.0,39.9,Prepaid_UPI,559,11,0,444.3,3,1,,0
4593,Footwear,1670.0,41.8,Prepaid_Card,876,20,1,45.6,1,0,2.0,0
4594,Apparel,804.0,37.8,Prepaid_Card,79,2,0,263.5,3,0,4.0,0
4595,Apparel,1323.0,19.3,Prepaid_UPI,58,0,0,231.4,2,1,5.0,0
4596,Beauty,1027.0,60.2,Prepaid_Card,1242,30,3,241.2,7,1,5.0,0
4597,Electronics,15631.0,24.3,COD,140,1,0,493.2,2,1,,0
4598,Apparel,720.0,25.6,Prepaid_Card,479,8,3,253.6,2,0,4.0,1
4599,Electronics,38224.0,21.7,COD,567,11,2,141.2,3,1,5.0,0
4600,Electronics,32080.0,5.1,Prepaid_UPI,1,0,0,400.7,6,1,3.0,1
4601,Home,2851.0,41.4,Prepaid_UPI,545,12,1,433.9,6,0,1.0,0
4602,Beauty,709.0,13.4,Prepaid_UPI,57,0,0,149.9,3,0,5.0,0
4603,Beauty,451.0,35.8,Prepaid_UPI,270,7,1,131.8,4,1,3.0,0
4604,Home,1166.0,39.4,Prepaid_UPI,205,7,1,181.0,4,1,5.0,0
4605,Home,5116.0,31.0,Prepaid_Card,434,10,0,168.5,8,0,5.0,0
4606,Electronics,5966.0,11.6,COD,345,5,0,329.7,1,0,,0
4607,Footwear,4341.0,16.9,COD,1548,33,6,189.8,1,1,3.0,0
4608,Apparel,902.0,0.0,Wallet,284,7,1,268.5,10,1,5.0,0
4609,Apparel,446.0,20.3,Wallet,763,13,2,789.8,7,1,5.0,0
4610,Beauty,2160.0,34.0,Prepaid_UPI,155,1,0,217.9,1,0,5.0,0
4611,Footwear,1970.0,18.4,COD,284,3,0,174.3,11,1,3.0,0
4612,Apparel,1017.0,13.1,COD,84,2,0,510.9,6,1,3.0,1
4613,Home,1213.0,17.5,Prepaid_UPI,20,5,0,823.3,5,0,4.0,0
4614,Electronics,30126.0,40.2,COD,145,1,0,536.4,8,0,2.0,0
4615,Electronics,16915.0,21.2,Prepaid_Card,299,8,1,228.0,3,0,1.0,0
4616,Apparel,1881.0,49.9,COD,870,18,2,394.5,3,1,4.0,0
4617,Apparel,1535.0,13.4,COD,208,2,0,577.0,5,1,3.0,0
4618,Home,7075.0,25.3,Prepaid_UPI,28,4,1,171.3,6,0,1.0,0
4619,Electronics,28468.0,15.5,Wallet,28,5,1,274.7,5,0,5.0,0
4620,Electronics,35332.0,53.1,Prepaid_UPI,99,3,1,158.1,5,1,2.0,0
4621,Apparel,1654.0,24.7,Prepaid_Card,173,5,1,110.6,4,0,4.0,1
4622,Beauty,1237.0,53.9,Prepaid_Card,214,5,1,357.3,5,0,2.0,0
4623,Home,5603.0,15.7,Wallet,3,0,0,212.8,5,1,2.0,0
4624,Footwear,3154.0,44.9,Prepaid_Card,269,7,1,127.7,4,1,5.0,0
4625,Apparel,412.0,23.8,Prepaid_Card,1039,24,2,128.0,4,1,5.0,1
4626,Home,5680.0,34.5,Prepaid_UPI,467,14,0,426.7,3,1,3.0,0
4627,Footwear,1549.0,3.7,COD,181,3,0,358.0,1,1,3.0,1
4628,Electronics,24932.0,27.2,COD,173,4,0,370.8,8,0,4.0,1
4629,Apparel,600.0,6.0,Prepaid_UPI,137,3,1,171.3,6,1,1.0,0
4630,Apparel,441.0,25.9,Prepaid_Card,253,8,1,497.8,7,1,5.0,0
4631,Apparel,427.0,0.0,COD,58,6,2,449.1,2,1,,0
4632,Electronics,8129.0,20.6,COD,135,5,1,515.9,3,0,,1
4633,Electronics,2071.0,38.4,Wallet,1038,25,1,110.0,4,0,4.0,0
4634,Apparel,638.0,30.2,Prepaid_Card,302,9,2,317.8,5,0,4.0,0
4635,Home,4606.0,3.5,Prepaid_Card,25,3,0,317.0,3,0,4.0,0
4636,Apparel,1120.0,0.0,COD,4,5,0,157.8,8,0,,1
4637,Electronics,44157.0,29.5,Wallet,85,0,0,229.4,6,1,5.0,0
4638,Home,6527.0,45.7,Prepaid_UPI,111,4,0,292.8,5,1,3.0,1
4639,Apparel,664.0,7.5,Prepaid_Card,31,0,0,504.3,5,0,1.0,0
4640,Apparel,1150.0,53.5,COD,45,3,0,268.1,4,1,,0
4641,Apparel,1176.0,21.9,Prepaid_UPI,92,3,0,342.3,3,1,3.0,1
4642,Apparel,1052.0,0.0,Prepaid_UPI,34,0,0,86.3,1,0,3.0,0
4643,Electronics,22907.0,0.0,Prepaid_UPI,111,0,0,194.2,6,1,2.0,0
4644,Apparel,1606.0,33.5,Wallet,277,6,1,207.9,5,1,1.0,1
4645,Apparel,1554.0,23.9,Prepaid_Card,444,10,0,466.3,7,0,5.0,0
4646,Beauty,989.0,44.2,COD,113,2,1,93.2,6,1,4.0,0
4647,Beauty,1807.0,4.0,Prepaid_Card,303,5,1,472.7,4,1,3.0,0
4648,Apparel,921.0,23.8,Prepaid_UPI,325,5,0,108.5,5,0,3.0,0
4649,Apparel,1904.0,22.1,COD,87,2,0,163.2,3,1,2.0,0
4650,Electronics,43439.0,19.9,COD,646,13,0,307.0,2,1,5.0,1
4651,Footwear,1679.0,16.3,Prepaid_UPI,371,10,0,222.0,2,0,2.0,0
4652,Footwear,3639.0,16.6,Prepaid_Card,98,2,0,199.6,2,0,5.0,1
4653,Apparel,1864.0,24.6,Prepaid_UPI,513,8,0,186.6,4,0,1.0,1
4654,Apparel,1283.0,26.5,COD,541,12,1,291.7,6,1,,1
4655,Electronics,5043.0,25.8,COD,49,2,1,292.3,6,1,,0
4656,Footwear,3645.0,40.1,COD,20,4,1,173.8,1,1,2.0,0
4657,Footwear,2130.0,4.0,Prepaid_UPI,335,9,1,188.7,6,1,3.0,1
4658,Apparel,775.0,0.0,Prepaid_UPI,1204,25,3,229.3,5,1,1.0,1
4659,Home,5125.0,37.3,Prepaid_Card,516,14,2,258.4,6,1,2.0,0
4660,Apparel,1186.0,7.8,Prepaid_Card,691,13,2,42.0,6,0,5.0,1
4661,Home,974.0,16.3,COD,878,20,4,152.5,1,1,2.0,1
4662,Beauty,2462.0,12.8,Prepaid_UPI,28,2,0,167.7,5,1,1.0,1
4663,Electronics,11916.0,12.5,Wallet,181,7,2,222.8,8,0,1.0,0
4664,Apparel,1320.0,0.1,Prepaid_UPI,157,7,1,289.0,2,0,3.0,1
4665,Home,5438.0,13.5,COD,314,10,1,159.3,2,1,5.0,0
4666,Electronics,6241.0,31.7,Prepaid_Card,184,4,0,214.0,1,0,2.0,0
4667,Footwear,3458.0,21.9,COD,15,1,0,63.4,4,1,3.0,0
4668,Electronics,29595.0,29.6,COD,79,2,0,518.1,1,1,3.0,0
4669,Footwear,2475.0,14.6,COD,43,0,0,99.7,3,0,4.0,0
4670,Apparel,1351.0,35.5,COD,589,13,5,647.5,5,1,4.0,0
4671,Apparel,2119.0,14.4,COD,164,7,0,276.7,6,1,1.0,0
4672,Apparel,2040.0,0.0,Prepaid_UPI,179,5,1,395.8,1,1,1.0,0
4673,Apparel,602.0,26.7,COD,255,10,1,235.6,3,1,5.0,0
4674,Apparel,1064.0,33.5,Prepaid_UPI,382,6,1,294.4,4,0,2.0,0
4675,Home,4279.0,13.6,Wallet,572,12,0,292.4,4,1,3.0,0
4676,Apparel,2056.0,40.0,Prepaid_Card,176,5,0,418.1,6,1,5.0,1
4677,Apparel,1870.0,9.2,Prepaid_Card,765,18,2,316.5,6,0,5.0,0
4678,Apparel,1096.0,32.1,Prepaid_UPI,125,3,1,92.9,6,1,2.0,0
4679,Apparel,1995.0,48.2,COD,176,6,1,75.3,5,0,5.0,0
4680,Footwear,2013.0,22.6,Prepaid_Card,142,5,0,124.8,4,1,2.0,0
4681,Beauty,787.0,18.6,Prepaid_Card,11,0,0,237.8,3,0,4.0,0
4682,Apparel,1498.0,20.4,Prepaid_UPI,530,13,1,428.4,6,0,2.0,1
4683,Footwear,1924.0,46.4,Prepaid_UPI,265,8,1,158.3,3,0,2.0,0
4684,Footwear,2990.0,28.0,Prepaid_UPI,1,1,0,92.7,3,1,4.0,0
4685,Beauty,1113.0,54.2,Prepaid_UPI,1103,21,3,119.6,6,1,,0
4686,Electronics,36055.0,26.2,Prepaid_Card,194,4,1,671.0,6,1,5.0,0
4687,Apparel,2118.0,12.2,Prepaid_UPI,154,4,0,407.9,5,0,3.0,0
4688,Electronics,13040.0,13.2,Prepaid_UPI,99,0,0,118.3,6,0,2.0,0
4689,Footwear,2540.0,22.9,Prepaid_Card,399,11,3,196.4,4,0,3.0,1
4690,Footwear,3398.0,0.0,Wallet,409,11,1,254.2,4,1,5.0,0
4691,Electronics,8143.0,14.9,Prepaid_UPI,207,5,0,315.5,5,1,1.0,0
4692,Apparel,1833.0,15.2,Prepaid_Card,333,7,2,941.0,3,0,,1
4693,Footwear,2832.0,25.6,COD,170,4,0,238.3,6,1,4.0,0
4694,Footwear,1099.0,51.1,COD,64,1,0,142.5,4,1,5.0,1
4695,Electronics,39228.0,22.8,Prepaid_UPI,279,4,0,530.5,4,0,2.0,0
4696,Home,3586.0,0.0,COD,519,11,1,718.1,5,1,2.0,0
4697,Electronics,8936.0,8.3,Prepaid_Card,261,6,1,219.9,6,1,,0
4698,Electronics,9758.0,25.9,Prepaid_Card,120,6,1,327.0,1,1,1.0,0
4699,Electronics,35605.0,23.4,Prepaid_UPI,169,5,0,235.1,2,0,3.0,0
4700,Footwear,4243.0,46.4,Prepaid_UPI,292,9,1,331.5,7,0,4.0,0
4701,Beauty,1039.0,36.4,Prepaid_UPI,1936,40,9,384.0,6,1,3.0,0
4702,Electronics,4653.0,36.0,COD,15,0,0,290.3,4,0,,1
4703,Electronics,5616.0,18.7,COD,136,7,1,493.0,5,1,3.0,0
4704,Electronics,29866.0,38.5,Prepaid_UPI,121,1,0,286.9,6,0,,1
4705,Apparel,1067.0,8.6,COD,262,4,1,139.2,8,0,3.0,1
4706,Apparel,1167.0,36.5,Prepaid_Card,188,4,1,468.8,4,1,3.0,0
4707,Apparel,1007.0,17.8,Wallet,254,10,1,490.9,7,0,3.0,0
4708,Electronics,21591.0,0.3,Prepaid_Card,327,6,2,48.2,6,1,1.0,1
4709,Apparel,1558.0,30.9,Prepaid_Card,464,11,1,757.9,2,0,2.0,0
4710,Electronics,24902.0,43.0,Prepaid_UPI,670,16,3,130.1,3,1,3.0,1
4711,Footwear,1157.0,15.9,Prepaid_UPI,1264,24,3,220.6,7,0,5.0,0
4712,Apparel,1284.0,45.4,Prepaid_Card,189,4,0,193.7,8,0,5.0,0
4713,Home,3847.0,0.0,Prepaid_Card,18,0,0,151.3,4,1,,0
4714,Beauty,1432.0,4.0,COD,241,7,1,304.7,7,0,1.0,0
4715,Home,1152.0,19.8,Prepaid_Card,376,12,1,104.1,5,0,2.0,0
4716,Apparel,676.0,16.4,COD,29,0,0,264.4,4,0,2.0,0
4717,Electronics,24425.0,12.0,Prepaid_Card,29,0,0,400.7,5,1,3.0,0
4718,Home,2421.0,24.0,Prepaid_UPI,721,21,4,243.5,1,0,4.0,0
4719,Electronics,28752.0,14.1,COD,77,0,0,533.3,4,1,,0
4720,Apparel,1071.0,16.6,Prepaid_Card,242,3,1,102.1,3,0,3.0,0
4721,Electronics,10868.0,26.2,COD,45,4,1,190.6,7,0,,0
4722,Home,5354.0,12.0,COD,303,7,0,140.7,5,1,3.0,0
4723,Apparel,1109.0,20.4,COD,194,5,1,380.0,4,1,3.0,0
4724,Home,1514.0,12.3,COD,1033,27,9,252.9,7,1,1.0,1
4725,Apparel,1856.0,3.9,Wallet,328,4,0,198.7,1,0,5.0,0
4726,Electronics,20111.0,33.5,Wallet,498,11,1,407.2,2,1,3.0,0
4727,Footwear,4160.0,47.6,Prepaid_UPI,798,15,7,608.6,7,0,1.0,0
4728,Apparel,748.0,38.0,Prepaid_Card,58,2,0,326.5,6,0,4.0,1
4729,Home,7048.0,27.0,Prepaid_UPI,198,3,0,445.7,1,0,,1
4730,Electronics,36937.0,12.4,Prepaid_UPI,1094,22,1,41.4,5,1,3.0,0
4731,Apparel,587.0,17.7,Prepaid_Card,454,12,0,334.2,2,0,2.0,0
4732,Beauty,1399.0,37.9,COD,325,7,2,858.1,4,1,,1
4733,Electronics,29831.0,0.0,Prepaid_UPI,311,4,1,332.4,6,0,4.0,0
4734,Apparel,1292.0,16.6,Wallet,709,13,5,340.2,4,0,1.0,1
4735,Beauty,1067.0,33.0,COD,107,3,0,303.8,4,1,3.0,1
4736,Footwear,4275.0,4.9,Prepaid_Card,366,5,1,226.4,3,1,4.0,0
4737,Home,5696.0,28.4,COD,593,14,3,203.8,7,1,1.0,0
4738,Apparel,2139.0,27.7,COD,158,6,2,239.3,6,0,1.0,0
4739,Apparel,1923.0,0.2,Prepaid_UPI,712,17,0,321.5,3,1,4.0,0
4740,Home,6592.0,23.3,COD,1292,27,3,127.8,5,0,2.0,1
4741,Apparel,1706.0,12.7,Wallet,266,6,0,237.8,4,0,2.0,0
4742,Apparel,1563.0,28.2,Prepaid_UPI,71,0,0,439.9,3,1,3.0,0
4743,Footwear,4047.0,32.0,COD,337,8,1,240.0,5,1,5.0,0
4744,Apparel,1504.0,28.0,Prepaid_UPI,146,3,0,200.0,8,1,,0
4745,Apparel,536.0,23.1,Prepaid_UPI,355,6,1,320.1,3,1,1.0,0
4746,Apparel,1449.0,26.3,Prepaid_Card,535,13,4,79.6,6,1,1.0,0
4747,Electronics,5704.0,4.4,Prepaid_Card,1953,39,8,225.0,6,0,3.0,0
4748,Home,7610.0,21.5,Prepaid_UPI,40,0,0,121.0,6,1,3.0,0
4749,Footwear,3087.0,10.1,Prepaid_Card,703,13,3,280.9,7,1,2.0,1
4750,Apparel,1400.0,37.5,COD,347,7,1,181.5,4,1,3.0,1
4751,Apparel,756.0,32.2,COD,779,20,2,325.3,6,0,4.0,1
4752,Electronics,23791.0,32.2,COD,392,10,2,228.1,5,1,2.0,1
4753,Electronics,16203.0,47.7,Prepaid_UPI,442,10,1,351.5,2,1,1.0,0
4754,Electronics,30782.0,17.1,COD,177,4,0,264.1,2,1,3.0,0
4755,Beauty,1570.0,13.8,Prepaid_Card,561,12,0,114.9,7,0,2.0,0
4756,Home,4145.0,16.7,Prepaid_Card,569,15,2,122.8,3,0,4.0,0
4757,Electronics,12270.0,0.0,Prepaid_UPI,173,0,0,97.2,4,1,5.0,0
4758,Beauty,1385.0,0.0,Prepaid_Card,470,12,1,298.6,6,1,5.0,0
4759,Apparel,1231.0,31.3,Wallet,415,8,2,195.1,4,1,5.0,0
4760,Beauty,2150.0,1.1,Wallet,419,10,3,201.7,6,0,5.0,0
4761,Electronics,40372.0,5.9,COD,254,7,1,409.6,4,1,1.0,0
4762,Electronics,34455.0,20.5,Prepaid_UPI,33,2,0,450.3,2,1,4.0,0
4763,Beauty,901.0,15.8,COD,108,6,2,266.2,7,1,2.0,1
4764,Electronics,2868.0,35.3,Prepaid_UPI,1434,29,10,114.4,3,1,2.0,0
4765,Electronics,41730.0,22.9,Prepaid_Card,258,8,2,270.7,7,0,5.0,0
4766,Apparel,2186.0,10.0,COD,1132,25,5,483.0,6,0,5.0,0
4767,Home,1278.0,36.6,COD,265,5,0,153.1,3,0,5.0,0
4768,Home,5579.0,32.9,Prepaid_Card,362,12,4,412.9,6,0,2.0,1
4769,Apparel,1165.0,0.8,Prepaid_UPI,190,6,0,457.9,3,0,1.0,0
4770,Home,1444.0,25.8,Prepaid_UPI,307,6,1,500.9,3,0,1.0,0
4771,Home,7985.0,11.3,COD,897,22,1,283.8,5,0,,0
4772,Electronics,42075.0,10.9,COD,434,10,1,323.9,6,0,2.0,0
4773,Apparel,2169.0,50.0,Prepaid_Card,466,9,4,161.3,5,1,5.0,0
4774,Electronics,7503.0,23.9,Prepaid_Card,573,12,2,173.9,3,1,1.0,0
4775,Apparel,1285.0,18.7,COD,65,2,0,227.1,2,0,2.0,0
4776,Apparel,2012.0,23.3,COD,11,0,0,50.1,4,0,2.0,1
4777,Electronics,30772.0,35.1,Prepaid_UPI,358,8,1,99.4,2,0,1.0,0
4778,Apparel,1182.0,11.5,Prepaid_Card,820,20,5,322.9,4,1,5.0,0
4779,Apparel,1330.0,14.0,Prepaid_UPI,123,3,1,470.1,4,0,2.0,0
4780,Home,597.0,31.9,Prepaid_Card,1639,40,4,175.8,6,1,1.0,0
4781,Apparel,1501.0,0.0,Prepaid_Card,144,3,1,87.7,6,0,2.0,0
4782,Beauty,2170.0,36.9,Prepaid_Card,32,3,0,296.1,7,1,1.0,0
4783,Beauty,157.0,0.0,COD,84,4,0,189.4,4,1,1.0,0
4784,Home,1532.0,18.3,COD,1015,26,6,213.9,4,1,1.0,0
4785,Beauty,1367.0,0.0,Wallet,92,6,0,220.3,5,0,3.0,0
4786,Footwear,2744.0,6.2,Prepaid_UPI,13,0,0,158.4,5,0,1.0,0
4787,Apparel,1018.0,41.5,Prepaid_UPI,87,2,0,131.0,5,1,2.0,0
4788,Footwear,612.0,37.7,COD,103,2,0,647.6,9,0,4.0,1
4789,Apparel,1738.0,39.3,COD,393,9,2,395.3,6,0,2.0,0
4790,Home,2171.0,0.3,COD,195,4,1,371.6,7,1,1.0,0
4791,Electronics,29432.0,6.2,Wallet,1037,22,0,25.3,2,1,5.0,1
4792,Apparel,1406.0,27.1,Prepaid_UPI,848,17,8,120.8,2,1,2.0,0
4793,Apparel,1176.0,32.7,Prepaid_Card,225,5,0,356.0,3,1,3.0,1
4794,Beauty,1537.0,10.0,Wallet,665,17,3,86.8,5,0,4.0,0
4795,Apparel,1651.0,13.3,COD,767,16,2,242.5,4,0,,1
4796,Apparel,1430.0,5.0,Prepaid_Card,258,5,0,248.2,5,1,2.0,0
4797,Apparel,1404.0,46.9,COD,22,0,0,181.2,8,0,,1
4798,Electronics,20300.0,14.9,COD,225,3,0,302.7,4,1,1.0,0
4799,Footwear,2220.0,22.5,Wallet,14,0,0,163.2,6,0,2.0,0
4800,Footwear,2464.0,23.3,Prepaid_UPI,1241,28,6,163.2,5,0,5.0,1
4801,Electronics,21001.0,38.6,COD,227,8,2,112.4,7,0,2.0,1
4802,Apparel,1190.0,7.7,COD,372,6,0,503.0,6,0,2.0,0
4803,Apparel,779.0,39.5,Prepaid_Card,719,16,0,125.5,4,0,5.0,0
4804,Electronics,32948.0,2.8,COD,542,14,0,173.6,7,0,5.0,0
4805,Footwear,1032.0,39.5,Prepaid_Card,3,0,0,229.3,6,1,2.0,0
4806,Footwear,4135.0,0.0,Prepaid_Card,325,10,2,190.2,6,0,5.0,0
4807,Electronics,28568.0,20.4,COD,186,3,0,505.9,5,1,,0
4808,Home,677.0,46.4,COD,1413,33,8,407.0,6,1,,1
4809,Electronics,30064.0,32.5,COD,548,12,2,223.4,4,1,,0
4810,Home,3084.0,28.3,Wallet,16,1,0,223.0,2,0,3.0,0
4811,Electronics,41924.0,6.3,COD,283,10,3,144.9,3,1,2.0,0
4812,Home,7508.0,11.0,Prepaid_Card,167,3,1,39.7,6,1,,0
4813,Electronics,38252.0,42.2,COD,341,10,1,84.6,6,1,,0
4814,Beauty,1484.0,29.1,Prepaid_UPI,41,1,0,495.4,3,1,2.0,1
4815,Electronics,41460.0,35.4,COD,187,3,0,325.5,8,1,5.0,0
4816,Apparel,1570.0,23.1,COD,206,4,0,164.9,2,0,,1
4817,Apparel,1975.0,17.8,Prepaid_UPI,749,16,3,299.4,5,1,2.0,0
4818,Electronics,8210.0,33.5,Prepaid_UPI,128,0,0,756.0,4,1,3.0,0
4819,Home,7262.0,25.9,COD,151,4,0,348.3,5,1,2.0,1
4820,Home,5394.0,19.5,COD,497,12,2,109.4,2,0,1.0,1
4821,Home,2635.0,0.8,Wallet,1046,25,2,207.7,1,1,4.0,0
4822,Apparel,2196.0,36.3,COD,214,8,1,306.9,3,0,4.0,0
4823,Home,5589.0,28.6,COD,453,12,2,466.5,6,1,4.0,0
4824,Home,7295.0,12.9,Prepaid_Card,119,1,0,242.3,5,0,3.0,0
4825,Electronics,1445.0,39.7,COD,168,3,1,211.9,2,0,,0
4826,Electronics,25392.0,25.7,Prepaid_Card,726,18,2,163.2,7,1,1.0,0
4827,Apparel,1683.0,26.0,Prepaid_UPI,275,7,1,91.4,5,1,5.0,0
4828,Electronics,1802.0,35.3,Prepaid_Card,109,2,0,367.9,6,1,4.0,0
4829,Footwear,3550.0,32.0,Prepaid_Card,187,2,0,206.2,4,0,2.0,1
4830,Beauty,1681.0,26.4,Prepaid_Card,478,10,3,89.5,1,0,3.0,1
4831,Home,2416.0,19.2,Prepaid_UPI,1,1,0,147.7,8,0,3.0,1
4832,Apparel,1640.0,51.8,COD,192,0,0,273.4,4,1,3.0,0
4833,Home,1308.0,11.0,COD,1126,20,3,246.0,7,1,2.0,1
4834,Footwear,3796.0,33.2,Prepaid_UPI,548,14,6,337.1,4,0,3.0,0
4835,Electronics,39141.0,20.7,COD,662,14,5,172.2,5,1,2.0,0
4836,Footwear,2442.0,28.8,COD,10,1,0,228.3,1,0,4.0,0
4837,Apparel,1313.0,40.5,COD,303,10,1,75.9,3,1,5.0,0
4838,Apparel,1124.0,17.3,Prepaid_UPI,834,17,0,156.5,8,1,1.0,1
4839,Apparel,1022.0,31.0,COD,460,7,0,411.3,6,1,1.0,0
4840,Apparel,1971.0,26.0,Prepaid_UPI,41,0,0,265.9,7,1,1.0,1
4841,Footwear,1719.0,12.4,Prepaid_UPI,895,19,0,193.4,6,0,3.0,1
4842,Electronics,18845.0,40.9,Prepaid_Card,354,8,2,360.4,5,1,1.0,0
4843,Apparel,940.0,32.7,COD,45,2,0,285.4,7,0,4.0,0
4844,Electronics,29964.0,15.5,Prepaid_UPI,1186,27,1,428.0,7,1,2.0,0
4845,Electronics,36863.0,38.6,COD,2500,56,17,105.8,5,0,5.0,0
4846,Apparel,696.0,9.5,Wallet,71,4,0,295.3,5,0,4.0,1
4847,Apparel,859.0,21.6,Prepaid_UPI,330,9,2,261.2,7,1,3.0,1
4848,Home,1102.0,15.6,COD,204,4,1,401.7,2,1,3.0,0
4849,Apparel,688.0,33.3,Prepaid_UPI,220,6,1,147.3,4,0,3.0,0
4850,Footwear,2128.0,14.8,Prepaid_Card,873,16,1,314.6,1,0,1.0,1
4851,Apparel,1797.0,33.4,Prepaid_Card,287,9,1,20.7,2,0,3.0,0
4852,Footwear,2666.0,30.9,Prepaid_Card,41,1,0,387.3,5,0,5.0,0
4853,Footwear,713.0,16.4,Prepaid_Card,423,7,1,335.6,6,1,1.0,0
4854,Apparel,1525.0,49.4,Prepaid_UPI,197,4,0,121.8,9,0,1.0,0
4855,Apparel,1832.0,10.8,Prepaid_UPI,404,11,2,228.5,4,1,2.0,0
4856,Beauty,1075.0,0.9,COD,178,2,0,107.6,4,1,2.0,0
4857,Electronics,11932.0,34.8,Prepaid_Card,1162,27,16,104.0,4,0,3.0,0
4858,Home,6182.0,0.0,Prepaid_UPI,268,8,0,261.4,5,1,5.0,0
4859,Apparel,443.0,44.4,Prepaid_UPI,104,2,0,376.5,8,0,3.0,0
4860,Apparel,1868.0,23.5,Prepaid_Card,723,14,1,361.3,5,0,2.0,0
4861,Electronics,36427.0,0.6,COD,317,7,1,294.1,2,0,4.0,0
4862,Footwear,4052.0,7.8,Prepaid_UPI,324,4,1,80.2,5,0,2.0,0
4863,Apparel,561.0,0.0,COD,604,12,4,319.7,5,0,4.0,1
4864,Footwear,931.0,27.7,COD,157,1,0,308.6,4,0,1.0,1
4865,Home,7020.0,2.1,Prepaid_Card,531,12,3,355.2,4,0,3.0,0
4866,Apparel,1255.0,29.5,COD,115,0,0,139.0,9,0,1.0,0
4867,Apparel,1106.0,17.4,COD,294,7,1,171.0,3,0,5.0,1
4868,Apparel,1432.0,14.9,COD,42,3,0,681.4,1,0,1.0,0
4869,Electronics,3766.0,29.6,Prepaid_UPI,58,4,1,26.7,3,0,2.0,0
4870,Home,5257.0,31.4,Wallet,541,10,1,104.0,3,0,5.0,0
4871,Electronics,42595.0,39.2,Prepaid_Card,572,11,5,274.2,2,1,2.0,0
4872,Apparel,1616.0,12.5,COD,693,17,2,134.4,4,0,,0
4873,Home,3877.0,21.6,Prepaid_UPI,19,2,0,209.2,8,0,3.0,0
4874,Home,7699.0,12.5,COD,33,0,0,226.7,2,1,,0
4875,Electronics,31357.0,24.4,Wallet,354,7,0,315.4,1,1,1.0,0
4876,Home,739.0,10.3,Prepaid_Card,472,11,2,248.0,6,0,4.0,0
4877,Apparel,1606.0,15.6,COD,17,0,0,52.2,4,1,4.0,0
4878,Home,760.0,15.7,Prepaid_Card,357,9,5,144.6,4,1,2.0,0
4879,Electronics,14657.0,26.4,COD,1566,37,8,197.7,7,1,3.0,0
4880,Electronics,28167.0,22.0,Prepaid_UPI,1239,27,2,383.9,3,1,2.0,0
4881,Apparel,788.0,29.6,COD,229,2,0,172.1,1,0,,0
4882,Home,594.0,20.4,Prepaid_UPI,232,8,1,237.3,6,0,5.0,0
4883,Home,5058.0,13.3,Prepaid_UPI,247,6,1,269.5,4,0,4.0,0
4884,Electronics,13721.0,24.9,Prepaid_UPI,178,5,0,262.6,4,0,2.0,0
4885,Footwear,2632.0,8.2,Prepaid_UPI,15,0,0,240.4,1,1,5.0,0
4886,Footwear,1545.0,30.5,COD,91,0,0,122.8,2,1,5.0,1
4887,Apparel,1636.0,17.7,Prepaid_Card,69,2,0,172.2,4,1,1.0,1
4888,Home,7197.0,25.1,Prepaid_UPI,1077,26,7,369.5,2,1,2.0,0
4889,Electronics,4992.0,25.3,COD,240,3,1,410.8,7,0,5.0,0
4890,Beauty,1998.0,46.0,COD,419,9,3,440.1,4,1,5.0,1
4891,Apparel,681.0,27.7,COD,489,8,0,156.0,4,0,,0
4892,Apparel,993.0,23.1,COD,66,0,0,186.5,7,0,2.0,0
4893,Electronics,16853.0,11.6,Prepaid_UPI,535,11,0,292.5,3,0,3.0,0
4894,Apparel,771.0,34.0,Prepaid_Card,61,2,0,589.1,5,0,2.0,0
4895,Home,879.0,17.9,Prepaid_UPI,220,1,0,797.6,5,0,1.0,1
4896,Electronics,34860.0,0.0,Wallet,99,5,1,155.8,6,1,3.0,0
4897,Apparel,1829.0,19.1,COD,188,4,0,141.9,5,0,3.0,1
4898,Electronics,44861.0,24.9,Prepaid_UPI,414,12,1,91.7,6,0,2.0,0
4899,Footwear,4238.0,9.7,COD,594,15,2,324.8,3,1,2.0,0
4900,Footwear,2239.0,20.2,COD,129,5,0,82.1,3,0,1.0,1
4901,Electronics,7042.0,20.9,COD,35,5,1,305.1,4,1,5.0,0
4902,Apparel,419.0,21.2,COD,730,15,0,309.9,6,0,2.0,0
4903,Apparel,1357.0,40.5,COD,12,1,0,538.3,5,0,4.0,1
4904,Footwear,3942.0,2.3,Prepaid_Card,24,0,0,139.1,6,1,3.0,0
4905,Home,2363.0,52.5,COD,341,7,0,51.6,3,1,,0
4906,Home,1832.0,21.5,COD,258,7,1,96.8,2,0,,0
4907,Footwear,2256.0,30.7,Prepaid_UPI,657,17,1,199.5,3,1,1.0,0
4908,Apparel,2008.0,23.9,COD,2,0,0,137.2,3,1,4.0,0
4909,Home,3778.0,0.0,Prepaid_UPI,158,1,0,174.0,2,1,3.0,0
4910,Apparel,1701.0,6.2,Wallet,331,8,1,366.3,4,0,2.0,0
4911,Apparel,1233.0,14.1,Prepaid_UPI,122,1,0,179.3,2,0,2.0,0
4912,Electronics,17536.0,36.9,Prepaid_Card,27,0,0,185.4,3,1,1.0,0
4913,Electronics,20512.0,1.2,Prepaid_Card,652,16,3,269.3,2,0,5.0,0
4914,Beauty,1956.0,9.2,Prepaid_Card,1828,42,6,156.1,2,1,4.0,0
4915,Electronics,34243.0,24.5,Wallet,361,10,0,307.8,2,1,4.0,0
4916,Footwear,2227.0,29.1,Wallet,362,7,2,375.3,2,1,5.0,0
4917,Footwear,1570.0,28.6,Prepaid_Card,334,9,1,141.8,6,1,1.0,0
4918,Home,1371.0,7.2,Prepaid_Card,194,4,1,515.3,4,0,3.0,0
4919,Beauty,153.0,0.0,Prepaid_UPI,692,15,4,85.9,5,1,3.0,0
4920,Electronics,6161.0,30.1,COD,1399,29,3,100.3,4,1,3.0,0
4921,Electronics,8412.0,43.5,Prepaid_Card,273,2,0,186.6,6,0,2.0,0
4922,Apparel,1642.0,16.8,Prepaid_Card,160,0,0,105.1,6,1,3.0,0
4923,Apparel,1872.0,4.8,Prepaid_UPI,154,4,0,269.2,6,0,5.0,0
4924,Footwear,3448.0,15.6,COD,64,0,0,760.4,4,1,1.0,1
4925,Electronics,32878.0,27.9,COD,109,0,0,188.0,4,0,5.0,1
4926,Electronics,44751.0,18.5,COD,96,1,0,180.6,2,1,2.0,0
4927,Apparel,2133.0,43.1,Prepaid_Card,519,12,1,100.4,3,0,1.0,1
4928,Electronics,12976.0,35.9,Wallet,198,5,1,855.6,6,1,3.0,0
4929,Home,1417.0,24.8,Prepaid_UPI,12,0,0,510.3,3,0,4.0,0
4930,Apparel,676.0,0.0,COD,80,2,0,406.4,4,0,5.0,0
4931,Footwear,4082.0,11.6,COD,218,4,1,212.0,6,0,4.0,0
4932,Home,1088.0,13.8,Prepaid_UPI,128,4,1,438.0,5,0,2.0,1
4933,Footwear,1861.0,10.8,Prepaid_UPI,7,0,0,327.6,5,1,1.0,1
4934,Apparel,1355.0,24.9,Prepaid_Card,627,14,2,156.8,4,1,1.0,0
4935,Home,5024.0,25.2,COD,34,3,0,842.5,6,0,,0
4936,Apparel,1472.0,0.0,COD,926,22,1,59.1,3,1,2.0,1
4937,Electronics,35645.0,34.1,Prepaid_UPI,317,7,0,198.0,5,1,3.0,0
4938,Footwear,2787.0,22.2,Prepaid_Card,73,1,0,146.0,4,0,5.0,0
4939,Home,6853.0,27.4,COD,1795,39,7,33.4,6,1,2.0,0
4940,Apparel,552.0,33.2,Wallet,418,5,1,30.6,6,1,5.0,0
4941,Footwear,3936.0,10.5,Prepaid_Card,905,22,1,58.5,5,1,2.0,0
4942,Apparel,1462.0,40.9,Wallet,978,20,0,590.8,7,0,,0
4943,Home,2017.0,19.9,Prepaid_Card,101,4,1,173.2,6,0,1.0,1
4944,Beauty,2448.0,44.7,Prepaid_Card,172,4,0,203.9,4,1,3.0,0
4945,Electronics,42360.0,8.6,Wallet,266,9,1,176.6,5,1,4.0,0
4946,Footwear,3883.0,43.6,Wallet,628,15,2,181.8,5,0,4.0,1
4947,Home,7319.0,8.4,Wallet,165,5,1,55.8,7,0,5.0,1
4948,Footwear,2029.0,60.2,Prepaid_UPI,444,9,0,292.1,1,1,5.0,0
4949,Home,2054.0,7.7,Prepaid_Card,135,0,0,315.4,7,1,3.0,0
4950,Home,1708.0,37.8,COD,20,1,0,161.7,1,1,3.0,0
4951,Apparel,1973.0,16.6,COD,17,0,0,376.2,5,1,1.0,1
4952,Footwear,3807.0,32.7,Wallet,170,3,0,597.3,5,1,4.0,1
4953,Apparel,2166.0,21.4,COD,209,2,0,62.4,4,0,1.0,0
4954,Beauty,2143.0,5.6,Prepaid_UPI,415,8,2,209.4,6,0,5.0,1
4955,Apparel,1538.0,0.0,Wallet,453,11,2,290.3,2,0,4.0,1
4956,Apparel,656.0,59.6,Wallet,54,2,0,67.9,3,0,2.0,0
4957,Footwear,1159.0,23.1,Wallet,200,4,0,515.3,2,1,2.0,1
4958,Apparel,1253.0,0.0,Prepaid_Card,164,4,1,351.5,3,1,2.0,0
4959,Electronics,34829.0,26.5,Prepaid_Card,19,0,0,355.3,7,0,3.0,0
4960,Home,1634.0,32.3,Wallet,51,6,1,516.3,7,1,4.0,0
4961,Apparel,2048.0,11.3,COD,1317,30,2,205.9,4,1,2.0,0
4962,Apparel,1631.0,11.4,COD,27,0,0,209.3,5,1,2.0,0
4963,Electronics,14879.0,21.7,Wallet,755,19,6,246.7,9,0,3.0,0
4964,Apparel,1994.0,40.0,Prepaid_UPI,863,22,8,306.5,4,1,2.0,0
4965,Apparel,1478.0,23.5,Prepaid_Card,2500,54,5,317.3,3,0,,0
4966,Apparel,1720.0,43.9,COD,16,0,0,126.0,7,0,2.0,0
4967,Electronics,18082.0,39.0,Prepaid_Card,129,0,0,98.0,3,0,5.0,0
4968,Apparel,1108.0,18.6,Wallet,109,1,0,333.9,2,0,5.0,0
4969,Apparel,423.0,0.0,Prepaid_Card,540,12,2,317.7,6,1,1.0,0
4970,Home,4442.0,18.6,COD,469,7,2,443.8,7,1,,0
4971,Home,6158.0,29.9,Prepaid_Card,318,6,0,396.7,3,1,2.0,0
4972,Apparel,2144.0,22.9,Prepaid_UPI,297,6,1,81.7,4,1,3.0,1
4973,Apparel,2006.0,31.5,Wallet,100,3,0,99.2,6,0,3.0,0
4974,Footwear,848.0,35.0,COD,956,22,2,137.3,3,0,3.0,0
4975,Home,7850.0,30.0,Prepaid_Card,459,11,0,267.0,7,0,3.0,0
4976,Electronics,7747.0,17.9,COD,26,4,0,492.9,8,1,4.0,0
4977,Electronics,3001.0,29.8,Prepaid_Card,63,4,1,266.9,2,1,4.0,0
4978,Apparel,1748.0,55.5,COD,203,5,1,225.0,2,1,5.0,1
4979,Footwear,4124.0,0.0,Prepaid_Card,1474,31,4,103.2,1,1,5.0,1
4980,Beauty,2382.0,29.3,Prepaid_Card,1513,32,6,218.5,3,1,2.0,0
4981,Beauty,2089.0,49.5,COD,89,0,0,351.3,2,1,,0
4982,Apparel,769.0,4.4,COD,1333,30,9,184.9,7,1,4.0,0
4983,Apparel,677.0,37.0,COD,107,3,0,167.4,2,0,2.0,0
4984,Apparel,506.0,39.0,COD,224,7,0,422.3,4,0,2.0,1
4985,Apparel,1448.0,0.0,Prepaid_UPI,717,16,2,309.5,5,0,4.0,0
4986,Electronics,22540.0,32.7,COD,272,8,0,395.5,3,1,4.0,0
4987,Home,1141.0,17.9,COD,130,5,1,141.6,5,0,,0
4988,Apparel,1237.0,21.1,Wallet,1789,38,1,574.9,6,1,4.0,0
4989,Beauty,1483.0,17.1,COD,267,5,0,162.3,11,0,4.0,0
4990,Apparel,1701.0,41.7,Prepaid_UPI,748,17,2,202.4,5,1,4.0,1
4991,Apparel,1146.0,20.3,Prepaid_Card,255,4,0,332.9,1,1,2.0,0
4992,Footwear,1773.0,15.1,Prepaid_UPI,260,5,2,163.3,6,1,2.0,0
4993,Home,5426.0,15.3,Prepaid_Card,169,4,1,283.8,5,1,3.0,1
4994,Electronics,31169.0,16.9,COD,245,5,1,289.6,6,1,5.0,1
4995,Home,2382.0,5.8,Prepaid_UPI,20,0,0,211.3,4,0,1.0,0
4996,Apparel,436.0,14.9,Prepaid_UPI,55,0,0,298.1,6,1,,0
4997,Apparel,2102.0,23.8,COD,211,6,1,180.9,4,1,5.0,1
4998,Electronics,34282.0,28.1,Prepaid_UPI,301,8,2,309.4,5,0,5.0,0
4999,Electronics,10008.0,40.1,Prepaid_Card,154,2,0,352.3,5,1,1.0,1
5000,Home,4656.0,25.6,Wallet,781,15,5,241.8,5,1,1.0,0
5001,Apparel,1471.0,14.9,Prepaid_UPI,1688,40,4,378.0,4,0,1.0,1
5002,Home,1270.0,6.8,COD,850,22,4,144.3,7,0,2.0,0
5003,Footwear,1267.0,26.4,Prepaid_UPI,55,2,0,246.5,8,1,1.0,0
5004,Apparel,2122.0,20.2,Wallet,140,2,0,620.1,9,0,1.0,0
5005,Apparel,1314.0,20.7,Prepaid_UPI,451,12,1,243.3,5,1,4.0,0
5006,Electronics,9585.0,25.9,COD,46,2,0,212.9,5,1,1.0,0
5007,Footwear,3690.0,29.8,Prepaid_UPI,210,4,0,114.3,5,0,3.0,0
5008,Home,3923.0,26.0,Prepaid_Card,114,4,0,151.6,3,1,3.0,0
5009,Home,5216.0,19.4,COD,1014,21,4,231.5,6,1,3.0,0
5010,Electronics,14231.0,10.0,Prepaid_UPI,15,0,0,426.0,4,0,5.0,0
5011,Apparel,504.0,12.8,Prepaid_Card,783,18,1,366.4,6,0,2.0,0
5012,Electronics,8425.0,34.7,Prepaid_UPI,252,6,1,507.0,2,0,4.0,0
5013,Apparel,2151.0,15.6,Prepaid_UPI,192,6,2,132.1,6,1,4.0,1
5014,Footwear,2994.0,1.8,COD,691,18,3,290.2,7,1,,0
5015,Apparel,1896.0,39.4,Wallet,43,0,0,243.8,3,0,3.0,1
5016,Apparel,439.0,7.9,Prepaid_Card,6,0,0,255.0,4,0,1.0,1
5017,Electronics,34727.0,22.5,Prepaid_Card,142,7,2,351.8,4,0,2.0,0
5018,Electronics,22441.0,29.4,COD,120,1,0,330.7,4,0,5.0,0
5019,Home,5423.0,22.0,COD,14,0,0,318.3,8,1,3.0,1
5020,Electronics,16889.0,0.0,Prepaid_UPI,240,1,0,331.0,5,1,2.0,0
5021,Beauty,1609.0,27.9,Prepaid_Card,213,5,1,59.9,2,0,5.0,0
5022,Footwear,642.0,41.9,Wallet,13,1,0,633.0,3,0,3.0,0
5023,Footwear,682.0,33.8,Wallet,130,4,0,250.5,1,0,5.0,0
5024,Home,6451.0,0.0,Prepaid_UPI,68,0,0,362.6,3,0,5.0,0
5025,Home,1258.0,53.9,COD,424,9,0,837.2,2,0,1.0,0
5026,Home,408.0,2.1,Prepaid_UPI,11,1,0,426.4,2,1,1.0,0
5027,Electronics,41166.0,5.8,COD,302,7,0,168.3,4,1,1.0,1
5028,Electronics,12830.0,33.7,Prepaid_UPI,191,2,0,224.2,2,1,2.0,0
5029,Home,4784.0,28.8,Prepaid_Card,442,10,5,428.0,4,1,,1
5030,Apparel,1910.0,23.2,Wallet,12,0,0,494.9,5,0,5.0,0
5031,Apparel,1743.0,13.5,COD,289,3,0,246.0,5,0,5.0,1
5032,Footwear,687.0,42.0,COD,131,4,1,78.4,5,1,1.0,0
5033,Apparel,1410.0,21.4,Wallet,876,20,3,139.6,1,1,4.0,0
5034,Electronics,24931.0,0.0,Prepaid_Card,98,3,0,182.9,3,0,2.0,0
5035,Home,2996.0,40.5,Prepaid_UPI,450,9,0,285.2,7,1,1.0,0
5036,Apparel,1756.0,25.3,Wallet,525,13,3,301.1,9,1,5.0,0
5037,Footwear,4356.0,38.7,Prepaid_Card,142,5,1,369.3,6,1,,1
5038,Apparel,665.0,30.6,Prepaid_Card,214,8,1,414.2,5,1,1.0,0
5039,Footwear,1081.0,57.9,Prepaid_Card,1455,34,1,36.0,3,1,3.0,0
5040,Footwear,3439.0,17.4,Prepaid_UPI,261,7,1,197.4,7,1,4.0,1
5041,Apparel,1218.0,22.2,Wallet,329,5,1,411.1,4,1,3.0,0
5042,Apparel,1831.0,32.8,COD,433,9,1,540.6,4,1,4.0,0
5043,Apparel,654.0,17.4,Prepaid_UPI,251,3,1,315.0,7,0,3.0,0
5044,Electronics,2946.0,34.0,COD,103,1,0,119.5,1,0,2.0,0
5045,Apparel,1656.0,0.0,Prepaid_Card,407,13,2,264.6,4,0,4.0,0
5046,Beauty,2488.0,20.9,Prepaid_UPI,906,18,2,457.3,1,0,1.0,0
5047,Apparel,571.0,20.5,Prepaid_UPI,442,5,1,93.2,6,0,,0
5048,Footwear,3957.0,19.9,Prepaid_Card,670,17,1,123.2,8,0,4.0,0
5049,Apparel,1094.0,8.8,COD,243,4,1,125.9,6,0,1.0,1
5050,Beauty,189.0,35.6,COD,969,23,2,17.6,9,1,2.0,1
5051,Apparel,1318.0,14.4,COD,44,0,0,329.6,5,0,2.0,0
5052,Electronics,13414.0,25.0,COD,435,9,1,148.0,8,1,4.0,1
5053,Home,5639.0,21.4,Prepaid_UPI,9,3,1,25.1,1,0,1.0,0
5054,Apparel,918.0,29.5,COD,159,1,0,459.6,5,0,5.0,0
5055,Footwear,2427.0,43.5,COD,455,10,0,236.1,2,1,3.0,1
5056,Apparel,761.0,24.9,Prepaid_UPI,899,21,1,638.8,5,1,,0
5057,Home,6676.0,34.6,COD,189,3,1,358.5,4,1,5.0,1
5058,Home,7426.0,24.2,COD,132,3,0,240.3,4,0,2.0,1
5059,Home,3406.0,14.4,Wallet,87,2,0,385.7,4,0,1.0,0
5060,Apparel,1208.0,19.9,COD,178,5,0,137.8,7,0,4.0,1
5061,Apparel,2169.0,17.7,COD,113,6,0,293.7,5,0,3.0,1
5062,Apparel,656.0,30.5,Prepaid_Card,148,9,0,290.4,5,0,3.0,0
5063,Apparel,1856.0,23.6,COD,554,13,1,224.7,5,0,2.0,0
5064,Apparel,1421.0,10.1,COD,457,10,2,102.7,6,0,3.0,1
5065,Beauty,2220.0,18.7,COD,67,2,0,283.9,4,1,,1
5066,Electronics,14008.0,0.0,COD,89,2,0,276.2,2,1,,0
5067,Home,2580.0,19.2,Prepaid_UPI,222,2,0,162.7,7,0,2.0,0
5068,Electronics,15471.0,22.0,Prepaid_Card,859,19,6,96.0,4,0,5.0,0
5069,Apparel,430.0,49.1,COD,250,8,1,148.3,5,0,3.0,1
5070,Electronics,8641.0,42.2,COD,247,3,1,565.5,6,1,4.0,0
5071,Apparel,2190.0,6.5,Wallet,889,18,2,170.9,2,0,2.0,1
5072,Electronics,12104.0,25.0,COD,107,1,0,282.6,3,1,3.0,0
5073,Electronics,2072.0,25.3,Prepaid_UPI,758,18,3,273.5,1,0,3.0,0
5074,Electronics,13400.0,18.5,COD,1569,40,1,220.1,4,1,2.0,0
5075,Beauty,1110.0,19.5,Wallet,1345,28,3,581.6,7,1,5.0,0
5076,Apparel,1386.0,16.7,COD,817,18,4,344.6,4,0,1.0,0
5077,Electronics,4203.0,50.1,COD,117,3,0,322.3,8,1,3.0,0
5078,Apparel,1823.0,15.8,Prepaid_Card,2190,48,15,243.5,5,0,4.0,0
5079,Electronics,37357.0,27.1,COD,506,11,1,170.0,3,1,1.0,1
5080,Home,1941.0,0.0,Prepaid_UPI,113,2,0,249.0,3,1,1.0,0
5081,Apparel,1837.0,34.4,Prepaid_Card,234,11,2,349.4,8,0,2.0,0
5082,Home,3083.0,39.8,Prepaid_UPI,96,4,1,390.9,6,1,1.0,0
5083,Electronics,19732.0,6.2,COD,1056,23,0,350.4,4,1,,0
5084,Apparel,2085.0,14.3,Prepaid_UPI,104,5,1,52.8,5,0,1.0,0
5085,Beauty,2246.0,28.8,COD,226,6,1,78.1,4,0,5.0,0
5086,Electronics,17630.0,22.3,Wallet,486,11,1,207.1,1,1,5.0,0
5087,Footwear,2452.0,29.0,Prepaid_UPI,535,12,1,77.0,5,0,4.0,0
5088,Electronics,13750.0,17.7,Prepaid_Card,788,17,3,133.1,2,1,3.0,0
5089,Beauty,1361.0,49.9,Prepaid_UPI,103,0,0,108.6,4,0,2.0,0
5090,Apparel,1627.0,12.0,Prepaid_Card,203,1,0,213.1,2,1,5.0,0
5091,Electronics,5259.0,62.4,Prepaid_Card,227,6,0,245.1,4,0,2.0,1
5092,Footwear,4179.0,40.6,COD,744,16,5,100.2,2,1,1.0,1
5093,Electronics,32687.0,34.5,Prepaid_UPI,699,17,2,489.4,5,1,1.0,0
5094,Electronics,5438.0,6.4,COD,234,3,1,295.3,6,1,3.0,0
5095,Beauty,2192.0,35.6,COD,160,1,0,237.3,5,0,4.0,1
5096,Home,6026.0,31.1,Prepaid_UPI,494,13,2,377.8,1,1,4.0,0
5097,Home,2711.0,0.0,COD,1452,32,2,233.6,1,0,2.0,0
5098,Home,4315.0,0.9,Prepaid_UPI,664,16,2,307.1,2,1,5.0,0
5099,Footwear,3941.0,27.4,COD,146,3,0,173.6,7,1,2.0,0
5100,Footwear,4373.0,20.0,Prepaid_Card,218,9,1,139.7,9,0,3.0,0
5101,Home,2464.0,14.3,Prepaid_UPI,270,8,0,110.9,3,1,1.0,0
5102,Apparel,1571.0,38.2,COD,250,6,1,252.5,2,1,1.0,0
5103,Apparel,1948.0,8.7,Prepaid_UPI,128,4,1,288.3,8,0,5.0,0
5104,Home,7909.0,15.2,Prepaid_Card,114,2,0,695.3,4,0,4.0,0
5105,Footwear,783.0,12.3,Prepaid_UPI,757,14,2,51.1,4,1,4.0,0
5106,Electronics,23259.0,29.7,COD,608,14,1,234.9,5,1,2.0,0
5107,Apparel,1973.0,0.0,Prepaid_UPI,1509,37,6,383.8,3,0,4.0,1
5108,Apparel,406.0,14.5,Prepaid_Card,498,6,2,133.8,3,1,2.0,1
5109,Electronics,20351.0,0.0,Prepaid_Card,496,12,1,434.8,4,1,4.0,0
5110,Footwear,2837.0,17.3,COD,647,11,1,383.9,4,0,5.0,1
5111,Apparel,1348.0,32.8,COD,1619,36,2,452.0,1,1,5.0,0
5112,Home,5942.0,33.1,Prepaid_Card,125,3,0,317.2,3,0,3.0,0
5113,Footwear,762.0,11.1,COD,117,4,0,141.3,4,0,2.0,0
5114,Beauty,1996.0,30.0,Prepaid_Card,11,1,0,242.1,3,1,3.0,0
5115,Apparel,910.0,19.2,Prepaid_Card,679,18,4,407.2,6,0,5.0,0
5116,Beauty,2087.0,42.4,Prepaid_Card,553,15,2,150.5,3,0,5.0,0
5117,Home,3530.0,20.1,COD,922,20,1,79.5,8,0,,1
5118,Footwear,672.0,0.0,COD,151,6,1,100.7,5,1,5.0,0
5119,Apparel,2135.0,35.4,Prepaid_Card,417,9,1,350.1,5,0,5.0,1
5120,Electronics,35388.0,15.1,Prepaid_UPI,723,15,5,158.6,3,0,4.0,1
5121,Home,2978.0,17.9,Wallet,23,0,0,293.2,4,0,3.0,0
5122,Apparel,886.0,27.0,Prepaid_Card,121,5,1,376.0,1,1,5.0,0
5123,Electronics,26997.0,0.6,Prepaid_UPI,617,13,2,182.8,5,0,2.0,0
5124,Home,7902.0,23.1,COD,233,0,0,118.4,9,0,3.0,1
5125,Home,2534.0,30.0,Wallet,634,15,6,127.2,6,1,2.0,1
5126,Apparel,2107.0,27.5,COD,617,13,1,644.7,1,0,5.0,0
5127,Electronics,15671.0,13.0,COD,281,6,3,133.3,5,1,,0
5128,Apparel,1667.0,36.9,COD,340,7,1,305.5,5,0,,0
5129,Beauty,1047.0,7.0,COD,261,5,0,56.1,8,1,,0
5130,Beauty,350.0,12.6,Prepaid_UPI,1697,43,3,394.9,3,0,5.0,0
5131,Apparel,2085.0,20.0,COD,112,6,0,294.6,10,0,4.0,0
5132,Apparel,695.0,26.4,COD,321,9,1,213.3,5,1,5.0,0
5133,Apparel,2100.0,17.1,COD,683,16,2,232.5,3,0,1.0,0
5134,Electronics,5725.0,40.4,Wallet,131,5,1,267.3,1,1,2.0,0
5135,Footwear,1568.0,26.4,Prepaid_UPI,255,6,0,83.4,4,0,3.0,0
5136,Electronics,41536.0,23.1,Wallet,22,2,0,331.0,5,1,5.0,0
5137,Apparel,1585.0,25.9,Prepaid_UPI,379,10,1,591.7,2,1,5.0,0
5138,Apparel,741.0,33.0,Wallet,462,11,1,17.9,6,0,3.0,1
5139,Apparel,1466.0,25.6,Prepaid_Card,438,12,0,148.9,6,1,3.0,0
5140,Footwear,1222.0,0.0,COD,69,1,0,234.9,5,0,4.0,0
5141,Home,7033.0,38.3,COD,96,2,0,478.6,3,0,4.0,0
5142,Home,684.0,23.8,COD,178,2,0,561.0,5,0,,0
5143,Apparel,1354.0,32.3,Prepaid_UPI,514,10,3,45.3,9,0,1.0,0
5144,Beauty,299.0,15.9,COD,557,7,2,372.7,2,0,5.0,0
5145,Electronics,31642.0,0.0,COD,405,10,3,534.2,1,1,1.0,0
5146,Footwear,4243.0,0.0,Prepaid_UPI,594,15,2,63.5,4,0,4.0,0
5147,Footwear,3824.0,7.8,COD,577,15,1,308.6,3,1,4.0,1
5148,Electronics,17482.0,29.8,COD,246,3,0,536.1,1,1,4.0,0
5149,Footwear,1448.0,41.5,COD,303,8,0,195.7,5,1,5.0,0
5150,Apparel,618.0,26.5,Prepaid_UPI,352,8,1,285.3,2,1,5.0,0
5151,Home,7027.0,6.2,COD,145,5,1,186.5,1,0,1.0,0
5152,Apparel,546.0,10.2,COD,12,0,0,309.5,6,0,5.0,0
5153,Electronics,28743.0,42.4,COD,40,0,0,421.4,8,1,3.0,1
5154,Apparel,1061.0,2.3,Prepaid_UPI,362,5,2,466.2,10,0,4.0,0
5155,Apparel,2192.0,53.5,COD,1329,28,5,155.7,1,1,,0
5156,Apparel,1316.0,50.1,COD,587,13,0,101.0,5,1,4.0,0
5157,Electronics,25237.0,54.0,Wallet,1749,39,4,308.4,1,1,5.0,0
5158,Home,7368.0,27.7,Prepaid_UPI,1036,20,7,351.2,5,0,2.0,0
5159,Electronics,43670.0,16.9,COD,456,9,2,94.1,4,1,,1
5160,Apparel,1451.0,27.3,COD,617,14,5,203.4,1,0,3.0,0
5161,Beauty,2021.0,35.6,COD,1,3,0,520.4,6,1,,1
5162,Beauty,1642.0,12.2,Prepaid_UPI,347,6,1,200.5,4,0,5.0,0
5163,Apparel,1169.0,5.5,COD,276,7,0,445.2,6,0,2.0,1
5164,Electronics,3710.0,17.7,Wallet,231,4,0,165.5,2,1,1.0,0
5165,Home,5827.0,10.4,Prepaid_UPI,608,13,3,445.0,9,0,3.0,0
5166,Footwear,3301.0,40.6,Prepaid_Card,150,2,1,237.9,5,1,5.0,0
5167,Electronics,6312.0,12.8,COD,257,4,0,209.7,5,0,,0
5168,Footwear,1420.0,23.4,Prepaid_UPI,281,5,0,246.9,8,0,4.0,0
5169,Apparel,1718.0,36.7,Prepaid_UPI,64,4,0,144.9,4,0,5.0,0
5170,Electronics,7757.0,41.2,Prepaid_UPI,130,1,0,95.6,3,1,2.0,0
5171,Home,5620.0,25.1,COD,250,4,0,195.8,7,0,1.0,1
5172,Home,5828.0,27.8,Prepaid_UPI,135,3,0,351.3,4,1,5.0,0
5173,Footwear,1913.0,6.7,Prepaid_UPI,244,5,1,68.2,7,0,4.0,0
5174,Apparel,865.0,37.3,Wallet,72,1,0,470.6,4,1,3.0,0
5175,Apparel,1071.0,41.0,Prepaid_Card,64,2,1,209.4,9,0,5.0,0
5176,Apparel,1047.0,0.0,Prepaid_Card,594,11,2,357.2,4,0,3.0,0
5177,Apparel,1493.0,48.4,Prepaid_Card,338,6,0,193.7,3,1,5.0,1
5178,Apparel,1739.0,11.5,Prepaid_UPI,67,3,1,336.3,5,1,3.0,0
5179,Electronics,38945.0,30.9,Wallet,279,6,2,348.7,3,1,2.0,0
5180,Electronics,2514.0,23.2,Prepaid_Card,356,9,3,515.6,3,1,1.0,0
5181,Home,5894.0,21.1,COD,169,6,0,69.5,7,1,2.0,0
5182,Electronics,14961.0,18.9,COD,20,2,0,227.4,2,1,4.0,1
5183,Apparel,1910.0,7.1,Prepaid_Card,36,0,0,421.8,7,1,1.0,1
5184,Home,883.0,29.9,Prepaid_UPI,33,1,0,232.5,8,0,3.0,0
5185,Apparel,1392.0,17.7,COD,1033,25,6,210.8,4,0,1.0,0
5186,Footwear,2695.0,2.4,COD,35,2,1,198.4,5,0,,0
5187,Apparel,988.0,6.5,Wallet,543,12,0,252.6,3,0,1.0,1
5188,Electronics,43699.0,2.6,Prepaid_Card,354,5,0,344.8,7,0,4.0,0
5189,Footwear,928.0,14.1,COD,1086,23,1,211.2,2,1,2.0,0
5190,Home,1350.0,29.3,COD,639,14,3,426.0,7,1,3.0,0
5191,Home,5261.0,11.3,COD,290,4,1,281.3,4,1,,1
5192,Home,4260.0,36.6,COD,465,12,1,220.0,3,1,5.0,1
5193,Apparel,876.0,20.2,Prepaid_UPI,33,0,0,253.0,3,0,5.0,0
5194,Home,2643.0,17.7,Prepaid_Card,266,2,0,419.4,6,1,5.0,0
5195,Footwear,1128.0,22.3,Prepaid_Card,39,0,0,158.9,2,0,5.0,0
5196,Beauty,2189.0,42.9,Prepaid_Card,511,11,0,200.3,6,0,3.0,1
5197,Electronics,26145.0,1.4,COD,41,1,0,167.0,5,0,5.0,1
5198,Electronics,11924.0,46.8,COD,248,8,1,202.6,4,1,,0
5199,Footwear,2074.0,36.4,COD,117,4,0,243.8,6,1,4.0,1
5200,Home,7281.0,21.7,COD,101,0,0,417.7,3,1,3.0,0
5201,Apparel,1996.0,39.7,Prepaid_UPI,63,0,0,344.5,4,0,2.0,0
5202,Apparel,524.0,17.2,COD,978,21,2,240.5,4,1,2.0,1
5203,Apparel,1577.0,26.3,Prepaid_UPI,913,21,0,234.9,2,1,3.0,0
5204,Electronics,7900.0,13.9,COD,422,11,1,313.3,4,0,3.0,0
5205,Apparel,780.0,36.5,COD,717,19,1,193.7,1,0,4.0,0
5206,Apparel,1956.0,11.4,COD,22,4,0,155.0,3,0,,0
5207,Apparel,2011.0,21.2,Prepaid_Card,261,5,2,315.3,1,1,,0
5208,Beauty,344.0,32.2,Prepaid_Card,95,4,0,158.3,2,1,3.0,0
5209,Apparel,1973.0,37.7,Prepaid_UPI,252,6,1,134.9,2,0,4.0,0
5210,Apparel,1711.0,9.7,COD,353,6,1,729.8,5,0,1.0,1
5211,Electronics,35176.0,33.3,Prepaid_Card,36,0,0,59.3,2,0,4.0,0
5212,Apparel,1825.0,7.3,Prepaid_UPI,41,1,0,50.1,2,0,2.0,0
5213,Beauty,1342.0,0.0,COD,182,1,0,229.5,4,1,,0
5214,Beauty,2375.0,10.8,COD,166,2,0,332.3,9,1,2.0,0
5215,Electronics,9976.0,34.5,COD,124,1,0,215.7,1,1,2.0,0
5216,Electronics,23317.0,21.8,COD,43,1,0,193.9,6,1,,0
5217,Electronics,15153.0,14.0,Prepaid_UPI,82,4,1,616.4,5,1,5.0,0
5218,Apparel,1880.0,22.8,COD,60,1,0,166.1,9,1,,0
5219,Apparel,549.0,22.3,Prepaid_Card,6,0,0,245.3,5,0,4.0,0
5220,Apparel,1181.0,31.3,Prepaid_UPI,90,0,0,204.5,5,0,1.0,1
5221,Apparel,1792.0,0.0,COD,1488,34,8,267.6,5,1,3.0,0
5222,Home,2705.0,20.5,Prepaid_Card,966,22,4,208.7,4,1,2.0,0
5223,Apparel,833.0,23.9,COD,109,1,0,305.8,6,0,1.0,0
5224,Apparel,873.0,1.5,Prepaid_Card,442,12,1,247.5,3,1,2.0,0
5225,Electronics,32455.0,1.3,COD,408,7,0,189.4,11,1,4.0,0
5226,Electronics,13761.0,16.5,COD,148,2,0,103.3,6,0,,0
5227,Apparel,1125.0,22.1,COD,1249,27,4,27.7,4,1,3.0,0
5228,Apparel,1382.0,22.2,Prepaid_UPI,1812,39,5,323.8,4,1,3.0,0
5229,Apparel,2093.0,13.7,Prepaid_UPI,71,3,0,136.0,4,1,2.0,0
5230,Apparel,1830.0,13.0,Prepaid_UPI,363,9,3,247.4,4,0,3.0,0
5231,Footwear,1241.0,16.1,COD,239,7,0,103.1,6,1,4.0,0
5232,Beauty,2225.0,26.5,Wallet,584,14,4,381.2,5,1,5.0,0
5233,Electronics,38201.0,40.7,COD,9,0,0,371.8,8,1,,0
5234,Electronics,33841.0,0.0,Prepaid_UPI,314,6,1,143.3,2,1,3.0,0
5235,Home,4280.0,31.3,Prepaid_UPI,125,4,0,344.0,4,0,2.0,0
5236,Home,838.0,20.3,Prepaid_Card,437,9,0,379.6,2,1,4.0,0
5237,Apparel,1681.0,29.9,Prepaid_Card,140,3,0,486.1,3,0,2.0,0
5238,Apparel,1333.0,39.8,Prepaid_UPI,644,15,1,108.5,3,0,4.0,0
5239,Electronics,14768.0,10.7,Prepaid_UPI,39,1,0,192.4,6,0,5.0,1
5240,Home,377.0,36.2,COD,152,4,0,229.4,3,1,,0
5241,Apparel,816.0,3.2,Prepaid_UPI,175,2,0,202.7,8,1,2.0,0
5242,Apparel,1490.0,23.9,COD,482,13,0,532.3,8,0,,1
5243,Apparel,602.0,18.4,Prepaid_Card,261,4,0,309.9,6,0,3.0,0
5244,Apparel,1580.0,22.7,Prepaid_Card,802,19,5,131.8,2,0,2.0,0
5245,Electronics,37102.0,7.2,Prepaid_UPI,539,11,3,615.4,8,0,5.0,0
5246,Home,2750.0,28.6,Prepaid_Card,796,20,3,330.1,4,0,1.0,0
5247,Electronics,4791.0,45.8,COD,1007,24,4,196.7,4,0,2.0,1
5248,Apparel,651.0,7.4,Prepaid_Card,46,1,0,79.5,6,0,3.0,0
5249,Apparel,1044.0,24.8,COD,185,7,2,210.8,3,1,4.0,1
5250,Footwear,3754.0,34.8,Prepaid_Card,595,13,2,470.0,7,1,2.0,0
5251,Electronics,28981.0,17.5,Prepaid_Card,27,2,0,242.3,6,1,,0
5252,Apparel,1962.0,42.4,Prepaid_UPI,184,3,0,202.4,11,1,2.0,0
5253,Apparel,2190.0,15.6,COD,321,8,4,310.2,5,1,5.0,1
5254,Footwear,1310.0,20.3,COD,88,0,0,220.5,4,0,,0
5255,Footwear,3279.0,7.1,Prepaid_Card,327,7,2,355.7,9,1,2.0,0
5256,Footwear,2366.0,23.9,COD,169,4,0,392.4,1,0,4.0,1
5257,Home,4100.0,22.0,COD,35,3,0,142.0,5,0,1.0,1
5258,Electronics,15460.0,31.5,COD,231,4,1,434.5,4,0,,0
5259,Electronics,16202.0,12.5,Prepaid_Card,605,20,1,141.8,7,0,1.0,0
5260,Apparel,1617.0,11.8,COD,46,0,0,52.2,11,0,1.0,0
5261,Home,5080.0,28.9,Prepaid_Card,81,2,0,264.8,3,0,4.0,0
5262,Home,2752.0,43.0,Prepaid_UPI,203,5,0,545.4,7,0,5.0,1
5263,Apparel,613.0,31.4,Prepaid_Card,233,6,1,257.4,8,0,4.0,0
5264,Footwear,2813.0,49.7,COD,162,3,0,80.4,7,1,2.0,0
5265,Electronics,33586.0,30.3,COD,599,14,5,275.9,5,1,3.0,0
5266,Apparel,1406.0,29.8,COD,191,3,1,363.9,6,1,1.0,0
5267,Electronics,1360.0,32.2,Prepaid_Card,1371,34,16,368.4,2,0,3.0,0
5268,Footwear,1629.0,44.3,Prepaid_UPI,1023,21,1,428.8,8,0,4.0,0
5269,Beauty,1980.0,40.6,COD,270,6,1,270.5,2,1,,0
5270,Electronics,33724.0,5.7,COD,189,3,1,394.4,2,1,,1
5271,Beauty,174.0,34.0,COD,338,6,1,132.2,4,1,3.0,0
5272,Footwear,2381.0,26.0,COD,346,5,0,351.4,3,1,4.0,1
5273,Footwear,2249.0,19.1,Wallet,156,5,0,188.0,5,0,,0
5274,Footwear,3109.0,0.0,COD,253,4,0,484.5,4,0,,0
5275,Electronics,6674.0,0.0,COD,1350,28,8,267.1,3,0,1.0,0
5276,Footwear,2986.0,16.5,COD,13,0,0,49.5,2,0,,0
5277,Home,7591.0,0.0,COD,558,13,2,200.3,7,0,1.0,0
5278,Home,3162.0,16.8,COD,52,1,0,397.0,6,0,1.0,0
5279,Apparel,1007.0,32.7,COD,634,14,1,254.0,2,1,2.0,1
5280,Footwear,613.0,13.3,COD,811,16,4,78.5,6,1,3.0,1
5281,Beauty,285.0,23.3,COD,569,14,0,124.3,4,0,4.0,0
5282,Apparel,2077.0,6.0,Prepaid_Card,230,4,1,668.8,1,0,2.0,0
5283,Beauty,2442.0,26.5,Prepaid_Card,402,9,1,302.5,2,1,4.0,0
5284,Electronics,1447.0,29.6,COD,99,2,1,274.4,7,1,4.0,0
5285,Apparel,2021.0,0.7,Prepaid_UPI,221,2,0,219.7,7,0,4.0,0
5286,Apparel,713.0,10.7,COD,557,16,3,299.0,6,0,3.0,0
5287,Footwear,2745.0,3.0,Wallet,1003,23,2,321.7,3,0,5.0,0
5288,Home,5522.0,29.6,Wallet,553,13,5,94.3,6,1,5.0,1
5289,Apparel,1046.0,24.5,Prepaid_Card,164,4,1,198.4,6,0,4.0,0
5290,Home,4373.0,21.3,COD,125,7,0,150.6,1,1,3.0,0
5291,Electronics,28686.0,20.1,Prepaid_UPI,759,19,11,99.8,6,1,3.0,0
5292,Electronics,9694.0,26.8,COD,7,1,0,57.4,5,1,3.0,0
5293,Footwear,4477.0,27.1,COD,578,11,3,704.5,10,1,,0
5294,Home,1870.0,14.6,Prepaid_Card,2220,48,2,884.9,9,0,3.0,0
5295,Footwear,541.0,12.5,Prepaid_Card,81,0,0,695.3,4,1,4.0,0
5296,Home,7571.0,21.1,Prepaid_UPI,148,3,0,397.1,5,1,1.0,0
5297,Beauty,1158.0,19.2,Prepaid_UPI,399,10,2,285.3,5,1,4.0,0
5298,Apparel,1118.0,52.9,Prepaid_UPI,154,5,0,179.9,3,1,3.0,0
5299,Apparel,896.0,16.2,Prepaid_UPI,46,2,1,201.1,2,0,5.0,1
5300,Apparel,446.0,26.3,Prepaid_Card,37,0,0,107.4,3,1,1.0,0
5301,Home,2337.0,29.0,Prepaid_Card,114,4,0,230.8,4,1,5.0,0
5302,Home,3328.0,43.0,Wallet,116,4,0,73.8,7,1,,0
5303,Footwear,2581.0,9.8,Wallet,97,0,0,266.8,5,0,2.0,0
5304,Electronics,21245.0,42.1,Prepaid_UPI,1,1,0,112.1,3,0,2.0,0
5305,Apparel,1982.0,19.8,Prepaid_UPI,434,14,1,412.4,3,0,1.0,0
5306,Home,7317.0,59.5,Prepaid_Card,203,4,0,190.1,5,0,1.0,0
5307,Beauty,895.0,27.4,COD,132,0,0,474.2,4,1,1.0,0
5308,Apparel,2127.0,3.6,Prepaid_UPI,36,0,0,477.8,2,0,4.0,0
5309,Apparel,1957.0,19.0,COD,386,5,2,341.2,2,0,,1
5310,Apparel,2070.0,42.0,COD,121,1,0,520.6,8,0,2.0,0
5311,Electronics,32137.0,23.2,COD,176,1,0,258.5,4,1,3.0,0
5312,Apparel,757.0,21.1,Prepaid_Card,761,19,6,457.8,7,0,4.0,0
5313,Electronics,9751.0,32.8,Prepaid_Card,157,5,2,302.0,1,0,4.0,0
5314,Home,7297.0,16.8,COD,31,1,0,475.6,7,1,4.0,0
5315,Electronics,23409.0,18.8,COD,236,8,1,279.8,6,0,5.0,0
5316,Electronics,40202.0,7.8,COD,221,4,1,445.4,6,0,3.0,0
5317,Apparel,1697.0,47.9,COD,120,3,1,428.4,1,1,3.0,0
5318,Beauty,649.0,3.7,COD,4,4,0,277.8,5,0,1.0,0
5319,Electronics,18052.0,24.5,Prepaid_UPI,276,7,1,146.8,3,1,4.0,0
5320,Electronics,43591.0,29.2,COD,960,22,6,447.9,2,1,,1
5321,Apparel,435.0,21.8,COD,88,0,0,277.8,1,0,4.0,0
5322,Home,5802.0,3.2,COD,8,0,0,462.8,2,0,2.0,0
5323,Footwear,4415.0,7.0,Prepaid_Card,506,9,2,182.1,2,0,4.0,0
5324,Apparel,587.0,29.8,Prepaid_UPI,116,6,1,74.4,6,0,2.0,0
5325,Apparel,890.0,10.3,COD,254,3,0,63.8,3,0,1.0,0
5326,Apparel,1385.0,0.0,COD,819,20,6,144.3,4,1,4.0,1
5327,Home,6797.0,27.8,Prepaid_UPI,281,7,0,456.8,7,0,3.0,0
5328,Beauty,1340.0,8.9,COD,290,3,1,195.6,5,1,,1
5329,Electronics,3810.0,31.5,Prepaid_UPI,143,5,0,333.1,3,0,4.0,1
5330,Electronics,6771.0,19.0,Wallet,133,2,0,325.3,5,1,5.0,0
5331,Footwear,2004.0,18.3,Prepaid_Card,193,2,0,51.1,3,1,4.0,0
5332,Footwear,1790.0,22.8,Wallet,219,6,1,348.2,1,0,4.0,0
5333,Apparel,795.0,4.9,COD,133,1,0,340.6,5,1,5.0,0
5334,Apparel,1912.0,9.6,COD,474,10,1,148.1,6,0,1.0,0
5335,Electronics,2377.0,18.1,COD,546,11,0,300.9,4,1,3.0,1
5336,Footwear,3817.0,4.8,COD,28,0,0,519.7,4,0,4.0,0
5337,Home,7397.0,32.7,COD,172,1,0,256.6,4,1,3.0,0
5338,Home,5152.0,17.4,Prepaid_Card,262,7,1,403.2,8,0,2.0,0
5339,Footwear,3001.0,0.3,Prepaid_Card,250,6,1,227.7,5,1,5.0,0
5340,Apparel,668.0,13.6,COD,731,17,5,686.8,4,1,2.0,0
5341,Electronics,26092.0,23.5,Prepaid_Card,165,3,1,132.3,7,1,3.0,1
5342,Apparel,1075.0,15.3,COD,607,14,1,280.4,7,0,2.0,0
5343,Footwear,1416.0,28.0,COD,73,0,0,88.2,5,0,1.0,1
5344,Home,4792.0,30.6,COD,2224,48,1,321.3,7,1,,0
5345,Apparel,402.0,58.0,Prepaid_UPI,213,8,1,62.0,6,1,3.0,0
5346,Apparel,898.0,39.3,Prepaid_Card,1032,25,1,238.2,5,1,3.0,0
5347,Footwear,3124.0,0.0,Prepaid_UPI,904,19,2,569.4,7,1,5.0,0
5348,Footwear,2320.0,16.6,COD,62,0,0,401.5,2,0,,0
5349,Home,1421.0,18.0,Prepaid_Card,762,14,3,100.3,2,1,2.0,0
5350,Apparel,402.0,30.6,Wallet,539,11,1,491.7,6,0,4.0,0
5351,Beauty,786.0,8.0,COD,160,4,1,235.2,3,0,4.0,0
5352,Footwear,2696.0,14.0,COD,713,16,4,217.7,6,0,1.0,1
5353,Home,4416.0,3.3,COD,604,14,3,206.6,5,1,5.0,0
5354,Home,1309.0,13.0,COD,1788,40,1,196.1,9,1,3.0,1
5355,Beauty,1592.0,13.5,Prepaid_Card,9,0,0,126.2,2,1,5.0,0
5356,Beauty,2497.0,17.3,COD,627,17,3,189.6,7,1,3.0,0
5357,Home,4803.0,4.2,Prepaid_Card,63,1,0,230.4,3,1,1.0,0
5358,Electronics,24311.0,36.7,Wallet,6,1,0,55.5,5,1,,0
5359,Electronics,28471.0,29.1,COD,803,17,1,158.5,6,0,1.0,0
5360,Footwear,4019.0,0.3,COD,703,16,4,366.7,5,1,2.0,1
5361,Home,7584.0,22.4,Prepaid_UPI,343,12,0,230.1,6,1,1.0,0
5362,Apparel,474.0,0.0,Prepaid_Card,208,3,0,402.2,5,1,1.0,0
5363,Apparel,769.0,42.1,Prepaid_UPI,1510,31,9,80.7,4,1,2.0,0
5364,Beauty,422.0,46.2,COD,485,9,1,78.2,6,0,2.0,0
5365,Footwear,3589.0,21.2,Prepaid_Card,223,4,0,286.6,7,1,4.0,0
5366,Beauty,257.0,9.2,Wallet,820,17,5,143.8,4,0,3.0,1
5367,Electronics,40735.0,12.0,COD,522,10,2,153.8,3,0,5.0,1
5368,Footwear,582.0,15.2,Prepaid_UPI,869,19,5,189.0,5,1,1.0,1
5369,Footwear,2910.0,20.4,Prepaid_Card,269,9,2,160.7,5,1,2.0,0
5370,Apparel,896.0,42.6,Prepaid_UPI,51,1,0,202.3,1,1,5.0,0
5371,Apparel,1247.0,36.3,COD,732,16,3,314.2,5,1,5.0,0
5372,Beauty,1188.0,36.6,Prepaid_Card,1460,33,4,869.3,3,0,4.0,0
5373,Apparel,1748.0,24.6,COD,28,2,1,161.7,1,0,,1
5374,Home,4124.0,4.7,Wallet,19,3,1,458.5,5,0,1.0,0
5375,Home,3543.0,10.4,COD,430,10,3,42.7,2,0,5.0,1
5376,Home,5923.0,22.9,COD,72,2,0,217.2,7,0,2.0,1
5377,Apparel,2066.0,4.0,Prepaid_UPI,121,1,0,255.2,6,1,5.0,1
5378,Footwear,3676.0,26.6,COD,1117,26,2,158.3,5,0,1.0,0
5379,Apparel,1726.0,34.1,Prepaid_Card,99,1,0,205.1,8,1,5.0,0
5380,Footwear,2451.0,30.2,COD,116,1,0,236.3,7,1,5.0,0
5381,Apparel,2020.0,29.6,Prepaid_Card,328,8,1,126.5,3,0,3.0,0
5382,Home,4045.0,0.0,COD,393,12,1,296.9,7,1,2.0,0
5383,Footwear,4221.0,42.0,Prepaid_Card,755,18,2,279.7,3,1,1.0,0
5384,Apparel,1845.0,0.0,Prepaid_Card,8,0,0,223.2,7,0,5.0,0
5385,Apparel,670.0,19.7,COD,75,0,0,213.8,4,1,5.0,0
5386,Footwear,688.0,31.3,COD,2,3,1,368.8,2,0,5.0,0
5387,Apparel,1734.0,27.4,COD,1,0,0,341.9,5,0,5.0,0
5388,Apparel,1635.0,2.8,Prepaid_UPI,10,0,0,161.7,3,0,2.0,0
5389,Electronics,27571.0,5.5,COD,169,5,0,465.3,7,1,4.0,1
5390,Beauty,2444.0,26.3,COD,91,1,0,285.0,7,1,5.0,1
5391,Home,4500.0,29.7,COD,609,12,2,207.8,1,0,,0
5392,Electronics,16438.0,5.4,Prepaid_Card,243,4,1,467.5,4,1,2.0,0
5393,Beauty,1478.0,27.9,Prepaid_UPI,85,1,0,73.0,6,1,3.0,0
5394,Electronics,2444.0,0.0,Prepaid_Card,565,10,2,155.9,5,1,2.0,0
5395,Electronics,26572.0,31.4,Prepaid_UPI,715,13,2,482.1,5,0,4.0,0
5396,Electronics,40726.0,8.7,Prepaid_UPI,186,6,1,291.7,5,1,5.0,0
5397,Apparel,408.0,23.2,Prepaid_UPI,334,9,1,315.0,1,0,1.0,0
5398,Electronics,38224.0,20.7,Prepaid_UPI,626,12,1,231.6,8,1,3.0,0
5399,Home,6475.0,39.4,COD,532,14,1,141.0,6,0,2.0,1
5400,Apparel,591.0,25.6,Wallet,1678,38,2,225.1,3,1,4.0,0
5401,Home,6821.0,13.0,Prepaid_UPI,446,9,1,355.6,3,1,3.0,0
5402,Apparel,1774.0,27.4,Prepaid_Card,463,8,0,228.2,6,1,3.0,1
5403,Electronics,22708.0,54.1,COD,174,5,0,354.5,5,0,,1
5404,Apparel,841.0,33.1,COD,820,22,1,300.2,5,1,3.0,0
5405,Home,2518.0,21.1,Prepaid_Card,627,14,1,152.1,6,1,3.0,0
5406,Footwear,2949.0,9.5,COD,276,8,0,300.1,5,1,,0
5407,Electronics,11988.0,12.8,Prepaid_UPI,154,3,0,384.1,1,1,2.0,0
5408,Apparel,986.0,32.2,COD,331,9,1,123.3,4,1,1.0,1
5409,Apparel,2076.0,8.7,Prepaid_Card,317,7,1,194.0,6,0,1.0,0
5410,Footwear,3417.0,22.0,COD,43,0,0,214.5,6,0,,0
5411,Apparel,1725.0,43.6,COD,460,9,2,275.4,3,0,3.0,0
5412,Footwear,4324.0,24.3,COD,192,5,0,592.8,4,1,,0
5413,Electronics,1454.0,5.8,Prepaid_UPI,552,14,2,145.7,7,0,3.0,0
5414,Apparel,840.0,54.7,Prepaid_Card,1011,22,2,209.0,8,1,2.0,0
5415,Footwear,3132.0,48.4,Wallet,822,18,2,152.5,5,1,3.0,0
5416,Electronics,20396.0,29.5,Prepaid_UPI,35,0,0,73.2,6,1,4.0,0
5417,Apparel,603.0,41.1,Prepaid_UPI,106,5,0,335.5,5,0,5.0,0
5418,Beauty,1986.0,18.0,Prepaid_Card,291,9,0,576.2,6,0,1.0,0
5419,Apparel,485.0,32.9,Prepaid_UPI,124,1,0,354.5,4,1,4.0,0
5420,Electronics,25021.0,15.6,Wallet,12,0,0,131.8,3,1,4.0,0
5421,Electronics,25836.0,1.7,Prepaid_UPI,163,0,0,132.4,9,1,4.0,0
5422,Electronics,29055.0,60.9,COD,261,7,1,205.8,8,1,4.0,1
5423,Footwear,1763.0,0.9,Prepaid_Card,311,7,1,161.3,5,1,3.0,0
5424,Apparel,442.0,26.5,COD,805,16,0,140.9,5,1,1.0,1
5425,Beauty,2239.0,26.3,COD,228,6,0,400.7,5,1,,1
5426,Home,7455.0,29.7,Prepaid_UPI,109,0,0,413.8,5,1,,0
5427,Beauty,1283.0,20.7,Prepaid_UPI,625,15,1,190.4,5,1,1.0,0
5428,Footwear,583.0,20.8,COD,17,0,0,410.3,7,1,4.0,0
5429,Beauty,1515.0,24.1,COD,75,0,0,407.7,2,0,1.0,0
5430,Home,2733.0,29.2,Prepaid_UPI,751,16,0,125.5,3,1,4.0,0
5431,Electronics,9193.0,22.0,COD,33,0,0,229.8,7,1,,0
5432,Electronics,8600.0,21.0,COD,423,10,2,85.8,5,1,,0
5433,Home,1680.0,2.2,Prepaid_UPI,336,10,0,148.1,7,1,5.0,0
5434,Electronics,15691.0,52.2,Prepaid_UPI,1058,26,3,477.6,5,1,3.0,0
5435,Footwear,1622.0,30.0,Prepaid_Card,59,2,1,562.7,5,1,1.0,0
5436,Apparel,1906.0,25.1,Prepaid_Card,625,14,2,301.3,4,1,3.0,0
5437,Footwear,2481.0,12.6,COD,195,3,0,411.2,8,1,2.0,1
5438,Apparel,1170.0,6.9,COD,119,0,0,169.7,7,1,,1
5439,Beauty,493.0,34.9,Prepaid_UPI,687,15,2,166.1,2,0,4.0,0
5440,Apparel,1977.0,19.6,Prepaid_UPI,285,5,0,328.4,6,0,2.0,0
5441,Apparel,499.0,31.3,COD,36,3,1,209.2,7,0,3.0,1
5442,Footwear,1458.0,1.7,COD,264,5,0,55.9,5,0,2.0,0
5443,Footwear,2986.0,45.2,COD,451,12,3,202.7,6,1,1.0,1
5444,Footwear,3309.0,35.5,COD,1546,33,10,451.0,7,1,,1
5445,Beauty,2033.0,20.8,COD,58,0,0,229.3,4,0,,1
5446,Apparel,1139.0,29.0,COD,381,10,0,419.6,5,0,5.0,0
5447,Footwear,1887.0,33.1,Prepaid_UPI,364,9,3,70.6,4,1,4.0,0
5448,Electronics,13839.0,1.9,COD,131,4,0,241.3,6,1,,0
5449,Electronics,26083.0,47.2,Prepaid_UPI,679,15,1,189.5,3,0,4.0,0
5450,Electronics,16470.0,29.2,Prepaid_Card,144,5,1,99.6,6,1,3.0,0
5451,Apparel,991.0,11.4,Prepaid_UPI,75,3,0,232.7,8,0,2.0,1
5452,Home,430.0,5.6,Wallet,664,10,2,199.8,3,1,1.0,0
5453,Footwear,4293.0,36.8,COD,1225,27,5,520.5,8,1,2.0,1
5454,Apparel,509.0,25.2,COD,78,4,1,458.8,5,0,1.0,0
5455,Beauty,787.0,29.2,Prepaid_UPI,12,0,0,210.1,3,0,3.0,0
5456,Electronics,41558.0,22.4,COD,653,11,3,220.3,4,1,4.0,0
5457,Apparel,1724.0,7.0,COD,80,2,0,156.6,5,0,2.0,0
5458,Home,4752.0,29.6,COD,151,4,1,113.3,4,1,,0
5459,Apparel,1589.0,19.0,Prepaid_UPI,327,6,0,264.9,7,0,2.0,0
5460,Apparel,575.0,21.7,COD,534,14,3,63.8,4,0,3.0,1
5461,Home,6527.0,57.7,Prepaid_Card,207,8,1,181.2,5,1,4.0,0
5462,Apparel,850.0,35.0,Prepaid_Card,49,0,0,110.4,9,0,4.0,0
5463,Apparel,2121.0,35.9,Prepaid_Card,115,2,0,309.3,4,1,,0
5464,Footwear,1425.0,62.8,COD,581,8,2,379.5,4,1,5.0,1
5465,Apparel,1526.0,27.8,Prepaid_UPI,32,2,0,224.4,4,1,4.0,0
5466,Footwear,2681.0,23.8,Prepaid_UPI,353,6,0,198.9,7,1,,1
5467,Footwear,1072.0,11.8,Prepaid_Card,229,4,2,400.6,4,0,,0
5468,Apparel,1053.0,15.2,COD,279,8,1,158.2,5,1,1.0,1
5469,Electronics,35421.0,0.0,Prepaid_UPI,349,5,1,391.0,3,1,2.0,0
5470,Apparel,783.0,33.9,Prepaid_UPI,682,12,2,290.6,4,0,3.0,1
5471,Home,7714.0,3.0,COD,347,3,0,232.6,7,1,5.0,0
5472,Apparel,932.0,35.5,COD,578,15,2,507.4,1,0,1.0,0
5473,Beauty,1623.0,21.4,COD,9,2,0,395.4,1,0,4.0,0
5474,Apparel,1514.0,23.9,COD,420,9,1,96.3,4,1,3.0,0
5475,Home,3925.0,21.4,COD,185,2,1,184.7,4,1,,1
5476,Apparel,1580.0,42.8,COD,442,11,1,117.8,4,0,3.0,0
5477,Apparel,1738.0,40.1,COD,124,8,0,203.1,4,1,3.0,0
5478,Electronics,28312.0,21.6,Prepaid_UPI,489,10,1,434.2,5,1,3.0,1
5479,Home,4612.0,8.5,Prepaid_UPI,1016,20,2,360.7,4,0,3.0,0
5480,Beauty,1576.0,35.9,Prepaid_UPI,216,7,0,101.8,8,0,4.0,0
5481,Apparel,1124.0,7.4,Prepaid_Card,517,9,1,163.3,6,0,3.0,0
5482,Apparel,528.0,0.0,Prepaid_Card,64,1,0,189.9,4,0,2.0,0
5483,Electronics,8195.0,29.5,COD,352,3,0,287.2,7,0,2.0,0
5484,Electronics,27774.0,40.3,Prepaid_UPI,153,3,0,306.0,1,0,4.0,1
5485,Footwear,4209.0,15.9,COD,158,1,0,66.5,5,1,1.0,0
5486,Beauty,210.0,28.1,Prepaid_Card,54,4,1,450.8,7,0,4.0,0
5487,Footwear,2676.0,15.8,Wallet,581,11,1,196.8,3,1,1.0,0
5488,Apparel,854.0,32.8,Prepaid_UPI,325,9,2,414.6,6,0,2.0,0
5489,Electronics,25804.0,38.4,COD,942,21,4,98.6,3,1,5.0,0
5490,Footwear,3499.0,18.1,Prepaid_UPI,488,11,0,80.5,5,0,2.0,0
5491,Apparel,1724.0,6.6,COD,153,4,0,297.7,2,1,2.0,0
5492,Home,5882.0,0.1,COD,72,1,0,174.4,7,1,1.0,0
5493,Apparel,1802.0,35.9,COD,423,8,0,207.6,5,1,5.0,0
5494,Electronics,4380.0,5.0,COD,539,10,1,200.4,5,0,,1
5495,Footwear,2538.0,27.6,Prepaid_UPI,462,11,1,283.7,4,1,2.0,0
5496,Apparel,871.0,33.7,COD,520,8,2,270.5,7,0,4.0,1
5497,Beauty,2315.0,14.5,COD,300,10,2,331.6,5,1,,0
5498,Apparel,1809.0,19.5,Wallet,375,9,0,486.9,7,0,1.0,1
5499,Apparel,594.0,37.0,Prepaid_Card,25,0,0,671.5,3,1,1.0,1
5500,Apparel,838.0,9.9,COD,220,5,2,419.0,6,0,,0
5501,Apparel,1219.0,8.4,Prepaid_Card,410,8,0,369.2,8,1,3.0,0
5502,Electronics,43375.0,18.5,Prepaid_Card,33,0,0,233.6,8,0,4.0,0
5503,Apparel,597.0,41.2,Prepaid_Card,545,10,1,34.6,1,1,3.0,0
5504,Home,4673.0,46.2,Prepaid_Card,806,19,2,169.3,5,0,1.0,0
5505,Footwear,1865.0,20.5,Prepaid_UPI,209,4,0,301.5,1,1,,0
5506,Electronics,29510.0,11.3,COD,423,10,1,69.0,4,0,4.0,0
5507,Apparel,1568.0,38.0,Prepaid_Card,77,5,1,322.1,3,1,4.0,0
5508,Electronics,11738.0,0.0,COD,530,10,1,86.5,6,0,2.0,0
5509,Footwear,3643.0,25.7,Prepaid_UPI,371,8,1,159.6,4,1,2.0,0
5510,Home,1003.0,21.3,COD,195,1,0,195.6,3,1,3.0,0
5511,Apparel,1873.0,41.4,COD,139,4,0,133.2,6,0,1.0,0
5512,Electronics,10484.0,42.9,Wallet,72,2,0,161.1,2,0,1.0,0
5513,Electronics,27024.0,7.9,Prepaid_Card,13,0,0,315.1,3,1,4.0,0
5514,Electronics,16412.0,24.5,COD,340,7,0,343.8,4,1,,0
5515,Apparel,1498.0,13.4,COD,146,2,0,349.8,4,0,,0
5516,Beauty,778.0,17.6,COD,620,19,5,340.1,5,0,3.0,0
5517,Apparel,1424.0,31.3,Wallet,343,8,0,410.9,5,1,2.0,0
5518,Apparel,415.0,17.0,Prepaid_Card,6,1,0,400.6,3,1,5.0,1
5519,Apparel,1074.0,24.9,COD,245,3,0,444.9,5,0,3.0,0
5520,Home,6663.0,36.4,Prepaid_Card,570,14,2,306.4,5,0,3.0,0
5521,Electronics,21480.0,44.7,COD,129,3,0,422.2,5,0,3.0,1
5522,Apparel,1299.0,26.3,COD,229,6,1,552.7,1,0,2.0,1
5523,Electronics,28425.0,23.8,Prepaid_UPI,18,2,0,117.8,6,1,2.0,0
5524,Home,3643.0,5.4,COD,766,17,2,345.6,6,0,3.0,0
5525,Apparel,1961.0,45.8,Prepaid_UPI,195,3,0,96.2,6,0,,1
5526,Beauty,1098.0,29.4,Prepaid_UPI,108,0,0,284.9,5,1,1.0,0
5527,Apparel,2097.0,24.0,COD,542,11,2,150.9,7,1,1.0,1
5528,Apparel,1978.0,23.3,Prepaid_UPI,62,0,0,419.7,6,1,3.0,1
5529,Beauty,1140.0,27.4,Prepaid_UPI,105,0,0,328.4,4,1,2.0,0
5530,Footwear,1963.0,33.6,Prepaid_Card,35,4,1,361.5,4,0,2.0,0
5531,Electronics,30836.0,35.4,Prepaid_Card,1474,35,4,191.7,3,0,5.0,0
5532,Footwear,3521.0,46.2,COD,92,0,0,519.8,2,1,4.0,0
5533,Electronics,9341.0,25.6,COD,134,3,0,216.1,6,0,3.0,0
5534,Electronics,11758.0,48.3,Prepaid_UPI,667,13,3,143.9,4,1,5.0,0
5535,Footwear,1085.0,37.9,COD,497,12,0,188.8,6,0,1.0,0
5536,Footwear,3543.0,21.1,COD,914,19,2,138.0,9,1,4.0,0
5537,Apparel,1686.0,0.0,Prepaid_Card,390,8,1,176.4,7,0,5.0,0
5538,Home,1756.0,23.3,COD,292,8,1,213.3,2,1,,0
5539,Electronics,24715.0,45.4,Prepaid_UPI,179,6,1,483.3,3,0,5.0,1
5540,Apparel,1776.0,10.4,Prepaid_UPI,391,12,0,90.0,6,0,5.0,0
5541,Beauty,2376.0,23.2,Prepaid_UPI,20,0,0,170.3,5,1,4.0,0
5542,Home,1675.0,24.5,COD,24,0,0,346.6,7,1,2.0,0
5543,Home,2643.0,36.1,Prepaid_Card,70,3,0,255.6,4,1,3.0,0
5544,Home,2982.0,16.2,Prepaid_UPI,411,11,0,350.5,2,1,2.0,0
5545,Home,5112.0,9.0,COD,275,7,0,579.1,2,1,4.0,0
5546,Apparel,646.0,30.6,Prepaid_UPI,1546,33,3,236.1,7,1,1.0,0
5547,Beauty,605.0,10.8,Prepaid_Card,296,4,0,135.3,5,0,4.0,0
5548,Home,6309.0,0.0,COD,346,9,2,231.7,6,1,5.0,0
5549,Home,4474.0,49.6,COD,359,6,0,188.0,4,1,4.0,0
5550,Electronics,8225.0,35.9,Prepaid_Card,691,15,5,184.8,3,0,1.0,0
5551,Apparel,1099.0,50.3,COD,1510,39,2,137.7,6,1,1.0,0
5552,Apparel,642.0,35.1,Prepaid_UPI,231,9,4,442.2,2,0,5.0,0
5553,Electronics,17086.0,32.2,Prepaid_Card,6,2,0,87.7,6,0,2.0,0
5554,Apparel,1120.0,27.5,COD,676,14,1,394.4,8,0,4.0,0
5555,Home,1163.0,19.2,Prepaid_UPI,382,7,1,348.0,1,0,4.0,0
5556,Footwear,739.0,29.7,Prepaid_Card,748,18,1,70.4,2,1,5.0,0
5557,Apparel,1987.0,13.7,COD,553,15,1,290.3,4,1,1.0,0
5558,Electronics,40079.0,6.0,Wallet,206,4,1,105.4,3,0,3.0,0
5559,Home,320.0,17.0,Prepaid_UPI,512,10,1,229.3,4,1,3.0,0
5560,Apparel,1554.0,41.4,Prepaid_Card,103,2,0,225.9,9,0,2.0,1
5561,Beauty,370.0,3.5,Prepaid_UPI,1007,20,5,154.9,3,1,5.0,0
5562,Electronics,36684.0,3.8,Prepaid_Card,1321,27,5,220.5,4,1,3.0,0
5563,Apparel,1983.0,30.9,Prepaid_Card,93,0,0,491.5,2,1,5.0,0
5564,Apparel,1510.0,15.8,COD,1090,25,10,92.0,1,0,5.0,1
5565,Beauty,1591.0,29.3,COD,972,22,3,208.4,5,0,2.0,0
5566,Apparel,1069.0,36.8,Prepaid_Card,12,3,0,93.5,1,1,3.0,0
5567,Home,2221.0,28.9,Prepaid_Card,407,6,0,676.8,2,0,2.0,0
5568,Apparel,1299.0,12.5,Prepaid_UPI,655,12,0,159.9,5,1,,0
5569,Apparel,641.0,41.2,Prepaid_Card,818,19,4,149.9,6,0,1.0,0
5570,Footwear,3189.0,33.1,Prepaid_Card,1123,23,0,736.4,3,0,3.0,0
5571,Apparel,1246.0,22.4,Prepaid_UPI,1497,32,6,318.7,3,0,1.0,0
5572,Apparel,720.0,21.7,Wallet,193,6,1,410.2,1,1,1.0,0
5573,Electronics,26968.0,27.6,COD,306,6,0,50.2,6,1,,0
5574,Footwear,3681.0,17.3,Wallet,5,0,0,386.1,5,1,4.0,0
5575,Electronics,26989.0,0.0,Prepaid_UPI,34,0,0,171.4,5,0,2.0,1
5576,Apparel,1353.0,33.3,COD,101,2,0,346.2,2,0,4.0,0
5577,Beauty,2142.0,32.4,COD,273,7,2,365.3,6,1,5.0,1
5578,Home,383.0,0.0,COD,663,12,1,72.2,3,1,2.0,0
5579,Footwear,2967.0,29.7,Prepaid_UPI,28,0,0,97.6,6,1,5.0,0
5580,Footwear,2139.0,48.3,Prepaid_Card,442,12,1,116.1,3,1,,1
5581,Home,1790.0,5.1,Prepaid_Card,1536,38,10,367.9,5,1,4.0,0
5582,Electronics,44106.0,20.9,Prepaid_UPI,2015,42,11,99.7,3,1,4.0,0
5583,Electronics,18887.0,19.3,COD,685,16,1,73.7,7,0,1.0,0
5584,Home,2882.0,46.9,COD,142,3,0,126.2,2,1,2.0,1
5585,Home,1601.0,38.8,Prepaid_UPI,520,11,1,57.9,5,0,3.0,0
5586,Beauty,2495.0,8.8,Wallet,152,2,1,231.7,2,0,3.0,0
5587,Home,6892.0,27.1,Prepaid_UPI,341,9,2,156.6,4,0,4.0,0
5588,Apparel,526.0,56.5,COD,496,12,0,127.5,6,1,3.0,0
5589,Electronics,25980.0,12.6,COD,240,10,2,470.4,2,0,1.0,0
5590,Home,1435.0,21.8,COD,312,4,1,229.6,6,0,,1
5591,Electronics,32551.0,29.7,Prepaid_Card,937,17,1,262.3,6,1,1.0,0
5592,Footwear,2436.0,12.8,COD,589,17,3,218.8,1,1,,1
5593,Home,1150.0,48.4,Wallet,1138,25,4,301.3,6,0,4.0,0
5594,Apparel,1403.0,14.9,Prepaid_UPI,65,1,0,437.1,7,1,3.0,0
5595,Home,7312.0,1.2,COD,947,21,6,237.8,3,0,2.0,0
5596,Home,2927.0,14.1,COD,100,0,0,339.5,3,1,,0
5597,Beauty,269.0,31.8,COD,12,1,0,239.1,1,0,2.0,0
5598,Electronics,42600.0,10.0,Prepaid_Card,652,14,1,170.9,2,0,4.0,0
5599,Home,1392.0,26.5,Prepaid_UPI,150,5,0,293.1,7,0,2.0,0
5600,Electronics,22007.0,30.4,COD,81,4,0,524.7,4,0,3.0,0
5601,Electronics,25057.0,3.9,Prepaid_UPI,199,6,1,394.0,6,1,2.0,0
5602,Apparel,827.0,13.5,COD,132,3,1,95.7,3,1,1.0,1
5603,Footwear,1210.0,27.2,COD,1079,27,0,302.5,4,0,2.0,0
5604,Beauty,416.0,32.5,Wallet,53,2,0,127.5,7,0,3.0,1
5605,Home,839.0,13.9,COD,40,0,0,271.9,7,0,3.0,0
5606,Home,4213.0,24.3,COD,195,3,1,83.4,5,0,,0
5607,Apparel,1916.0,17.7,Prepaid_Card,120,1,0,259.7,4,0,5.0,0
5608,Home,1276.0,32.9,COD,172,5,0,141.2,3,0,5.0,1
5609,Electronics,31887.0,29.8,COD,65,0,0,244.3,6,0,,0
5610,Home,3477.0,16.4,COD,726,16,2,187.1,4,0,,0
5611,Apparel,463.0,29.2,COD,294,5,2,205.5,7,0,2.0,0
5612,Home,4427.0,15.8,Prepaid_Card,57,0,0,536.4,1,0,2.0,0
5613,Apparel,854.0,28.9,COD,519,9,1,271.9,4,1,2.0,0
5614,Home,4960.0,29.1,Prepaid_UPI,220,5,0,214.3,4,0,4.0,0
5615,Home,2990.0,57.6,Prepaid_UPI,575,14,0,469.3,6,1,1.0,0
5616,Apparel,1600.0,17.0,COD,114,1,0,401.1,2,0,3.0,0
5617,Electronics,41430.0,19.9,COD,339,3,0,148.1,4,0,5.0,0
5618,Footwear,1478.0,12.3,COD,12,7,1,517.1,7,1,2.0,0
5619,Home,7537.0,6.5,COD,2199,51,13,87.4,5,0,3.0,0
5620,Apparel,768.0,15.2,COD,441,12,0,141.2,5,1,2.0,1
5621,Electronics,4296.0,32.0,Prepaid_UPI,2056,49,2,284.8,3,1,4.0,0
5622,Apparel,747.0,33.1,COD,324,7,1,296.9,4,0,4.0,0
5623,Home,6575.0,26.4,Prepaid_Card,1,0,0,498.6,2,1,3.0,0
5624,Home,5517.0,17.6,Prepaid_UPI,699,18,3,217.3,7,1,4.0,1
5625,Apparel,2148.0,14.6,Prepaid_UPI,632,17,2,512.8,5,1,2.0,0
5626,Home,5766.0,8.2,COD,72,3,0,771.3,5,1,4.0,0
5627,Footwear,2151.0,13.6,COD,233,7,2,166.3,5,0,,0
5628,Footwear,4070.0,2.6,Wallet,334,5,1,235.0,7,0,2.0,0
5629,Apparel,2125.0,42.4,COD,759,16,7,144.3,9,0,3.0,0
5630,Apparel,1825.0,49.6,Prepaid_UPI,762,20,2,151.9,5,1,3.0,1
5631,Electronics,25581.0,0.0,Prepaid_UPI,200,6,0,252.9,5,1,3.0,1
5632,Apparel,1886.0,26.3,Prepaid_Card,21,0,0,183.6,5,1,1.0,0
5633,Electronics,9042.0,26.1,COD,233,4,0,151.8,8,0,3.0,0
5634,Apparel,2021.0,25.1,COD,223,8,0,172.7,6,0,,0
5635,Apparel,2199.0,13.1,Prepaid_Card,157,4,0,164.9,5,1,2.0,0
5636,Home,5422.0,37.3,Prepaid_Card,1129,25,1,273.6,6,0,2.0,0
5637,Apparel,753.0,28.2,Prepaid_UPI,1322,30,11,113.0,5,1,2.0,0
5638,Home,1412.0,37.5,Prepaid_UPI,581,13,8,367.8,1,1,2.0,0
5639,Apparel,2127.0,10.9,Wallet,4,0,0,394.8,7,0,4.0,0
5640,Home,7009.0,1.3,Wallet,1,0,0,34.9,3,0,2.0,0
5641,Electronics,33992.0,28.5,Prepaid_UPI,949,23,1,378.1,4,1,1.0,0
5642,Footwear,4296.0,7.6,COD,914,21,3,177.8,3,1,1.0,0
5643,Footwear,2514.0,37.8,COD,76,3,1,179.1,4,1,3.0,1
5644,Electronics,40083.0,0.0,Prepaid_Card,10,1,0,283.6,5,0,3.0,0
5645,Home,1554.0,15.0,Prepaid_Card,932,24,4,178.0,7,0,5.0,0
5646,Apparel,729.0,12.8,COD,987,23,4,262.4,4,0,3.0,1
5647,Home,4245.0,17.0,Prepaid_Card,272,8,1,257.9,8,1,3.0,0
5648,Apparel,999.0,25.9,COD,154,4,3,236.4,1,1,1.0,1
5649,Electronics,20144.0,27.9,COD,974,20,6,360.2,2,1,,0
5650,Apparel,1837.0,31.6,Prepaid_UPI,12,0,0,260.2,3,1,2.0,1
5651,Footwear,714.0,33.3,Prepaid_Card,473,12,2,104.1,6,0,1.0,0
5652,Electronics,32773.0,19.4,Prepaid_Card,186,5,1,330.9,2,1,5.0,0
5653,Home,979.0,53.6,Prepaid_Card,80,5,0,83.8,2,0,1.0,0
5654,Electronics,38321.0,42.8,Prepaid_Card,315,6,1,570.2,8,1,3.0,0
5655,Apparel,763.0,17.3,COD,47,1,0,135.5,4,1,2.0,0
5656,Apparel,1723.0,19.9,Prepaid_Card,142,3,1,138.1,8,1,3.0,0
5657,Beauty,1541.0,17.0,COD,748,20,5,533.6,7,1,3.0,1
5658,Footwear,2042.0,27.4,Prepaid_Card,654,15,2,216.2,6,0,3.0,1
5659,Apparel,882.0,7.4,COD,372,9,1,197.6,7,1,,0
5660,Footwear,730.0,10.2,Wallet,66,1,0,21.7,4,1,2.0,0
5661,Electronics,16678.0,0.0,Prepaid_UPI,431,9,2,189.2,2,0,1.0,0
5662,Apparel,761.0,16.0,COD,243,3,0,219.0,6,1,1.0,1
5663,Electronics,7153.0,38.0,COD,242,3,0,504.1,4,0,5.0,0
5664,Apparel,1729.0,19.7,COD,282,7,1,178.1,6,1,4.0,1
5665,Apparel,783.0,20.6,Prepaid_UPI,252,6,0,511.9,6,1,5.0,0
5666,Home,2018.0,26.2,Prepaid_Card,87,2,1,272.9,3,1,4.0,0
5667,Apparel,1013.0,7.0,Prepaid_UPI,30,3,0,451.0,3,1,2.0,0
5668,Footwear,2351.0,22.4,Prepaid_UPI,140,3,0,179.3,4,1,4.0,0
5669,Home,4256.0,35.4,Prepaid_Card,168,3,0,419.2,7,0,3.0,0
5670,Footwear,3158.0,26.6,Prepaid_UPI,108,2,0,129.6,3,0,2.0,0
5671,Home,4832.0,36.7,Prepaid_Card,15,1,0,273.5,9,1,3.0,0
5672,Footwear,2427.0,41.0,Prepaid_Card,371,7,0,124.8,1,0,3.0,1
5673,Electronics,18455.0,31.9,Prepaid_Card,338,10,1,163.9,8,1,3.0,0
5674,Home,2347.0,11.3,Prepaid_UPI,19,0,0,120.8,5,1,3.0,0
5675,Electronics,32295.0,16.8,COD,410,10,0,435.2,6,0,1.0,0
5676,Beauty,896.0,51.0,COD,465,9,1,266.2,6,0,4.0,0
5677,Apparel,1929.0,26.7,COD,99,4,0,369.6,1,1,2.0,0
5678,Home,4813.0,24.7,Wallet,64,4,0,373.5,4,0,4.0,0
5679,Footwear,3036.0,9.1,Prepaid_Card,398,6,1,115.3,4,1,,0
5680,Electronics,23485.0,20.6,COD,390,9,3,307.7,7,0,2.0,1
5681,Footwear,4214.0,32.7,COD,64,1,0,616.9,4,0,,0
5682,Electronics,19666.0,22.2,Prepaid_Card,197,5,1,218.7,8,0,4.0,0
5683,Apparel,1169.0,14.2,Prepaid_UPI,414,10,1,284.5,9,0,3.0,0
5684,Home,7176.0,17.7,Wallet,608,9,2,451.9,6,0,4.0,0
5685,Electronics,27695.0,39.9,Prepaid_UPI,184,6,1,200.1,5,1,1.0,0
5686,Apparel,1208.0,32.0,Prepaid_UPI,475,13,2,394.8,2,0,4.0,0
5687,Apparel,872.0,30.0,COD,859,22,4,332.5,6,0,1.0,1
5688,Apparel,841.0,28.6,COD,146,1,0,252.1,4,0,4.0,0
5689,Footwear,3706.0,4.3,Prepaid_Card,214,5,1,287.7,8,1,2.0,1
5690,Footwear,1618.0,26.1,Prepaid_Card,257,5,1,127.5,1,1,,0
5691,Home,344.0,38.0,COD,518,8,1,696.3,3,1,4.0,0
5692,Apparel,435.0,18.1,Prepaid_UPI,71,0,0,215.1,7,1,3.0,0
5693,Electronics,44054.0,36.7,COD,369,6,1,293.0,8,0,1.0,1
5694,Footwear,2739.0,30.2,COD,658,15,1,106.3,6,0,4.0,0
5695,Footwear,2456.0,34.4,COD,71,0,0,338.9,7,0,4.0,1
5696,Apparel,2052.0,22.8,Prepaid_UPI,228,3,0,234.0,5,0,1.0,0
5697,Apparel,1033.0,35.3,Prepaid_UPI,184,3,0,278.3,8,1,3.0,0
5698,Beauty,2018.0,0.0,Prepaid_Card,350,9,1,187.3,5,0,3.0,0
5699,Footwear,3387.0,22.5,Prepaid_UPI,547,18,1,338.3,6,0,2.0,0
5700,Apparel,1259.0,32.7,Prepaid_UPI,72,2,0,372.0,5,1,5.0,0
5701,Footwear,3599.0,26.4,COD,1761,37,9,179.2,4,0,3.0,1
5702,Apparel,2138.0,38.4,Prepaid_UPI,71,0,0,135.4,6,1,2.0,0
5703,Apparel,761.0,19.6,COD,460,12,1,140.4,5,1,4.0,0
5704,Footwear,570.0,13.8,Prepaid_Card,196,2,1,463.0,6,0,2.0,0
5705,Electronics,37180.0,0.0,COD,166,6,1,168.9,1,0,1.0,1
5706,Electronics,18877.0,17.9,Prepaid_Card,32,1,0,425.9,3,1,3.0,0
5707,Beauty,1429.0,29.8,Prepaid_Card,819,18,1,257.4,3,0,4.0,0
5708,Footwear,1390.0,33.4,COD,198,1,0,201.4,1,0,,0
5709,Apparel,1915.0,1.0,Prepaid_Card,488,13,4,70.8,3,1,1.0,0
5710,Home,5853.0,39.6,Prepaid_Card,154,2,0,611.9,6,0,2.0,0
5711,Footwear,4313.0,7.4,Prepaid_Card,38,1,0,245.7,5,1,3.0,1
5712,Home,3959.0,20.2,COD,917,20,5,193.0,7,1,,0
5713,Beauty,2445.0,13.5,COD,159,0,0,254.0,7,0,2.0,0
5714,Home,4234.0,28.3,COD,305,6,1,278.5,7,0,,0
5715,Apparel,1519.0,23.4,Prepaid_UPI,437,7,1,165.1,5,1,4.0,1
5716,Apparel,1613.0,32.2,Prepaid_UPI,2289,50,4,206.6,8,1,2.0,0
5717,Footwear,2459.0,49.7,COD,548,13,7,122.4,3,1,4.0,1
5718,Beauty,1473.0,28.0,Prepaid_UPI,234,7,1,169.1,7,0,4.0,0
5719,Apparel,802.0,13.3,Prepaid_Card,230,5,1,235.3,7,1,,0
5720,Apparel,1052.0,28.9,Wallet,534,10,2,106.0,6,1,5.0,1
5721,Footwear,3308.0,51.2,COD,19,0,0,218.7,5,0,3.0,0
5722,Apparel,470.0,31.8,Prepaid_Card,340,6,2,206.8,3,1,1.0,0
5723,Apparel,1661.0,36.2,Prepaid_Card,378,4,1,176.5,5,0,2.0,0
5724,Footwear,1715.0,0.0,COD,118,3,0,390.6,1,1,2.0,0
5725,Footwear,1587.0,27.8,COD,609,10,1,124.6,7,1,2.0,1
5726,Footwear,3274.0,18.0,COD,893,20,3,255.6,4,1,5.0,0
5727,Home,1955.0,11.8,Prepaid_Card,375,5,2,169.6,4,1,4.0,0
5728,Electronics,43322.0,21.7,Prepaid_UPI,60,0,0,263.3,1,1,1.0,0
5729,Beauty,2478.0,23.6,Prepaid_UPI,336,9,2,257.7,2,0,2.0,0
5730,Apparel,1225.0,12.6,COD,116,3,1,716.3,10,1,1.0,0
5731,Apparel,1123.0,24.8,Prepaid_UPI,1125,21,3,871.3,3,0,1.0,0
5732,Footwear,816.0,19.4,COD,37,0,0,156.3,7,0,,1
5733,Home,6292.0,32.5,Wallet,1904,43,11,228.9,2,0,1.0,0
5734,Footwear,1151.0,25.4,COD,29,0,0,153.7,2,0,5.0,1
5735,Apparel,2079.0,27.6,Prepaid_UPI,535,11,2,255.3,4,1,2.0,0
5736,Beauty,2478.0,36.7,Wallet,221,5,1,158.7,5,0,5.0,0
5737,Home,1243.0,30.3,Prepaid_UPI,536,12,1,153.9,3,1,4.0,0
5738,Home,5559.0,21.9,Prepaid_UPI,61,0,0,190.3,5,1,3.0,1
5739,Beauty,1245.0,0.0,COD,631,14,9,194.3,3,0,5.0,1
5740,Electronics,24902.0,29.7,Prepaid_UPI,111,2,0,53.8,7,0,5.0,0
5741,Home,1683.0,8.3,Prepaid_Card,207,8,0,201.4,9,1,4.0,0
5742,Home,5871.0,20.7,Prepaid_Card,496,11,1,628.6,7,1,1.0,0
5743,Footwear,1166.0,27.6,Wallet,427,10,1,158.0,2,0,1.0,1
5744,Footwear,4041.0,42.0,COD,274,7,0,389.0,5,1,1.0,1
5745,Home,3796.0,49.6,COD,40,0,0,312.0,3,1,3.0,0
5746,Apparel,1543.0,8.2,Wallet,295,5,1,189.2,3,0,3.0,0
5747,Apparel,2059.0,2.3,COD,723,17,2,143.0,6,1,3.0,0
5748,Beauty,1884.0,26.9,COD,88,3,0,119.5,5,1,4.0,0
5749,Beauty,1421.0,25.6,COD,156,8,1,143.1,5,0,1.0,0
5750,Beauty,1096.0,4.0,Prepaid_UPI,356,9,1,103.3,5,1,1.0,0
5751,Apparel,1232.0,21.8,Prepaid_UPI,1,2,0,72.7,3,1,,1
5752,Electronics,16165.0,31.0,COD,432,11,5,134.3,2,0,2.0,0
5753,Footwear,4285.0,3.5,Prepaid_Card,916,19,2,407.8,4,0,4.0,0
5754,Footwear,1511.0,7.1,Prepaid_Card,49,0,0,333.9,4,1,1.0,1
5755,Apparel,1137.0,12.3,Prepaid_UPI,138,1,0,174.4,5,1,4.0,0
5756,Home,6292.0,18.8,Prepaid_UPI,1,1,0,435.9,6,0,4.0,0
5757,Apparel,1056.0,32.4,Wallet,4,3,0,143.6,4,1,1.0,0
5758,Electronics,40034.0,17.1,COD,62,3,0,91.0,5,0,,0
5759,Apparel,838.0,22.8,COD,102,2,0,592.6,7,0,2.0,0
5760,Apparel,456.0,55.7,Prepaid_Card,175,7,1,268.3,4,0,3.0,0
5761,Apparel,1532.0,7.7,Prepaid_Card,606,13,0,314.2,5,1,3.0,0
5762,Beauty,1344.0,12.2,Prepaid_Card,23,0,0,151.4,5,0,1.0,0
5763,Footwear,4232.0,32.2,COD,1565,35,1,161.9,4,1,3.0,0
5764,Beauty,1144.0,36.8,COD,1493,36,6,177.1,2,0,3.0,0
5765,Electronics,7139.0,28.2,Wallet,133,1,0,331.7,2,1,3.0,0
5766,Electronics,15643.0,49.1,COD,316,4,1,26.8,7,1,,0
5767,Electronics,18423.0,26.8,Prepaid_Card,80,2,0,120.6,1,1,1.0,0
5768,Home,4790.0,0.0,Prepaid_UPI,907,22,2,135.7,8,1,5.0,0
5769,Electronics,13223.0,23.5,COD,382,3,0,356.2,3,0,1.0,1
5770,Footwear,2701.0,13.4,COD,51,3,1,831.7,1,0,4.0,1
5771,Footwear,4132.0,42.8,COD,7,0,0,209.4,3,0,4.0,0
5772,Footwear,2195.0,36.5,Prepaid_Card,231,7,1,117.7,1,0,,0
5773,Apparel,1573.0,0.0,COD,730,12,3,112.1,1,1,,0
5774,Electronics,11226.0,42.3,Prepaid_Card,61,0,0,249.4,5,1,2.0,0
5775,Apparel,1842.0,36.1,COD,187,5,0,478.8,1,1,3.0,1
5776,Apparel,885.0,17.1,COD,244,8,3,384.9,1,0,1.0,1
5777,Home,4764.0,20.8,COD,750,17,1,288.4,5,1,,0
5778,Home,2612.0,42.9,COD,131,8,1,108.1,5,1,2.0,0
5779,Footwear,770.0,0.0,COD,91,0,0,250.9,6,1,2.0,0
5780,Apparel,975.0,28.7,Wallet,435,8,5,85.9,5,0,2.0,0
5781,Beauty,648.0,38.4,COD,418,9,0,519.8,4,1,5.0,0
5782,Beauty,2248.0,20.7,Prepaid_Card,390,8,0,151.8,6,0,3.0,0
5783,Electronics,12858.0,31.7,Prepaid_Card,168,4,0,185.5,6,1,,0
5784,Footwear,4398.0,23.5,Prepaid_UPI,13,0,0,441.1,5,0,1.0,0
5785,Apparel,1286.0,10.2,Prepaid_Card,217,6,0,180.7,6,1,5.0,0
5786,Footwear,1384.0,9.9,COD,494,12,1,534.4,1,1,3.0,1
5787,Footwear,2065.0,32.7,Prepaid_Card,597,16,0,14.0,4,1,2.0,0
5788,Footwear,1234.0,12.5,COD,89,1,0,140.4,8,1,5.0,0
5789,Footwear,3835.0,0.0,Prepaid_UPI,963,22,8,338.2,3,0,3.0,0
5790,Electronics,6455.0,23.8,COD,417,10,1,370.8,6,1,3.0,1
5791,Footwear,3994.0,14.3,Prepaid_UPI,554,12,4,146.5,5,1,4.0,0
5792,Home,654.0,4.0,Prepaid_Card,237,5,0,100.8,3,0,1.0,0
5793,Apparel,939.0,23.1,Prepaid_Card,889,16,2,292.7,5,1,3.0,0
5794,Apparel,652.0,33.5,COD,246,6,2,214.8,3,1,,0
5795,Footwear,3241.0,22.3,Prepaid_UPI,1599,37,11,38.4,3,0,5.0,1
5796,Home,4245.0,6.0,Prepaid_UPI,352,8,2,104.8,3,0,5.0,0
5797,Electronics,42343.0,29.2,Prepaid_Card,1168,24,5,340.7,3,0,3.0,0
5798,Beauty,1011.0,37.5,COD,118,0,0,283.2,2,0,5.0,0
5799,Home,614.0,55.2,COD,232,6,0,160.8,3,1,3.0,1
5800,Electronics,34561.0,43.6,COD,163,4,2,94.4,5,0,2.0,0
5801,Electronics,26582.0,6.9,Prepaid_UPI,1,3,0,318.9,4,0,3.0,1
5802,Home,6671.0,34.9,COD,415,6,1,412.7,4,0,3.0,0
5803,Footwear,2205.0,25.8,Prepaid_UPI,55,0,0,292.3,10,1,3.0,0
5804,Home,5984.0,4.7,Prepaid_UPI,24,0,0,121.2,6,0,2.0,0
5805,Electronics,8693.0,26.3,Prepaid_UPI,687,17,2,160.7,1,0,5.0,0
5806,Footwear,4498.0,50.8,Prepaid_UPI,1324,32,1,632.4,5,1,5.0,0
5807,Home,1637.0,39.9,Prepaid_Card,1469,36,9,238.7,5,0,,1
5808,Footwear,3819.0,6.8,Prepaid_Card,428,11,2,683.3,12,0,2.0,1
5809,Apparel,782.0,22.2,COD,8,2,0,163.4,5,1,,0
5810,Footwear,3630.0,29.4,Prepaid_UPI,116,3,1,210.3,9,1,3.0,0
5811,Electronics,38923.0,0.0,Wallet,602,15,2,91.6,4,1,4.0,0
5812,Apparel,1978.0,0.0,Prepaid_Card,142,3,1,110.7,3,1,3.0,0
5813,Home,3963.0,24.3,Wallet,476,12,3,92.8,2,0,4.0,0
5814,Home,3602.0,24.5,Wallet,1256,32,5,118.7,6,1,1.0,0
5815,Electronics,37720.0,0.0,Prepaid_Card,149,4,0,317.9,2,0,5.0,0
5816,Footwear,2818.0,27.8,Prepaid_UPI,130,3,0,619.9,3,1,3.0,0
5817,Apparel,1518.0,38.3,Prepaid_Card,60,2,0,239.2,6,0,3.0,0
5818,Apparel,825.0,18.7,COD,333,7,1,61.4,4,1,3.0,1
5819,Electronics,20742.0,22.9,COD,280,7,1,204.7,5,0,5.0,0
5820,Electronics,17382.0,30.6,Prepaid_Card,786,17,0,186.1,2,0,2.0,0
5821,Home,5423.0,28.6,Prepaid_UPI,462,13,3,353.8,1,1,2.0,0
5822,Footwear,1286.0,0.0,COD,546,14,2,103.3,7,0,1.0,0
5823,Footwear,2123.0,8.4,Prepaid_UPI,159,8,1,207.1,7,1,3.0,0
5824,Apparel,1928.0,16.1,Prepaid_Card,880,20,5,459.4,4,1,3.0,1
5825,Electronics,25134.0,9.1,Prepaid_UPI,659,15,5,640.3,5,0,2.0,0
5826,Apparel,2013.0,44.0,COD,723,17,2,255.7,2,0,5.0,1
5827,Home,2090.0,31.5,Prepaid_Card,1190,27,3,302.2,4,0,2.0,0
5828,Apparel,1192.0,5.4,COD,588,15,2,309.8,10,0,,0
5829,Electronics,23118.0,18.8,COD,660,11,2,158.6,8,1,5.0,1
5830,Footwear,2102.0,39.0,COD,909,21,4,350.0,5,0,2.0,0
5831,Home,5571.0,12.3,COD,665,19,1,146.6,1,0,3.0,0
5832,Apparel,668.0,34.8,COD,576,16,2,235.4,6,1,4.0,0
5833,Electronics,23950.0,42.7,Prepaid_Card,286,9,3,57.3,4,1,2.0,0
5834,Home,1369.0,40.2,Prepaid_Card,69,3,0,101.0,4,1,4.0,0
5835,Home,5145.0,24.7,COD,88,1,0,179.4,4,1,,0
5836,Apparel,1894.0,40.8,Prepaid_UPI,39,0,0,202.9,9,1,5.0,0
5837,Footwear,580.0,14.2,Prepaid_Card,590,12,2,155.2,5,0,4.0,0
5838,Electronics,21214.0,59.3,Wallet,145,1,0,208.3,7,0,4.0,0
5839,Electronics,22780.0,25.6,Prepaid_Card,807,20,4,74.8,5,1,5.0,0
5840,Apparel,1696.0,39.2,COD,115,5,0,59.0,5,1,2.0,0
5841,Electronics,4473.0,16.6,Wallet,24,1,0,367.7,6,0,3.0,0
5842,Electronics,18984.0,29.5,Prepaid_UPI,365,10,1,372.1,4,1,5.0,1
5843,Apparel,1814.0,30.2,Prepaid_Card,563,13,0,140.4,2,0,1.0,0
5844,Home,4398.0,8.1,Prepaid_Card,158,5,0,232.7,8,0,2.0,0
5845,Electronics,34043.0,7.6,Prepaid_Card,324,3,1,160.5,1,0,4.0,1
5846,Footwear,1956.0,18.9,Prepaid_Card,9,1,0,177.7,5,0,1.0,1
5847,Beauty,2312.0,38.6,Prepaid_UPI,45,0,0,218.6,9,0,5.0,1
5848,Apparel,539.0,0.0,Prepaid_Card,139,3,1,187.4,5,1,3.0,0
5849,Apparel,564.0,16.6,COD,366,9,2,394.8,6,0,,0
5850,Footwear,2614.0,41.6,COD,9,0,0,300.0,6,0,5.0,0
5851,Beauty,1256.0,3.5,COD,5,0,0,181.1,7,0,5.0,0
5852,Footwear,3054.0,40.8,COD,841,17,2,258.5,7,1,,0
5853,Apparel,812.0,5.1,COD,545,9,1,350.9,1,1,2.0,0
5854,Apparel,807.0,8.3,Prepaid_UPI,125,0,0,144.9,7,0,4.0,0
5855,Apparel,1748.0,19.8,COD,247,3,0,432.9,4,1,4.0,0
5856,Footwear,1667.0,50.1,COD,626,11,3,166.9,3,1,,0
5857,Home,5900.0,12.4,COD,983,23,3,579.4,2,1,4.0,1
5858,Electronics,29263.0,0.0,Prepaid_Card,201,3,1,262.0,5,1,,0
5859,Home,942.0,1.0,Prepaid_Card,756,13,4,19.9,3,1,3.0,0
5860,Apparel,1680.0,36.0,Prepaid_Card,53,0,0,80.4,5,0,1.0,0
5861,Home,7072.0,1.7,Wallet,149,1,0,121.7,4,0,4.0,0
5862,Apparel,1870.0,39.8,Wallet,505,14,3,107.1,5,0,1.0,0
5863,Home,368.0,23.0,Prepaid_UPI,524,12,3,296.4,6,1,2.0,0
5864,Footwear,2659.0,21.5,Prepaid_UPI,452,7,1,138.3,7,1,5.0,0
5865,Home,7333.0,26.5,COD,2374,54,14,261.6,7,0,,1
5866,Electronics,27424.0,10.0,Prepaid_Card,243,6,1,284.9,8,1,3.0,0
5867,Footwear,1661.0,24.1,COD,22,0,0,206.8,4,1,,1
5868,Home,1798.0,4.1,Prepaid_UPI,48,4,1,477.5,3,0,5.0,0
5869,Apparel,1633.0,42.2,COD,790,16,3,272.0,4,1,2.0,0
5870,Apparel,1788.0,6.6,COD,751,19,1,62.2,3,0,1.0,0
5871,Home,7327.0,28.6,COD,477,10,0,273.5,2,0,3.0,1
5872,Apparel,2030.0,6.5,Prepaid_Card,22,0,0,203.2,4,1,4.0,0
5873,Apparel,1011.0,14.0,Prepaid_UPI,694,14,3,797.9,6,0,1.0,1
5874,Apparel,1487.0,16.4,COD,493,10,2,44.1,7,1,,0
5875,Apparel,583.0,66.7,Prepaid_Card,293,6,1,422.7,4,1,,0
5876,Electronics,5337.0,21.8,COD,713,12,3,315.0,7,1,1.0,0
5877,Home,850.0,9.7,Prepaid_UPI,92,3,0,183.4,5,1,3.0,0
5878,Apparel,2069.0,15.3,COD,671,15,0,147.4,1,1,2.0,0
5879,Home,1474.0,0.0,COD,220,2,0,402.2,2,1,,0
5880,Apparel,1268.0,19.6,Prepaid_Card,46,2,0,262.2,5,1,1.0,0
5881,Apparel,1180.0,49.8,Prepaid_Card,879,22,5,31.4,1,0,1.0,0
5882,Apparel,985.0,27.0,Prepaid_UPI,305,5,0,542.8,2,1,5.0,0
5883,Footwear,2651.0,35.6,Prepaid_Card,302,5,0,224.9,1,0,5.0,0
5884,Beauty,157.0,8.4,Wallet,76,4,1,460.8,4,0,4.0,0
5885,Electronics,17851.0,18.9,COD,281,7,1,230.8,5,0,1.0,0
5886,Apparel,1263.0,25.1,COD,189,4,1,169.4,1,1,5.0,1
5887,Apparel,1846.0,11.1,Wallet,383,10,2,247.3,6,0,1.0,0
5888,Apparel,1662.0,28.0,COD,1012,23,1,615.4,5,1,1.0,0
5889,Footwear,3899.0,31.2,Prepaid_UPI,204,7,1,192.3,2,1,1.0,1
5890,Apparel,1077.0,30.1,COD,415,9,4,128.3,5,1,4.0,0
5891,Beauty,481.0,19.7,Prepaid_Card,669,16,4,240.8,3,0,3.0,0
5892,Home,3388.0,38.4,COD,94,4,1,481.4,3,1,1.0,1
5893,Electronics,43382.0,18.1,Prepaid_Card,76,0,0,169.0,2,1,3.0,0
5894,Footwear,1357.0,16.8,Prepaid_UPI,898,22,2,930.7,4,1,1.0,0
5895,Apparel,715.0,43.6,COD,2500,55,11,56.2,4,1,4.0,0
5896,Footwear,4277.0,5.4,COD,793,19,3,287.5,4,0,5.0,1
5897,Apparel,2110.0,0.0,COD,455,13,2,223.5,4,1,5.0,1
5898,Footwear,1097.0,9.0,COD,2,0,0,147.4,5,1,1.0,0
5899,Electronics,34902.0,27.8,COD,181,3,0,560.2,4,0,3.0,1
5900,Apparel,1174.0,41.3,Wallet,53,1,0,274.2,1,0,5.0,1
5901,Footwear,2469.0,12.1,COD,921,18,2,507.0,4,1,5.0,1
5902,Apparel,1298.0,49.2,Prepaid_Card,488,15,0,129.4,2,1,5.0,0
5903,Apparel,2143.0,22.4,Prepaid_Card,1030,23,4,221.2,7,0,1.0,0
5904,Footwear,1239.0,20.3,COD,101,6,2,98.2,5,0,1.0,0
5905,Electronics,35060.0,9.3,COD,365,7,3,492.2,7,1,2.0,1
5906,Footwear,523.0,51.3,Prepaid_UPI,224,5,1,145.1,3,1,5.0,0
5907,Home,5140.0,19.7,Prepaid_Card,48,3,0,111.9,6,1,1.0,0
5908,Home,5326.0,2.0,Prepaid_UPI,334,5,0,428.8,2,0,3.0,0
5909,Apparel,1757.0,58.9,COD,682,15,2,513.1,4,1,2.0,0
5910,Apparel,2067.0,27.9,Prepaid_Card,413,11,2,214.2,2,1,4.0,1
5911,Beauty,1922.0,34.0,Prepaid_UPI,1038,23,1,449.4,6,0,4.0,0
5912,Apparel,1718.0,47.2,Prepaid_UPI,339,7,1,276.0,8,0,5.0,0
5913,Electronics,12316.0,31.2,Wallet,111,5,1,297.2,5,0,4.0,0
5914,Apparel,2187.0,36.6,COD,50,4,1,110.2,1,0,4.0,0
5915,Apparel,1243.0,22.8,Wallet,410,12,1,128.8,3,0,3.0,0
5916,Home,3514.0,33.0,Prepaid_UPI,101,1,0,374.2,11,0,5.0,0
5917,Footwear,2508.0,21.5,Prepaid_UPI,954,20,2,184.2,6,0,2.0,0
5918,Footwear,2076.0,21.7,Prepaid_UPI,1135,24,2,61.1,3,0,5.0,0
5919,Footwear,2875.0,23.8,Wallet,503,13,0,287.2,7,0,1.0,0
5920,Apparel,1029.0,16.0,Prepaid_Card,324,5,1,221.3,5,0,2.0,0
5921,Electronics,11710.0,29.6,Prepaid_UPI,9,0,0,159.3,10,1,1.0,0
5922,Apparel,2070.0,29.5,Prepaid_UPI,7,0,0,71.4,5,0,4.0,0
5923,Footwear,4211.0,34.3,Prepaid_UPI,650,13,5,206.4,4,1,4.0,1
5924,Apparel,1293.0,31.6,Prepaid_UPI,346,9,1,213.6,4,1,2.0,0
5925,Home,7709.0,52.0,COD,603,15,2,232.9,4,0,,1
5926,Apparel,1148.0,37.8,COD,16,0,0,33.4,3,1,1.0,0
5927,Footwear,2050.0,18.9,COD,69,1,0,340.1,2,1,4.0,0
5928,Footwear,4168.0,28.8,Prepaid_UPI,738,11,3,276.2,3,0,2.0,0
5929,Footwear,3032.0,43.2,Prepaid_UPI,319,6,2,77.1,6,1,4.0,0
5930,Apparel,1773.0,7.8,Prepaid_UPI,421,12,0,324.1,4,0,1.0,0
5931,Beauty,1120.0,52.2,Prepaid_UPI,646,13,1,306.5,3,1,1.0,0
5932,Apparel,1133.0,10.4,Prepaid_Card,137,1,0,274.8,2,0,3.0,1
5933,Apparel,550.0,35.5,COD,115,5,1,162.9,6,0,,1
5934,Apparel,2140.0,22.1,Prepaid_Card,273,4,0,384.5,8,1,1.0,1
5935,Apparel,810.0,21.2,Prepaid_UPI,19,4,2,536.4,3,1,5.0,0
5936,Home,4106.0,2.5,Prepaid_Card,1401,37,16,210.0,3,0,1.0,0
5937,Apparel,606.0,35.6,Prepaid_UPI,328,7,1,99.6,2,0,4.0,0
5938,Electronics,29537.0,2.7,Wallet,21,3,0,126.0,6,1,5.0,1
5939,Home,3310.0,0.4,COD,137,0,0,113.1,7,0,2.0,0
5940,Footwear,3571.0,39.4,Prepaid_UPI,506,8,1,269.1,5,1,,0
5941,Home,4369.0,48.8,Prepaid_Card,416,8,1,280.2,2,0,1.0,0
5942,Home,1297.0,12.0,Prepaid_Card,347,9,1,34.3,5,0,4.0,0
5943,Apparel,419.0,37.0,COD,1573,35,4,145.8,5,0,5.0,0
5944,Footwear,1350.0,33.9,COD,20,0,0,274.8,5,1,5.0,0
5945,Apparel,1704.0,20.6,COD,657,12,2,262.3,2,1,2.0,0
5946,Apparel,1891.0,42.0,Prepaid_Card,23,0,0,153.1,2,0,,0
5947,Apparel,1014.0,19.5,COD,123,1,0,234.0,1,0,,0
5948,Home,4427.0,29.8,Prepaid_Card,265,4,0,895.2,7,1,3.0,0
5949,Electronics,11713.0,3.2,Prepaid_Card,299,5,1,235.4,7,0,3.0,0
5950,Home,7079.0,3.8,Prepaid_Card,457,11,3,113.4,1,0,3.0,0
5951,Electronics,43476.0,39.5,Prepaid_UPI,219,3,1,187.1,3,0,1.0,1
5952,Electronics,34179.0,30.3,Prepaid_Card,44,1,0,424.7,3,1,,0
5953,Electronics,5093.0,19.9,COD,439,6,1,175.7,7,1,5.0,0
5954,Apparel,1187.0,50.6,Wallet,235,6,2,212.7,5,1,2.0,0
5955,Electronics,44584.0,50.5,Prepaid_UPI,485,11,1,496.2,8,1,3.0,0
5956,Home,2066.0,28.6,Prepaid_UPI,482,10,1,114.5,4,0,3.0,0
5957,Home,5463.0,0.2,Prepaid_UPI,158,4,1,256.7,2,0,1.0,0
5958,Apparel,2089.0,20.3,COD,474,12,0,186.8,3,1,3.0,0
5959,Home,6254.0,9.5,Prepaid_UPI,232,2,0,289.5,2,0,4.0,0
5960,Apparel,1496.0,23.3,COD,1027,23,1,182.7,7,1,3.0,0
5961,Apparel,1312.0,8.0,Prepaid_Card,358,5,0,88.3,9,0,4.0,0
5962,Apparel,2072.0,4.1,COD,178,4,1,105.1,6,1,2.0,0
5963,Electronics,18489.0,0.0,Prepaid_UPI,98,2,0,471.6,3,1,5.0,0
5964,Apparel,2022.0,24.5,COD,30,1,0,248.3,5,0,4.0,0
5965,Home,3619.0,0.0,COD,99,4,0,202.8,1,1,3.0,1
5966,Apparel,1762.0,17.2,COD,74,3,0,546.8,4,0,5.0,0
5967,Footwear,4163.0,32.4,Prepaid_UPI,257,8,0,295.3,1,0,1.0,0
5968,Apparel,1391.0,11.2,COD,14,0,0,173.5,6,1,5.0,0
5969,Home,2686.0,5.7,Prepaid_Card,2,1,0,275.1,4,0,3.0,0
5970,Footwear,704.0,21.0,COD,86,3,0,467.7,6,0,2.0,0
5971,Electronics,36646.0,9.6,Prepaid_UPI,427,9,0,373.9,6,1,4.0,1
5972,Apparel,1520.0,24.8,COD,779,18,3,178.2,3,1,,1
5973,Electronics,12721.0,6.5,Wallet,118,2,0,258.0,7,1,4.0,0
5974,Beauty,2212.0,20.4,COD,106,5,1,209.4,2,1,5.0,0
5975,Beauty,2313.0,16.8,COD,365,10,4,786.2,10,1,3.0,0
5976,Apparel,1997.0,21.8,COD,272,5,0,765.4,2,0,2.0,1
5977,Footwear,2906.0,46.5,COD,1038,22,1,369.3,6,1,4.0,1
5978,Electronics,43974.0,25.0,Prepaid_Card,352,10,2,132.2,7,0,1.0,0
5979,Apparel,1975.0,29.6,COD,256,8,1,384.1,5,0,1.0,0
5980,Home,1103.0,12.6,Prepaid_UPI,422,10,0,70.3,2,0,2.0,0
5981,Electronics,44172.0,25.3,Prepaid_Card,150,5,0,65.1,3,1,2.0,0
5982,Electronics,25238.0,17.9,COD,571,15,2,262.3,2,0,3.0,0
5983,Footwear,4180.0,22.4,Prepaid_Card,714,16,2,257.6,4,0,4.0,0
5984,Electronics,34503.0,31.7,COD,21,1,0,265.6,6,1,1.0,0
5985,Home,5286.0,14.5,COD,412,10,3,333.6,6,1,,1
5986,Electronics,15508.0,16.0,COD,638,13,1,194.0,5,1,1.0,0
5987,Apparel,449.0,14.7,COD,51,5,1,394.2,1,0,5.0,0
5988,Electronics,13321.0,14.4,COD,69,1,0,180.5,8,0,2.0,0
5989,Beauty,1762.0,24.6,Wallet,422,10,1,267.6,4,1,5.0,0
5990,Electronics,39004.0,16.5,Prepaid_UPI,456,14,0,142.8,4,1,3.0,0
5991,Apparel,404.0,44.5,Wallet,339,4,0,208.8,5,0,5.0,0
5992,Home,1901.0,62.2,COD,918,21,4,175.1,1,1,4.0,0
5993,Beauty,1732.0,13.5,Prepaid_UPI,8,0,0,210.8,4,0,3.0,1
5994,Beauty,817.0,26.4,COD,221,5,1,341.4,4,0,5.0,1
5995,Home,1391.0,37.6,COD,146,1,0,386.4,4,0,,0
5996,Electronics,4789.0,18.0,Prepaid_UPI,188,3,0,414.7,7,0,,0
5997,Home,5212.0,7.1,COD,411,9,3,180.5,2,1,3.0,1
5998,Footwear,2879.0,48.1,COD,207,5,0,288.7,4,1,4.0,1
5999,Footwear,3934.0,32.3,Prepaid_UPI,620,16,1,143.0,3,1,4.0,0
6000,Footwear,1759.0,26.8,Prepaid_Card,392,4,0,330.2,4,0,,0
